Gene,Global_Importance
NEXN,1.0814689e-05
EIF3J,1.0732499e-05
CCDC47,1.0589486e-05
SUCLG2,1.0446072e-05
RMDN3,1.0163133e-05
SCAMP4,1.0123909e-05
AP3B1,1.0047162e-05
TCEA1P2,1.0025479e-05
SERBP1,9.842218e-06
SLC4A2,9.786518e-06
PBDC1,9.72805e-06
NFE2L2,9.724629e-06
HSPA9,9.686365e-06
GOLM2,9.5961095e-06
PDIA3,9.57715e-06
TMEM87A,9.5457945e-06
RAB3GAP2,9.514896e-06
SLC16A1,9.480524e-06
LFNG,9.459852e-06
GTF2F1,9.3725275e-06
RNA5SP245,9.355302e-06
ABCD3,9.285628e-06
PUDP,9.245103e-06
NCSTN,9.15211e-06
ZNHIT6,9.142244e-06
USP8,9.081087e-06
NADK2,9.065e-06
MFAP1,9.064665e-06
TP53BP2,9.057491e-06
PLEKHA4,9.036951e-06
ACSL3,8.966751e-06
NFIC,8.928204e-06
ZNF784,8.851139e-06
DDR1,8.844031e-06
HAUS2,8.821352e-06
EPRS1,8.82078e-06
RUFY1,8.815146e-06
GBP1,8.811036e-06
TMBIM6,8.79813e-06
ITPR2,8.78088e-06
FAM98B,8.774544e-06
VPS18,8.770081e-06
BPNT2,8.750859e-06
ARHGEF6,8.706114e-06
DARS1,8.70608e-06
CTH,8.693537e-06
ERP29,8.685594e-06
HS2ST1,8.681313e-06
LAMA2,8.674384e-06
IQGAP1,8.66458e-06
PRG4,8.6638265e-06
CANX,8.661127e-06
MESD,8.643555e-06
PPP1CB,8.627876e-06
NUCLEOLIN,8.617087e-06
ANP32E,8.60585e-06
KLHDC10,8.602177e-06
ABHD4,8.588952e-06
SFXN5,8.578219e-06
WLS,8.577785e-06
HOXB4,8.577174e-06
ADGRG7,8.530187e-06
PARD3,8.474523e-06
ZC3HAV1,8.449407e-06
RNU6-339P,8.441788e-06
CEMIP,8.441348e-06
IGKV1D-17,8.434395e-06
NT5E,8.417548e-06
TMUB1,8.416261e-06
BSG-AS1,8.396394e-06
MLC1,8.3961795e-06
GPR37L1,8.374956e-06
OSR2,8.374657e-06
UTRN,8.35499e-06
BICC1,8.353683e-06
SBDS,8.349494e-06
RASSF8,8.310082e-06
PLPP3,8.308861e-06
TGFB2,8.296453e-06
CACNG6,8.293235e-06
VIM,8.282354e-06
NR1H2,8.272392e-06
RGMA,8.2672295e-06
LEO1,8.254265e-06
ADAMTS3,8.230867e-06
SEMA6D,8.226693e-06
DAG1,8.207727e-06
CHP1,8.193474e-06
ANKRD42,8.160841e-06
MIR6813,8.150015e-06
FEM1C,8.1388125e-06
SIPA1L2,8.133659e-06
HOXB8,8.1293565e-06
EIF4BP6,8.109774e-06
GLUD1,8.107858e-06
SYF2,8.089704e-06
EIF2AK4,8.064561e-06
TAP1,8.06154e-06
SLC3A2,8.032074e-06
SMO,8.003634e-06
NFE2L1,7.9946285e-06
TMEM209,7.992051e-06
TRAF6,7.991421e-06
FGFRL1,7.950925e-06
SOX21,7.948476e-06
ZNF521,7.943425e-06
PLAG1,7.940643e-06
ZFAND3,7.938891e-06
ELOVL5,7.936121e-06
MIR425,7.9113815e-06
JAM2,7.909912e-06
FTSJ3,7.908184e-06
TMOD3,7.900938e-06
IRS2,7.896511e-06
TIMP4,7.8765515e-06
TNPO3,7.867654e-06
CTNNA1,7.851839e-06
CRADD-AS1,7.851646e-06
CMPK1,7.84226e-06
IQGAP2,7.842132e-06
PMS2,7.825732e-06
LINC02813,7.812484e-06
ENSAP2,7.786739e-06
ARHGAP19,7.779183e-06
GNG5,7.774098e-06
MCCC2,7.771598e-06
ANO6,7.7706545e-06
KIAA1671,7.745138e-06
OGN,7.744507e-06
POR,7.743551e-06
RRBP1,7.743153e-06
SH3GLB1,7.738417e-06
EIF2AK3,7.732805e-06
TP53RK-DT,7.7262375e-06
RDX,7.724514e-06
OSTM1-AS1,7.717841e-06
LAP3,7.710159e-06
CEP112,7.707059e-06
MKNK2,7.683891e-06
TAAR3P,7.683766e-06
HSDL2,7.668429e-06
CS,7.664845e-06
BAHD1,7.65343e-06
GNL2,7.65064e-06
LRP10,7.645204e-06
PCSK5,7.641598e-06
HDGF,7.627588e-06
SRMS,7.6151855e-06
TPP1,7.613669e-06
SHH,7.610671e-06
MOCS1,7.5988673e-06
TARS1,7.5535286e-06
POFUT1,7.545476e-06
INO80,7.54015e-06
EFCAB14,7.5284393e-06
DOCK7,7.5269663e-06
MEX3C,7.519439e-06
MTM1,7.513363e-06
SMOX,7.512242e-06
IPO9,7.509552e-06
PIGS,7.505946e-06
OTUD7B,7.504571e-06
RHOBTB2-AS1,7.502345e-06
SLC6A9,7.501221e-06
CRTC3,7.496791e-06
RNU6-969P,7.4871223e-06
SF3A1,7.478679e-06
RNU1-56P,7.4786412e-06
CHST10,7.4726145e-06
RNU2-58P,7.4713003e-06
PFKM,7.463177e-06
RN7SL689P,7.4611826e-06
TSKU,7.4467e-06
DLAT,7.4438976e-06
EIF4H,7.4421537e-06
PLEKHG1,7.441953e-06
ERAP1,7.4377804e-06
RASEF,7.436211e-06
LAMB2,7.4311606e-06
EIF5B,7.426294e-06
NEK6,7.4248533e-06
FGF10,7.4206923e-06
SLC38A12,7.4114105e-06
GNA12,7.4086806e-06
MAPK4,7.4027694e-06
MAPK1,7.402223e-06
HTR1D,7.4003215e-06
RHPN2,7.399691e-06
BHLHE40,7.382672e-06
NFKBIB,7.377897e-06
RNA5SP473,7.3711076e-06
PTPN14,7.367374e-06
HECTD3,7.3560946e-06
BBOX1,7.354571e-06
SLC39A7,7.351695e-06
PGM5P4,7.351205e-06
CEACAM16-AS1,7.349961e-06
STT3A,7.345977e-06
KCTD20,7.3450856e-06
MIR1276,7.333834e-06
ADORA1,7.328808e-06
ARHGAP20,7.3276246e-06
YARS1,7.325988e-06
ZC3HC1,7.3233837e-06
GJA3,7.3035712e-06
TM9SF4,7.2989064e-06
BCL2L13,7.297064e-06
STK38,7.282129e-06
NSRP1,7.2810144e-06
GPATCH4,7.2697017e-06
CLIC4,7.2637463e-06
LRRC42,7.2634416e-06
ROR1,7.2553307e-06
SORD,7.2523703e-06
PTP4A2,7.250784e-06
HIP1,7.2502025e-06
SLC16A2,7.244289e-06
SLC2A10,7.2440234e-06
DGCR2,7.244003e-06
ITGA6,7.2312055e-06
ADAM9,7.2259977e-06
TBL1X,7.2237144e-06
GJA1P1,7.213892e-06
MIR7152,7.2071275e-06
SRGAP2C,7.199902e-06
MIR6806,7.1969116e-06
FBXW8,7.1894474e-06
LRRC59,7.1855166e-06
PDIA3P1,7.180103e-06
INHBB,7.1726313e-06
XYLT2,7.168386e-06
RNU2-5P,7.1648014e-06
EIF3A,7.162461e-06
AHCYL2,7.148975e-06
TOR1AIP1,7.1407608e-06
MANBA,7.128342e-06
SPRED1,7.12634e-06
IGKV1-33,7.1238637e-06
GBP2,7.1237573e-06
WASL,7.117437e-06
FAT1,7.115706e-06
CAST,7.114956e-06
LOXL4,7.114654e-06
SNX33,7.114426e-06
DPY19L3,7.1088352e-06
SEPTIN14P24,7.099855e-06
SEPTIN7P6,7.097908e-06
MAP1LC3C,7.0935384e-06
UBE2H,7.092245e-06
TJP1,7.073233e-06
MAP7D3,7.070234e-06
IGKV5-2,7.067204e-06
FOXD2,7.056922e-06
SMS,7.0569163e-06
SPRING1,7.0542474e-06
MIR6071,7.0446304e-06
PAPPA,7.043037e-06
MYO5C,7.0420374e-06
ERBIN,7.040698e-06
SLC39A14,7.0335045e-06
RNU6-130P,7.0332835e-06
GANAB,7.0290243e-06
SLC13A4,7.0176225e-06
XIST,7.000064e-06
SLC1A3,6.9986713e-06
RRAGC,6.9968596e-06
CCDC86,6.987351e-06
BCRP9,6.9864727e-06
ECI2,6.9862294e-06
PCDHGB1,6.982533e-06
HNRNPA1P7,6.974461e-06
ALDH4A1,6.972625e-06
ZBTB42,6.971753e-06
TNC,6.9697853e-06
PBXIP1,6.968983e-06
MIR6769A,6.9678144e-06
BATF2,6.9662146e-06
USP1,6.9657303e-06
LOC112268449,6.9656003e-06
ZNRF3,6.962753e-06
ARMC3,6.9518087e-06
ADIPOR2,6.950553e-06
MRPL37,6.950288e-06
LOC124902694,6.949367e-06
AK4,6.9388543e-06
OPA3,6.9363387e-06
AGFG2,6.9278344e-06
PARP1,6.9264524e-06
MCCC1,6.9250023e-06
BCR,6.9226144e-06
HTRA1,6.921464e-06
RNU7-170P,6.9152215e-06
CXCL6,6.9139614e-06
ACBD3,6.9073603e-06
ABHD2,6.9030243e-06
MCL1,6.8951654e-06
SLC4A4,6.8893037e-06
CPP,6.8863324e-06
PARS2,6.8863083e-06
SEC14L1,6.8808877e-06
RFX2,6.8790005e-06
RNASEL,6.872696e-06
IGHV5-10-1,6.8702975e-06
ZFP36L2,6.869794e-06
TSPAN3,6.868485e-06
STAT3,6.864676e-06
DDX23,6.8566183e-06
MUL1,6.8551976e-06
LINC00997,6.8516742e-06
MCM3,6.846122e-06
ARHGEF26,6.844875e-06
SCAANT1,6.843258e-06
BDH2P1,6.8356367e-06
TULP3,6.833801e-06
TRIM47,6.8281065e-06
NEDD9,6.8270974e-06
YWHAEP1,6.8216914e-06
ZNF790,6.8185227e-06
TMEM164,6.813897e-06
ISG20L2,6.8114296e-06
GLIS3,6.80664e-06
SF3B2,6.80598e-06
YAP1-DT,6.80556e-06
LRIG1,6.8040135e-06
SEPTIN7,6.7931637e-06
RAB9A,6.7923384e-06
ORMDL3,6.782556e-06
ASTN1,6.776842e-06
TAP2,6.767548e-06
NES,6.7635715e-06
GNG12,6.7623473e-06
TSR2,6.75741e-06
MED29,6.754862e-06
NUAK2,6.754335e-06
SLC25A1,6.752845e-06
CLPTM1,6.7463625e-06
GALNT10,6.7457163e-06
MLEC,6.744477e-06
PTGFRN,6.742579e-06
FOXC1,6.741157e-06
STAU1,6.7309797e-06
GLIPR1-AS1,6.7300416e-06
UTP3,6.729182e-06
CWF19L2,6.718925e-06
SPCS2P4,6.716655e-06
SOCS2,6.71543e-06
ABCF1,6.713424e-06
NBPF26,6.711073e-06
DUS4L-BCAP29,6.710944e-06
IARS2,6.7024057e-06
GAS2L1,6.6934385e-06
PCNPP5,6.6925995e-06
DDAH1,6.688403e-06
MOB3A,6.6856837e-06
APOL1,6.68424e-06
SLC35F6,6.683588e-06
TEX261,6.681852e-06
CNOT12,6.680982e-06
PCDHB3,6.680633e-06
NOTCH2,6.680278e-06
SNORA14A,6.678738e-06
GLI3,6.664665e-06
NRDC,6.6642697e-06
ZMPSTE24,6.6570874e-06
SLC35A4,6.6565285e-06
CTR9,6.6536627e-06
GUCD1,6.6405796e-06
GATA6,6.6384578e-06
RRAGD,6.6382527e-06
PKP2,6.634825e-06
SERBP1P5,6.6309613e-06
LGALS3BP,6.624669e-06
SCARA5,6.622882e-06
LHFPL6,6.6194843e-06
KANK2,6.617272e-06
ERGIC1,6.614466e-06
C7,6.613524e-06
PLIN3,6.611732e-06
ENDOD1,6.609351e-06
ZW10,6.6089247e-06
FAM3C2P,6.604237e-06
PHF13,6.601515e-06
GAPDHP38,6.5997892e-06
CD9,6.5978957e-06
LARS2,6.596371e-06
EMP1,6.595721e-06
UNC119B,6.583972e-06
KIAA2013,6.583046e-06
SLC16A6,6.5802396e-06
MIR6730,6.5785953e-06
ZFYVE9,6.5778863e-06
MIR298,6.5749978e-06
NOL10,6.572942e-06
SLC71A2,6.5666145e-06
RNF11,6.5619606e-06
NPNT,6.559857e-06
S100A16,6.5590216e-06
NR2E1,6.55751e-06
RNU7-160P,6.557162e-06
JAZF1-AS1,6.5541526e-06
KDSR,6.5537643e-06
GBP1P1,6.5532113e-06
EIF2AK2,6.54632e-06
VAMP7,6.5438758e-06
UBE2L6,6.5436025e-06
FOXJ3,6.543387e-06
SSX2IP,6.5416502e-06
CD274,6.5406234e-06
ZNF106,6.5405566e-06
MIR760,6.5321633e-06
CD99,6.5309387e-06
ZSWIM9,6.524914e-06
VGLL2,6.5209997e-06
PLCB3,6.5146023e-06
YY1AP1,6.5134395e-06
ESPNL,6.513376e-06
HAT1,6.510011e-06
RNU6-1165P,6.509564e-06
MIR222,6.507968e-06
PA2G4P4,6.5045374e-06
LRFN3,6.5000345e-06
FOXA3,6.498013e-06
LDLRAD3,6.4979067e-06
LOC105375168,6.49766e-06
ADIPOR1,6.4953792e-06
SPANXB1,6.4910287e-06
PCDHA11,6.489263e-06
MRC2,6.484535e-06
SERTAD2,6.484263e-06
OSGIN2,6.483439e-06
MIR4668,6.4820024e-06
LBX2,6.4765063e-06
SP8,6.475511e-06
CNPY4,6.4745223e-06
DNAJC2,6.473726e-06
RNF40,6.4717865e-06
TMEM131,6.469959e-06
MIR550A3,6.469371e-06
HERC5,6.4599367e-06
ESR2,6.459232e-06
SERPIND1,6.456563e-06
IRF2,6.4555693e-06
CTDSP1,6.4523842e-06
MT1X,6.4510873e-06
IVD,6.4477113e-06
RPN2,6.4459614e-06
USP18,6.443403e-06
PITX2,6.4426786e-06
EGFR-AS1,6.4417804e-06
LOC105372061,6.44141e-06
DSP,6.4396163e-06
PIPOX,6.4310257e-06
CAPN2,6.428906e-06
ACTN4,6.4279343e-06
HS3ST3A1,6.4278506e-06
SRD5A1,6.4269716e-06
RNU2-68P,6.4247865e-06
SMYD3-IT1,6.4239716e-06
AQP4,6.423715e-06
CCDC9,6.4218284e-06
CNN3-DT,6.4177784e-06
EPS15,6.413337e-06
CNOT4,6.412817e-06
ERBB2,6.4079572e-06
TMEM250,6.407884e-06
LDLR,6.406075e-06
FOXA2,6.4027236e-06
PRKAR2A,6.400652e-06
MIR553,6.394412e-06
RIPK1,6.39388e-06
SETP14,6.3936363e-06
TCEA1,6.3821794e-06
IGLV3-9,6.381544e-06
ILRUN,6.3805296e-06
TEX2,6.378523e-06
ELANE,6.3758375e-06
SLC20A2,6.375179e-06
RAB31,6.375135e-06
MIR3616,6.3698976e-06
GLI1,6.3646153e-06
F3,6.3628836e-06
ZNF436,6.3621205e-06
ATP1B2,6.360834e-06
TGIF2,6.3597145e-06
CPVL-AS2,6.359297e-06
LAMP1,6.3578354e-06
CHST14,6.3567486e-06
MIR26B,6.356392e-06
FYN,6.352609e-06
EXOC4,6.3505554e-06
ADAR,6.3503367e-06
LINC00364,6.3503253e-06
RNU6-853P,6.3492394e-06
GLDC,6.349139e-06
TAPBP,6.3480807e-06
SELENON,6.3447255e-06
UFSP2,6.338841e-06
LINC01385,6.3342904e-06
EIF3C,6.3320235e-06
ALX3,6.3294674e-06
RPL7P21,6.3269376e-06
SLC35D1,6.3235257e-06
GPI,6.3232314e-06
SAFB2,6.323088e-06
SKOR2,6.3219145e-06
ITPKB,6.3192415e-06
APOL6,6.3188445e-06
SLC12A4,6.3187977e-06
TMEM43,6.3130065e-06
RNF216,6.3064845e-06
CEP41,6.305801e-06
SNAPC2,6.301252e-06
CALU,6.2959484e-06
RETSAT,6.2947465e-06
HABP2,6.2884515e-06
SNORD93,6.28441e-06
RPF1,6.2829763e-06
CAPN6,6.2814424e-06
NMB,6.280778e-06
CNN3,6.280673e-06
PYGB,6.2799327e-06
KLHL4,6.2761205e-06
CHST7,6.2754775e-06
PIK3CA,6.2703766e-06
ARCN1,6.2703402e-06
CDH2,6.26722e-06
PLSCR4,6.263345e-06
FIBCD1,6.2597956e-06
MIR6077,6.2534095e-06
MAP4,6.248033e-06
RNU7-75P,6.246032e-06
DNMBP,6.239605e-06
DDX20,6.238163e-06
AIDA,6.237227e-06
RNU6-884P,6.2151817e-06
MIR199A1,6.212853e-06
TLCD3A,6.2123027e-06
SMC5,6.2103077e-06
ESF1,6.2098607e-06
YAP1,6.206378e-06
PPARA,6.2021318e-06
SNORD88A,6.2017784e-06
PXDC1,6.2001377e-06
ODAD4,6.195691e-06
ITGB8,6.1923647e-06
STK40,6.19037e-06
PHKA1,6.1895707e-06
TRIM25,6.188463e-06
NEO1,6.187442e-06
FKBP9P1,6.184368e-06
ATPAF1,6.1842243e-06
NUP133,6.184067e-06
MIR6772,6.1789424e-06
RNU6-584P,6.175908e-06
PACSIN2,6.1743185e-06
RPL23AP79,6.1740852e-06
BAIAP2,6.1729424e-06
FZD1,6.166003e-06
MIR3189,6.1617206e-06
C6orf62,6.1589903e-06
SS18,6.152393e-06
PTPN11,6.14367e-06
GAPDH,6.1428987e-06
EVC2,6.138454e-06
GLI2,6.1335e-06
SORBS1,6.127862e-06
UBE2L3,6.121524e-06
LOC124904380,6.1172686e-06
UNC93B1,6.1132164e-06
RNU6-125P,6.112157e-06
HADHB,6.1116943e-06
CDRT15P9,6.10457e-06
LTBP3,6.102749e-06
TCTN3,6.1010255e-06
GBE1,6.100019e-06
GNG5B,6.0941184e-06
NBPF14,6.093586e-06
SORT1,6.0923776e-06
EGLN1,6.0912016e-06
MIR578,6.0891502e-06
PRR32,6.0885295e-06
C6orf47,6.0883717e-06
GADD45A,6.0870498e-06
MIR6819,6.0857487e-06
AHCYL1,6.0852585e-06
RORA,6.08181e-06
PMS2P2,6.077558e-06
MTF1,6.076665e-06
CD101,6.0744e-06
ARHGAP31,6.0687344e-06
FER,6.068167e-06
C22orf39,6.065542e-06
HNRNPCP2,6.0606835e-06
CXCL17,6.0593147e-06
TRBJ2-2P,6.0559532e-06
FEZF1-AS1,6.053517e-06
SORBS3,6.051837e-06
EXT1,6.0498446e-06
VGLL4,6.048831e-06
TFE3,6.0484995e-06
SOX9,6.0472357e-06
CIMIP2C,6.0433063e-06
GLUL,6.0421903e-06
ABCB8,6.039537e-06
PTPN12,6.037459e-06
SNORD41,6.0370207e-06
RNF8,6.036911e-06
DDX54,6.0359584e-06
PARD3B,6.035417e-06
PAF1,6.03535e-06
RASA3,6.0346188e-06
CISH,6.0340367e-06
COA7,6.0305133e-06
CSF3,6.029257e-06
VN1R85P,6.0275943e-06
PLCD3,6.027241e-06
PTTG1IP,6.0257903e-06
AJUBA,6.016297e-06
LTBP2,6.01542e-06
PSPN,6.0129446e-06
KCTD3,6.0089196e-06
CRAT,6.007972e-06
MARVELD3,6.007304e-06
C1R,6.0072534e-06
HEPACAM,6.0032203e-06
YWHAEP5,6.002898e-06
MIR6165,5.9974363e-06
KIF9,5.995721e-06
RNA5SP243,5.9948607e-06
JAK1,5.991964e-06
IL17RD,5.991322e-06
CRIM1,5.9906265e-06
FAM76AP1,5.98657e-06
TRPS1,5.984653e-06
RNY1P13,5.9826098e-06
SYAP1,5.982122e-06
YBX3,5.980727e-06
SAMD9,5.977468e-06
MTX1LP,5.9756635e-06
MIR5190,5.9721783e-06
CADM1,5.97046e-06
MBD2,5.970128e-06
PATL1,5.967227e-06
SH3GL1,5.965436e-06
PJA2,5.96441e-06
CLIC4P1,5.9634167e-06
PGM1,5.9611534e-06
RNU6-1098P,5.9604963e-06
RNA5SP18,5.9600816e-06
ITPRID2,5.958943e-06
MAB21L2,5.957784e-06
CDC42EP4,5.9571166e-06
CDC5L,5.955307e-06
PPP2R5A,5.9529375e-06
PDGFD,5.9488098e-06
SEPTIN11,5.9472195e-06
TRPM8,5.9470644e-06
BMP5,5.944554e-06
FAM120A,5.9407967e-06
APOL2,5.9401327e-06
CUX1,5.933061e-06
DPP3,5.9305626e-06
SCNN1B,5.927874e-06
WDR45B,5.9252957e-06
PPIAP48,5.9236386e-06
MED15P5,5.916836e-06
TNNC1,5.9161116e-06
PYGL,5.9154604e-06
EPCIP,5.913556e-06
MIR450B,5.9074996e-06
PURA,5.907219e-06
PAM,5.9071986e-06
TM7SF3,5.905098e-06
DENND2A,5.904833e-06
BBS9,5.9025465e-06
ZNF426-DT,5.9013096e-06
LTBP1,5.89667e-06
TRIL,5.8960422e-06
WNT4,5.895649e-06
PDIA6,5.894173e-06
MAPKAPK3,5.8886576e-06
WDR3,5.888383e-06
MAP2K3,5.886994e-06
CCDC137,5.882832e-06
COG5,5.8809164e-06
CASP7,5.8784162e-06
SDF4,5.8783767e-06
SIPA1L1,5.8772007e-06
GPR137,5.8749006e-06
SYNM,5.8740948e-06
MSI2,5.871442e-06
PTPRF,5.8645824e-06
ALDH5A1,5.863946e-06
LBX2-AS1,5.8612786e-06
HNRNPKP4,5.861024e-06
MIR3193,5.8568057e-06
TNPO1,5.85367e-06
PLAAT3,5.8511223e-06
MEPCE,5.8474957e-06
PPT1,5.8428786e-06
CIMIP5,5.8426967e-06
RFFL,5.839155e-06
CYBRD1,5.8336072e-06
RAB21,5.8326773e-06
PEX12,5.8317864e-06
OMD,5.8310297e-06
SP110,5.826409e-06
EFTUD2,5.8257183e-06
MIR1273C,5.8183996e-06
MIR6781,5.818394e-06
SPECC1L,5.8149053e-06
HSPA5,5.8094497e-06
TRIM9,5.8092705e-06
PLOD3,5.8073842e-06
SCAMP2,5.807124e-06
DNM2,5.8063833e-06
GPAM,5.8061273e-06
RNA5SP425,5.8049886e-06
NOP9,5.8042597e-06
RNF4,5.795577e-06
RNA5SP296,5.7949333e-06
TFCP2L1,5.794885e-06
RAB13,5.7938323e-06
RNU6-377P,5.793826e-06
TTC36-AS1,5.788778e-06
MCFD2,5.788237e-06
CHRDL2,5.786116e-06
BAZ1B,5.786113e-06
FICD,5.7848792e-06
CLPX,5.7821376e-06
ZYX,5.779681e-06
FBXW11,5.7765797e-06
B4GALT5,5.7759703e-06
GDF5,5.7756006e-06
SCRN1,5.7743946e-06
TRIM21,5.7702327e-06
SGMS2,5.763665e-06
CAPN1,5.759687e-06
VTRNA1-1,5.7568986e-06
SLC28A1,5.7561815e-06
FOXA1,5.755477e-06
FOXB1,5.7544394e-06
CDYL,5.7515326e-06
ZNF134,5.7509246e-06
SNORA22C,5.748678e-06
LOC124901612,5.7477782e-06
NLGN4X,5.7475713e-06
SALL1,5.7447837e-06
RNU7-3P,5.7429766e-06
RYR3-DT,5.7429625e-06
RFC1,5.741942e-06
B3GNT5,5.740501e-06
NCAM1-AS2,5.739725e-06
SEC31A,5.7390553e-06
LOC124901856,5.7376906e-06
BMS1P10,5.7319007e-06
DHCR7,5.7257976e-06
HRH1,5.7201637e-06
LONP1,5.7191846e-06
DNAAF5,5.7164375e-06
LIMS1,5.7074653e-06
TMEM115,5.7072157e-06
STARD7,5.7051075e-06
RNF20,5.7037955e-06
PRKCSH,5.7037346e-06
SYPL1,5.702689e-06
PAEP,5.702033e-06
MIR27B,5.6949157e-06
FBXO36,5.690396e-06
TRIM48,5.6891986e-06
PRPF38A,5.68694e-06
SCNN1G,5.6853505e-06
SFT2D2,5.685254e-06
NRCAM,5.684169e-06
ABR-AS1,5.67878e-06
HNRNPA1L3,5.6766057e-06
IGHV4-55,5.675405e-06
TBC1D20,5.674505e-06
PWP2,5.6717113e-06
RNVU1-18,5.668713e-06
LCE1C,5.6665044e-06
IGHV2-5,5.6641047e-06
FNDC3A,5.6631634e-06
SNORA2B,5.66092e-06
LOC116435278,5.6603762e-06
HMGA2,5.6578388e-06
ASH1L,5.655051e-06
RNA5SP301,5.6548297e-06
IGKJ4,5.653999e-06
GAPDHP61,5.653645e-06
SMPD1,5.6497493e-06
ALK,5.641934e-06
CRTAP,5.6419185e-06
FAM86JP,5.641578e-06
FABP4,5.6389085e-06
HLA-Z,5.635251e-06
DPF3,5.6326226e-06
PHF19,5.631631e-06
MIRLET7G,5.6298045e-06
UNG,5.629724e-06
DTX3L,5.627451e-06
PEPD,5.625379e-06
TOP1MT,5.6218055e-06
ITIH2,5.620994e-06
MAGT1,5.616937e-06
PARP9,5.6118824e-06
RNU6ATAC27P,5.609698e-06
SLC44A2,5.6095737e-06
PDCL3P5,5.6042322e-06
GPC4,5.60422e-06
CCDC25,5.602973e-06
MAP3K19,5.6015147e-06
DLC1,5.6002846e-06
FDCSP,5.599674e-06
COL13A1,5.59945e-06
GAPDHP63,5.598125e-06
PCDHGA7,5.5976343e-06
TAX1BP1,5.594416e-06
APCDD1L-DT,5.5909236e-06
ZBP1,5.588469e-06
COX20P1,5.588449e-06
CRKL,5.5847895e-06
FADS1,5.5834985e-06
MIR645,5.582693e-06
RNU7-48P,5.5790906e-06
CFAP96,5.5780642e-06
MB,5.5778687e-06
LDHC,5.5767773e-06
C4BPA,5.575822e-06
FMO1,5.5754504e-06
TSLP,5.5676937e-06
MATN2,5.567054e-06
TCTN2,5.565275e-06
FKBP9,5.557283e-06
NDUFA5P11,5.546599e-06
HES1,5.544426e-06
DNAI4,5.540472e-06
GCC1,5.540043e-06
SEC61A1,5.536368e-06
PCDHA6,5.530594e-06
SYNC,5.5293194e-06
HNRNPA1P4,5.526912e-06
MEGF8,5.5258865e-06
SYT11,5.5256032e-06
TIMD4,5.5241185e-06
NRAS,5.5227338e-06
TEAD3,5.5213827e-06
HNRNPU,5.521353e-06
FAM120C,5.520065e-06
OSBPL9,5.5197e-06
MIR4297,5.519654e-06
TRIO,5.517935e-06
CDK6-AS1,5.5128226e-06
ZDHHC14,5.5116047e-06
ITGB5,5.510296e-06
RNU7-151P,5.5083447e-06
MIR6859-2,5.5054347e-06
PLOD2,5.503373e-06
CDS2,5.5028904e-06
LOC105371009,5.4991715e-06
CHRNA9,5.498505e-06
PGD,5.4983734e-06
SLC22A4,5.4977513e-06
TTLL12,5.497646e-06
EFL1,5.494429e-06
NRARP,5.493896e-06
PCDH9-AS3,5.4916486e-06
MIR320D1,5.4915445e-06
CENPO,5.491117e-06
LPCAT3,5.4908464e-06
TYW1,5.4888246e-06
MIR320A,5.488805e-06
PLEKHF2,5.4873553e-06
KEAP1,5.4863954e-06
PPAT,5.485309e-06
CCDC102A,5.4841685e-06
CNIH3-AS2,5.482489e-06
ATXN1,5.481705e-06
ENDOU,5.481557e-06
MIR4521,5.47855e-06
TFIP11,5.4782854e-06
HDGFL2,5.4754973e-06
EIF4B,5.4700276e-06
EVI5,5.4695242e-06
GPR137B,5.464603e-06
KLF9,5.46438e-06
IL31RA,5.461715e-06
GLUD2,5.4600637e-06
CAPN7,5.4571847e-06
HIRA,5.4542747e-06
MIPEP,5.4498314e-06
NR1D1,5.4449965e-06
ALDH1A3,5.4439342e-06
TWIST2,5.4418624e-06
CELSR1,5.4397224e-06
MCC,5.438447e-06
COL2A1,5.437706e-06
PTN,5.4367842e-06
ZHX3,5.435044e-06
FLNA,5.4335965e-06
DNALI1,5.431292e-06
RFX4,5.4301518e-06
EPHA3,5.4298985e-06
TCAF2,5.428221e-06
IGLV3-27,5.4270554e-06
TPR,5.42676e-06
SCUBE2,5.4242105e-06
CRB2,5.4190787e-06
TRIP10,5.4185484e-06
TIMP3,5.4180027e-06
UBR7,5.4171483e-06
DUSP14,5.416849e-06
PPP1R3C,5.415943e-06
TRIM61,5.415562e-06
CHSY1,5.41339e-06
NOP14,5.4129373e-06
OXTR,5.4128805e-06
YKT6,5.410365e-06
SSB,5.40658e-06
NIPA2,5.405899e-06
BICD1,5.4033185e-06
MTMR10,5.4021234e-06
BEAN1,5.4019065e-06
RNF19B,5.3986228e-06
TMEM140,5.3957874e-06
TFF3,5.3899093e-06
ASPHD2,5.389059e-06
ALKBH5,5.381068e-06
SRY,5.3803014e-06
WDR1,5.378046e-06
TATDN2,5.377364e-06
STAG1,5.375788e-06
C11orf24,5.3743533e-06
MIR181C,5.372649e-06
ZNF679,5.3692643e-06
LIX1L,5.3672425e-06
TSR1,5.364797e-06
LOC107986951,5.364296e-06
SAMD9L,5.361959e-06
RNU6-583P,5.360485e-06
CFAP161,5.356664e-06
TRIM5,5.3565254e-06
CDC26,5.356225e-06
IGHV4-28,5.3544054e-06
PCDHGA4,5.3541985e-06
MIR2116,5.353894e-06
CDH11,5.352697e-06
RTF1,5.3525023e-06
CNIH3,5.3516355e-06
GOLGA4,5.351539e-06
WNT10A,5.351521e-06
AATF,5.351348e-06
THSD4,5.3503127e-06
BLM,5.347683e-06
BANF1P1,5.3473022e-06
APCDD1L,5.3447925e-06
INSYN2A,5.3428926e-06
PLXNB2,5.3415038e-06
VPS13D,5.3391777e-06
VOPP1,5.338598e-06
LSM14A,5.337738e-06
ESYT1,5.337154e-06
MGARP,5.3367803e-06
EVA1C,5.3358044e-06
LINC02154,5.3302565e-06
LONRF3,5.3278127e-06
HERC6,5.3272447e-06
SLK,5.3221584e-06
SKI,5.3209224e-06
DAZAP2,5.319591e-06
SLC1A4,5.319318e-06
ITGB4,5.316399e-06
RPL7AP28,5.3148624e-06
PCDHB12,5.314089e-06
MIR3192,5.3138892e-06
LPIN2,5.3137674e-06
H2AC9P,5.311992e-06
IFI35,5.3115814e-06
FPGT,5.3101817e-06
NUCB1,5.3097083e-06
ATRN,5.307246e-06
TPI1P2,5.30618e-06
CSF1,5.3051667e-06
ZNF180,5.3027275e-06
DDX3X,5.3020804e-06
MIR4728,5.3014555e-06
SART1,5.301286e-06
DDX60,5.301137e-06
LRPAP1,5.300572e-06
PLEKHA2,5.299191e-06
GXYLT1,5.2990313e-06
ODR4,5.298064e-06
EIF3B,5.2977293e-06
ATL3,5.297718e-06
SORL1,5.295431e-06
UBASH3B,5.294603e-06
ZNF474,5.2923438e-06
ACOX1,5.290639e-06
RBM38,5.2882065e-06
IGIP,5.287038e-06
RN7SL127P,5.2863093e-06
MKLN1,5.2839373e-06
NACC1,5.2828887e-06
FRAT2,5.2816927e-06
MORC4,5.2779287e-06
IGHV4-30-2,5.2759124e-06
ZNFX1,5.2738374e-06
CRYZ,5.2726805e-06
RNU2-69P,5.2721393e-06
RNU6-638P,5.272014e-06
AP1M1,5.2707546e-06
ZNF317,5.2703413e-06
FAXDC2,5.2675855e-06
MYH11,5.2657692e-06
ZBTB21,5.2654973e-06
ZHX1,5.261101e-06
LMO4,5.2587334e-06
FAM184B,5.257178e-06
GRK5,5.2571654e-06
PTPRA,5.2567166e-06
FASTKD5,5.2558685e-06
COPA,5.254872e-06
PTGR1,5.252759e-06
PCYOX1,5.251816e-06
RAB5B,5.250799e-06
VPS51P2,5.2495598e-06
P3H4,5.247167e-06
TRBJ1-5,5.2469645e-06
HS6ST1,5.246892e-06
ARL13B,5.245561e-06
ZNF470,5.244289e-06
TSKU-AS1,5.2441674e-06
SLU7,5.243729e-06
DHX58,5.2434193e-06
LOC643348,5.24332e-06
RNU6-1300P,5.2423898e-06
TFEB,5.2422265e-06
PPP1R3D,5.239371e-06
SEC23B,5.2367686e-06
GPC1,5.2347073e-06
HNRNPUP1,5.2344067e-06
HSPA4,5.2335836e-06
MIR5690,5.22961e-06
DCDC2,5.2285445e-06
MIR4256,5.2285045e-06
MYZAP,5.227401e-06
TPH1,5.224493e-06
CES1,5.2243863e-06
ZNF395,5.2236282e-06
CGNL1,5.2214987e-06
ZNF592,5.2199125e-06
IDH3A,5.217324e-06
PENK,5.21463e-06
VDAC1,5.210261e-06
MED16,5.209167e-06
LOC124906339,5.2064725e-06
SLC25A25,5.205851e-06
SHC4,5.2031032e-06
KLF5,5.1999746e-06
PPIL6,5.196608e-06
NMI,5.196421e-06
ITPK1,5.196284e-06
LPP,5.191502e-06
AQR,5.191016e-06
ATP6V0A4,5.187059e-06
FBLN2,5.1853845e-06
PRXL2C,5.1841503e-06
DLD,5.1822904e-06
RNU6-204P,5.1813504e-06
MTPN,5.1779452e-06
GAPDHP65,5.1777492e-06
LOC124904634,5.1762913e-06
C8orf34-AS1,5.1722473e-06
CADM4,5.170855e-06
KBTBD11,5.1688826e-06
ANKRD17,5.168478e-06
RNU6-501P,5.1657826e-06
AP3D1,5.164595e-06
SNX31,5.1635357e-06
SH3PXD2B,5.1612574e-06
SLC35C1,5.1606808e-06
LCN2,5.1585525e-06
WWTR1,5.156903e-06
ARL8A,5.1531933e-06
PTCHD1,5.1491215e-06
GOLGA4-AS1,5.1483726e-06
INPPL1,5.1471798e-06
IRF1,5.1413067e-06
CXCL3,5.1410857e-06
GPATCH11,5.140869e-06
VWA8,5.13533e-06
HACD3,5.134136e-06
TRIM24,5.133546e-06
RALBP1,5.133145e-06
TTYH3,5.131858e-06
ARSD,5.1304414e-06
KDELR1,5.1299658e-06
SOX2,5.1292527e-06
RNU7-47P,5.125179e-06
ACADM,5.123432e-06
PALS1,5.1233774e-06
FBXL7,5.1230145e-06
UHRF1,5.1217867e-06
SMAD5,5.121751e-06
ERI1,5.121592e-06
FRG2DP,5.121486e-06
EGF,5.119915e-06
FAM81B,5.115094e-06
NEK5,5.114234e-06
HIVEP3,5.113367e-06
IGKV1D-39,5.1133584e-06
RAVER2,5.1109655e-06
RN7SKP185,5.110869e-06
CHPF,5.1074426e-06
STRADB,5.10683e-06
ADRA1D,5.105655e-06
RPL41P1,5.1043003e-06
EIF4BP7,5.104257e-06
CES2,5.1019097e-06
LAMP2,5.100656e-06
FKBP10,5.1006077e-06
KRT16,5.097643e-06
FMN2,5.094943e-06
IFNAR1,5.093954e-06
LOC107986639,5.0931253e-06
SF3B4,5.092538e-06
FGFBP3,5.0920257e-06
CFAP45,5.0861363e-06
IGHV1-69,5.0837193e-06
MRGPRE,5.083027e-06
DMP1-AS1,5.0821864e-06
EIF3CL,5.0812655e-06
FAM168A,5.081061e-06
LRRC15,5.0808567e-06
CLIP1,5.0796516e-06
SEMA5A,5.0768244e-06
RPS4XP14,5.0762974e-06
FUBP3,5.0739027e-06
RAB41,5.071409e-06
MAN1C1,5.0712815e-06
ELK4,5.071064e-06
MCUR1,5.0703798e-06
PLSCR1,5.0700764e-06
NEMF,5.069416e-06
IRAK2,5.068514e-06
IGHV2-70,5.067771e-06
FOSL2,5.067425e-06
TLE1P1,5.067186e-06
TIMP2,5.0660333e-06
AGMO,5.065308e-06
OSR1,5.064725e-06
CEBPG,5.0645904e-06
PDIA5,5.0632016e-06
FJX1,5.0617746e-06
MIR4513,5.061282e-06
CAPNS1,5.0605227e-06
CHCHD3,5.059953e-06
ZRSR2,5.059031e-06
MIR3138,5.0589138e-06
EEF2,5.0577823e-06
AGPAT5,5.0569947e-06
APP,5.056478e-06
HSP90B1,5.052166e-06
AGPAT3,5.0520744e-06
ABHD5,5.0513245e-06
APPL2,5.0488193e-06
LOC124902022,5.0483536e-06
ANKDD1A,5.0478084e-06
SRPRA,5.0449084e-06
IGF2BP1,5.044546e-06
TCEAL3,5.0443573e-06
SDC4,5.0402755e-06
PCDHGB6,5.039889e-06
RNU6-444P,5.0359045e-06
RNU6-90P,5.0354242e-06
MT1XP1,5.033907e-06
FZD3,5.033678e-06
CBLL1,5.0325007e-06
HSPE1P27,5.0314106e-06
DDB1,5.0266362e-06
SH3RF1,5.0265025e-06
SPAG1,5.023791e-06
QTRT2,5.021455e-06
COL28A1,5.021069e-06
CERS1,5.020247e-06
TBX18,5.020099e-06
AQP7P1,5.0178974e-06
IGHV1-24,5.01733e-06
CCL19,5.0161025e-06
NAT2,5.0151034e-06
FSIP1,5.012386e-06
CFAP99,5.01149e-06
BCAR3,5.0102417e-06
CD1A,5.0083886e-06
SMARCA5,5.0062717e-06
ZFP64,5.004827e-06
IPO13,5.0035414e-06
NACC2,5.0033273e-06
GATA4,5.0025264e-06
CFAP73,4.99894e-06
REG1A,4.9988475e-06
LRRC37A16P,4.995249e-06
TWF1P1,4.993937e-06
ITPRIP,4.9937316e-06
ANKIB1,4.9914674e-06
TMEM221,4.9897385e-06
RPN1,4.989653e-06
PMS2P5,4.9890155e-06
SDC3,4.9875034e-06
RPAP3,4.985638e-06
NCMAP,4.9854757e-06
SMAD3,4.9854557e-06
TMED9,4.9846553e-06
FAM199X,4.9839896e-06
CDKN2B,4.9830105e-06
CAVIN1,4.9826476e-06
GPR39,4.982586e-06
KDM4A,4.9790247e-06
RHBDD2,4.9785426e-06
LINC02577,4.9768787e-06
RNF157-AS1,4.976723e-06
AHCTF1,4.975668e-06
GSTT3P,4.9756227e-06
RPL21P72,4.973067e-06
SLC13A5,4.9714986e-06
IGKJ1,4.971441e-06
ATP1A1,4.9698406e-06
DRAP1,4.9696396e-06
MIR5091,4.9680193e-06
THAP8,4.964306e-06
MIR103A2,4.964015e-06
DSP-AS1,4.9625905e-06
COL22A1,4.962139e-06
LINC02268,4.9617183e-06
SLC2A1,4.9615965e-06
STX17,4.960625e-06
RPS14P1,4.9589617e-06
NELFB,4.9549e-06
PDE4B-AS1,4.952232e-06
NTN1,4.9521377e-06
ATF3,4.9502946e-06
TCF23,4.9499927e-06
ZMYND10,4.9490104e-06
DSTNP2,4.9487903e-06
SYTL4,4.9480323e-06
EZR,4.9465784e-06
ROM1,4.9431255e-06
SEC61G,4.9424953e-06
PHKG1,4.9423243e-06
TNFRSF1A,4.941404e-06
AGL,4.9404875e-06
PRRX2,4.940351e-06
EIF4HP1,4.937548e-06
SNORD123,4.936567e-06
CYFIP1,4.9356545e-06
IGKV1D-8,4.9334667e-06
IGHJ3,4.9328355e-06
ARHGEF3,4.9298856e-06
MIR3197,4.92898e-06
EIF2AK1,4.9281834e-06
SPTLC1,4.923399e-06
RPA1,4.9229297e-06
EXTL3,4.919962e-06
GPM6B,4.919101e-06
RP9,4.9179116e-06
RAB3GAP1,4.9173145e-06
BOLA3-DT,4.916734e-06
ZBTB7C,4.9161963e-06
ZNF560,4.915387e-06
SRI,4.9148794e-06
CDV3,4.91305e-06
TMEM248,4.9129735e-06
DNPH1,4.912304e-06
LRRIQ1,4.910427e-06
JUN,4.9104024e-06
FYCO1,4.909625e-06
NPC1,4.9084097e-06
RGL1,4.9074874e-06
CTNNB1,4.905992e-06
RBM42,4.905416e-06
DKK2,4.9038435e-06
DNAJB9,4.9035357e-06
UBAP2L,4.9010087e-06
RNU6-1079P,4.900442e-06
TFAP2C,4.9002433e-06
MIR4324,4.8968627e-06
FEN1,4.89663e-06
LASP1,4.896559e-06
SEPTIN14,4.8963884e-06
OSBPL11,4.8962447e-06
HAUS6,4.8956313e-06
ECE1,4.891909e-06
SLTM,4.8892616e-06
IGHV3-13,4.889021e-06
SBF2,4.888519e-06
EPHB4,4.8862694e-06
SUGCT,4.8857696e-06
LINC02574,4.8847214e-06
SDE2,4.8831293e-06
ERP44,4.8826705e-06
IGHV2-26,4.8815054e-06
SEC14L2,4.87922e-06
VEGFB,4.8777824e-06
HNRNPA1P52,4.8773636e-06
LOC105377259,4.8737356e-06
RLF,4.8736533e-06
GPR139,4.871494e-06
ABCA9,4.87039e-06
UNC45A,4.867705e-06
PEX11A,4.866308e-06
PARP4,4.8650404e-06
SREBF1,4.86478e-06
TRDJ3,4.864709e-06
RNU6-315P,4.8645466e-06
SNORA80A,4.8642632e-06
RNU1-88P,4.86399e-06
EPAS1,4.863098e-06
PLA2G2C,4.8610514e-06
RSPH4A,4.8606435e-06
SNORD127,4.859295e-06
FREM2,4.8573365e-06
FOXJ1,4.8572415e-06
METAP2,4.853661e-06
MFN2,4.8534944e-06
TNFAIP1,4.8530537e-06
SPATS2L,4.852009e-06
MIR1268B,4.851804e-06
FBN2,4.85155e-06
FCN3,4.850363e-06
ATG9A,4.8479315e-06
TRAM2,4.847401e-06
PAK2,4.8467077e-06
ILDR2,4.8465745e-06
RRM2P3,4.8456977e-06
GALNT5,4.842574e-06
NARS1,4.8414586e-06
TLCD2,4.8411075e-06
URB1,4.838594e-06
RNA5SP195,4.8384823e-06
SPIRE1,4.8375978e-06
TCEAL4,4.8361694e-06
FASTK,4.83522e-06
FEZF1,4.834759e-06
TRDD3,4.833815e-06
PPARD,4.8328375e-06
NAA50,4.832694e-06
DHX8,4.8309744e-06
PRKCH-AS2,4.8280713e-06
HIF1A,4.826211e-06
PIK3C2A,4.825168e-06
HGD,4.8236698e-06
LINC02884,4.821069e-06
SCCPDH,4.8177326e-06
RAB5A,4.8174043e-06
CNN2P8,4.816232e-06
TRIM56,4.813051e-06
KCTD21,4.8103675e-06
PPDPFL,4.8085353e-06
MYO9A,4.8077886e-06
DHRS13,4.805948e-06
MAK,4.8035213e-06
TOB1,4.8032316e-06
GPRC5A,4.7999947e-06
MSMO1,4.798549e-06
RNY1P4,4.7971976e-06
DEFB109A,4.7955864e-06
TRIM4,4.7934063e-06
PREX1,4.793275e-06
PCDHGC3,4.792805e-06
LRIG3,4.7921726e-06
ALX1,4.7898643e-06
RANBP9,4.7895724e-06
MIR378A,4.787415e-06
RAB1B,4.7870767e-06
CFAP107,4.7863577e-06
RTL6,4.78562e-06
RPE65,4.782268e-06
PRTN3,4.779941e-06
PCDHB9,4.778213e-06
CFAP77,4.7751605e-06
ADGRE5,4.7746817e-06
TMED10,4.772413e-06
KTN1,4.771179e-06
DMBX1,4.7673616e-06
BSG,4.7641743e-06
PGPEP1,4.7630383e-06
CNMD,4.761348e-06
CHDH,4.7593976e-06
GNL1,4.7580065e-06
KCNN3,4.7572757e-06
ZNF385D,4.755372e-06
NRP2,4.755356e-06
GON4L,4.7549815e-06
ARHGEF18,4.7500257e-06
CHST3,4.7469684e-06
KHSRP,4.746939e-06
PSORS1C1,4.745004e-06
HLA-C,4.7438675e-06
DNAAF3,4.7436843e-06
RNU5D-1,4.743568e-06
RNF24,4.743218e-06
PHEX,4.742418e-06
H4C6,4.741216e-06
TECRP1,4.7410986e-06
PDGFA,4.740346e-06
SIAH2,4.739991e-06
MIR4678,4.739747e-06
EAF1,4.7396115e-06
IPO8,4.7394324e-06
MIR656,4.738299e-06
NEK1,4.7373233e-06
CEBPZ,4.7369335e-06
LOC107986669,4.736693e-06
DMKN,4.7332214e-06
JAKMIP2,4.7331528e-06
ARLN,4.730662e-06
A2ML1,4.7301705e-06
BCKDHB,4.727211e-06
SLFN11,4.723786e-06
OGFOD3,4.723018e-06
TEX264,4.7219005e-06
LARP1,4.7215053e-06
AMMECR1,4.7200215e-06
ROCK1,4.7195185e-06
ACLY,4.717906e-06
DLG1,4.714856e-06
DNASE2,4.714765e-06
NEUROD4,4.713443e-06
TRBD1,4.7126064e-06
CARS1,4.7067815e-06
LIX1,4.70653e-06
NKX6-1,4.705822e-06
PPTC7,4.705349e-06
EDEM3,4.7027524e-06
C7orf57,4.7020067e-06
SERINC3,4.6985588e-06
AR,4.6971995e-06
MYO1E,4.69517e-06
ZNF474-AS1,4.6945256e-06
SNRPCP9,4.692298e-06
OASL,4.6918162e-06
LINC01982,4.691693e-06
FNDC3B,4.6898913e-06
MMEL1,4.6885784e-06
EMC7,4.6880346e-06
RNF128,4.687703e-06
PIGO,4.6870373e-06
IRF6,4.6852438e-06
TMEM65,4.680727e-06
ANKRD40,4.677952e-06
GJA1,4.677289e-06
PALM3,4.6715136e-06
PRSS48,4.6715004e-06
PPP1CC,4.6705213e-06
RAB11FIP5,4.6700657e-06
ZNF768,4.6700548e-06
FZD7,4.6671817e-06
PCYT1A,4.6610066e-06
JHY,4.6608593e-06
MYO6,4.6603145e-06
IFT57,4.657358e-06
ST13P6,4.6565237e-06
VPREB3,4.6532587e-06
SPRED2,4.6525824e-06
POM121C,4.6524947e-06
DMRTA2,4.6501236e-06
TAF15,4.6487216e-06
PRDX6,4.647455e-06
UBR1,4.6457544e-06
AIFM2,4.6457144e-06
STAT1,4.6447285e-06
RREB1,4.641227e-06
CYP4F3,4.638777e-06
COBL,4.6373552e-06
MYO5B,4.636938e-06
SOCS2-AS1,4.636561e-06
TMCO4,4.636079e-06
BECN1,4.6357836e-06
POLR1F,4.6349933e-06
SCN7A,4.633763e-06
MIR6865,4.6335635e-06
SYDE1,4.6335053e-06
MT1DP,4.6303976e-06
RNU6-942P,4.627678e-06
RFTN1,4.624827e-06
CHIAP3,4.622198e-06
SLC34A2,4.619512e-06
ETV7,4.6170558e-06
GLRX5P2,4.6150008e-06
MIR1250,4.613703e-06
ACAN,4.6108603e-06
SPTBN1,4.610483e-06
LCN1,4.6102277e-06
SLC41A1,4.608998e-06
RNVU1-1,4.6055106e-06
SLC15A2,4.60516e-06
GAB2,4.604059e-06
RFXANK,4.6020914e-06
PARN,4.595752e-06
ARMCX3,4.5952665e-06
SLC16A4,4.5948054e-06
DOCK1,4.5941492e-06
MTTP,4.5940337e-06
FLOT2,4.59345e-06
PIGT,4.5880033e-06
THOC2,4.58774e-06
GPKOW,4.5869524e-06
CLNS1A,4.586818e-06
SNORA24B,4.5855286e-06
STK33,4.584702e-06
USP28,4.5831575e-06
OR7E14P,4.5815823e-06
RPSAP52,4.5813895e-06
SPTLC3,4.580903e-06
HSPD1,4.5803604e-06
CELF2-AS3,4.580355e-06
NHSL1,4.578436e-06
UTP25,4.578311e-06
DSG2,4.576749e-06
NELFA,4.5764264e-06
RAB6A,4.576218e-06
BRD3OS,4.575693e-06
CFAP54,4.5756415e-06
TTYH1,4.575624e-06
REEP2,4.575056e-06
MAGEC2,4.5748884e-06
SAMD8,4.5735e-06
PLEKHM1,4.5729494e-06
ANXA5,4.569695e-06
ABHD17C,4.569228e-06
CTNS,4.568615e-06
NIBAN1,4.5642096e-06
RPS6KA3,4.563666e-06
DYNLT5,4.5620495e-06
IK,4.560947e-06
KLHDC7A,4.5607762e-06
MIR125B1,4.5581264e-06
HNRNPUL2,4.5579723e-06
TYRO3,4.555176e-06
TPST2,4.555047e-06
INSIG1,4.5540105e-06
LINC01447,4.553453e-06
MIR548AR,4.55137e-06
DOLK,4.5507327e-06
UEVLD,4.5503484e-06
ICMT,4.5502115e-06
CYP3A52P,4.5453057e-06
HMGCL,4.5451116e-06
LINC02869,4.5441134e-06
IFITM9P,4.5402635e-06
RNU6-346P,4.538966e-06
OAS3,4.5378415e-06
EEIG1,4.5358593e-06
SFRP1,4.5350157e-06
SERPINA3,4.533377e-06
DSTYK,4.5307274e-06
ALDH1L1,4.52999e-06
ERMAP,4.526796e-06
IL6ST,4.5262177e-06
LOC105375148,4.5252827e-06
CP,4.5211145e-06
LINC01894,4.52036e-06
RPS14P8,4.5202755e-06
XPR1,4.5201505e-06
TMCO1,4.519406e-06
HNRNPC,4.519042e-06
HSP90AA2P,4.5175775e-06
ZNF324,4.5170004e-06
MARCHF10-AS1,4.51642e-06
LRP1,4.5154516e-06
ZDHHC4,4.511543e-06
CDK6,4.5107467e-06
NNT-AS1,4.5093398e-06
PMP22,4.5085044e-06
NEDD1,4.5082375e-06
TWSG1,4.5077895e-06
SAMD4B,4.5026945e-06
TMED5,4.5020784e-06
RBL1,4.5007287e-06
PMEPA1,4.5003144e-06
RCAN1,4.500193e-06
IFIT2,4.498786e-06
NPAS3,4.4983262e-06
GYS1,4.497918e-06
TMX2,4.4961926e-06
NLRX1,4.495677e-06
RMB8AP1,4.492273e-06
ALX4,4.492255e-06
ALAD,4.4913327e-06
PROS1,4.490948e-06
FOLR1,4.4858625e-06
BHLHE41,4.482733e-06
PFKFB3,4.4805474e-06
LOXL1-AS1,4.479301e-06
OSBPL1A,4.478519e-06
NEK4,4.478473e-06
LYPD1,4.4779877e-06
CDC23,4.4763756e-06
GPR176,4.4755584e-06
PRSS33,4.4753933e-06
MIR6774,4.4749754e-06
CROT,4.474795e-06
KANK1,4.47381e-06
PARP14,4.473025e-06
LOC105376380,4.4726685e-06
SCD,4.4720455e-06
SLC41A2,4.4687868e-06
MAMDC2,4.468429e-06
AKAP13,4.468211e-06
IL1RL1,4.4669428e-06
LOC728877,4.466321e-06
ZNF644,4.465008e-06
SPATA20P1,4.461199e-06
SNORD67,4.4599838e-06
NOD1,4.45976e-06
SNORD71,4.459435e-06
SALL2,4.459117e-06
UTP14A,4.4572425e-06
FKTN,4.454896e-06
GLG1,4.4526914e-06
SMC3,4.4526464e-06
CHURC1,4.4521853e-06
SETBP1,4.4476624e-06
ZNF653,4.4469366e-06
PROB1,4.446892e-06
INTS5,4.446542e-06
SIX6,4.445811e-06
FANK1,4.443733e-06
CRY1,4.442168e-06
LIMA1,4.441007e-06
IGHV1-69-2,4.4396797e-06
CALR,4.4393964e-06
SNX8,4.437831e-06
PPIC,4.4349554e-06
SPRY2,4.4334047e-06
RTN3P1,4.431174e-06
ROCK2,4.4309054e-06
YY1-DT,4.4296744e-06
SNORD72,4.4289523e-06
IGHV3-43,4.428785e-06
CCDC194,4.4283097e-06
MAPKAPK2,4.4271865e-06
HMGCR,4.4265053e-06
TMEM178B,4.4242797e-06
ARF3,4.42422e-06
DAGLA,4.4239437e-06
ZNF615,4.423711e-06
CDK5RAP2,4.421968e-06
ACADL,4.421737e-06
GNPDA1,4.415784e-06
DUSP3,4.415472e-06
ADM2,4.4147014e-06
AJUBA-DT,4.4138687e-06
HEATR5A,4.413771e-06
STXBP3,4.413357e-06
TACC1,4.412564e-06
TMEM270,4.411852e-06
JAKMIP2-AS1,4.4106732e-06
MT2A,4.4105736e-06
NFKB1,4.4089406e-06
ADAMTS9,4.4074354e-06
MIR3178,4.4069093e-06
ZNF786,4.4067415e-06
LINC01388,4.40635e-06
SMYD3-AS1,4.402144e-06
TRIM39,4.4018757e-06
ZNF584,4.4015824e-06
C19orf44,4.401313e-06
NUMBL,4.4004673e-06
DIAPH1,4.4001335e-06
ELF4,4.3997115e-06
GATD3,4.3982345e-06
STEAP3,4.3980535e-06
GLB1L,4.395842e-06
CHST11,4.3953833e-06
SOX21-AS1,4.394705e-06
TBX1,4.393737e-06
GAS2L2,4.393701e-06
CA13,4.3933387e-06
MINDY2,4.3917466e-06
KBTBD2,4.3910277e-06
LAMC1,4.388946e-06
HOXB-AS2,4.3887508e-06
MT2P1,4.3877103e-06
WIPF2,4.3832965e-06
SLC35E1,4.382141e-06
RNU6-1005P,4.3820824e-06
MT-TV,4.381451e-06
RUNX1,4.3795917e-06
HOXB5,4.3793625e-06
SQSTM1,4.377554e-06
MFGE8,4.3757605e-06
KCNF1,4.3757223e-06
CDK11B,4.3747264e-06
IGFN1,4.374462e-06
IQCE,4.373849e-06
PES1,4.3727478e-06
ABCC6P2,4.371725e-06
PLCE1,4.3708524e-06
VWC2,4.3696173e-06
THRAP3,4.3675423e-06
GALNT11,4.3625487e-06
KLHL21,4.3618174e-06
GZF1,4.360183e-06
SIX3,4.3595696e-06
VAMP3,4.3592922e-06
NBAS,4.3560426e-06
UBC,4.3537125e-06
BMPR1B,4.3531054e-06
REEP5,4.3492264e-06
FOXO1,4.349012e-06
PATJ,4.347436e-06
PLEKHG4B,4.3473856e-06
TRIM26,4.346296e-06
OGFR,4.34585e-06
TMEM127,4.3454916e-06
ARL8B,4.342771e-06
CLIP2,4.3424634e-06
TLCD1,4.342101e-06
FURIN,4.342092e-06
FAM168B,4.3405075e-06
REXO4,4.3401265e-06
KCTD12,4.339302e-06
ETV6,4.3387686e-06
RIMOC1,4.335894e-06
ARSJ,4.332231e-06
TRBV7-1,4.3318378e-06
BMS1,4.3305213e-06
PPIG,4.330372e-06
MIR6768,4.328839e-06
SARS1,4.3287064e-06
HACD2,4.328254e-06
SLAIN2,4.3256555e-06
LINC02475,4.3246773e-06
RN7SL230P,4.3243144e-06
ACTN1,4.322719e-06
PPFIA1,4.321978e-06
IGHV4-61,4.321913e-06
TRIB1,4.3218906e-06
HMX1,4.321455e-06
UBL4B,4.3206846e-06
TXLNB,4.3206783e-06
LINC02525,4.319909e-06
LETM1,4.3187006e-06
ABCA13,4.317574e-06
TNMD,4.3175132e-06
PCDHA10,4.3173745e-06
SLC20A1,4.317314e-06
CALCOCO2,4.317235e-06
PCDHB15,4.317131e-06
RBMXL1,4.314081e-06
ZNF616,4.3132213e-06
WHAMM,4.313091e-06
EVC,4.3125287e-06
FBXO21,4.3101268e-06
KHK,4.307818e-06
SMIM10,4.307451e-06
PCDH9,4.3072578e-06
ERF,4.305386e-06
BMAL1,4.3046934e-06
MT1P1,4.30438e-06
ALDH9A1,4.301229e-06
DPP7,4.298831e-06
TMPRSS2,4.297337e-06
UPF1,4.2947604e-06
MIR4677,4.293983e-06
CERS2,4.2882916e-06
TNIK,4.28738e-06
AGTRAP,4.2860875e-06
CPNE3,4.2860224e-06
LRIF1,4.284999e-06
VAPB,4.283534e-06
MGA,4.2834627e-06
PPP3CC,4.281241e-06
DIMT1,4.2802058e-06
PTK7,4.278814e-06
ZNF425,4.278483e-06
C6orf89,4.278442e-06
PDLIM5,4.2775214e-06
RNU2-7P,4.2774527e-06
ABTB2,4.2766624e-06
RNU6-828P,4.272709e-06
LSG1,4.269631e-06
LINC00606,4.2660267e-06
DENND5A,4.2644583e-06
MTCL1,4.2642305e-06
ENTPD5,4.2627676e-06
RNU6-767P,4.262673e-06
SLC25A44,4.2622805e-06
GRB10,4.260785e-06
CD320,4.260723e-06
DCAF11,4.2601196e-06
MTDH,4.2598117e-06
EXOSC10,4.2575903e-06
GPRC5B,4.257473e-06
CPEB2,4.256986e-06
PCDH1,4.256917e-06
MITA1,4.253243e-06
GLE1,4.2503943e-06
ERRFI1,4.249729e-06
SLC24A1,4.2491597e-06
IGHV3-30,4.248347e-06
POMGNT1,4.2453717e-06
AOC3,4.243738e-06
ACSBG1,4.24299e-06
CYP51A1,4.2427946e-06
KLF10,4.239693e-06
CCDC97,4.2382458e-06
RASSF10,4.237045e-06
EDNRB,4.2345146e-06
TRBJ1-6,4.2336846e-06
CCL13,4.229347e-06
HDLBP,4.226345e-06
FDFT1,4.225726e-06
PEDS1,4.224646e-06
UBTD1,4.224278e-06
CMTM3,4.223338e-06
DLG5,4.223114e-06
CWC27,4.2219954e-06
CFAP97D2,4.220469e-06
APBA2,4.217802e-06
FXR1,4.2174597e-06
ERLIN2,4.216338e-06
RNF145,4.2135484e-06
PLEKHA7,4.212604e-06
ACSS2,4.2110973e-06
LAMA3,4.210505e-06
ARHGAP35,4.210243e-06
TNIP2,4.2102333e-06
DKKL1,4.2088877e-06
ATP10A,4.2082415e-06
SH3RF3,4.2068255e-06
MREG,4.2064394e-06
TMEM198,4.2063057e-06
GRHL3,4.2052397e-06
ALDH3A2,4.2052197e-06
RAVER1,4.2048823e-06
OXSR1,4.204627e-06
AHNAK2,4.2035663e-06
MMP13,4.2032416e-06
FGFR1,4.2022757e-06
RNU7-143P,4.202158e-06
THBS2,4.2008046e-06
TXLNA,4.2003e-06
IGKV1-39,4.199973e-06
ACTMAP,4.1987582e-06
ETV5,4.19751e-06
MTHFD1,4.1960716e-06
FOSL1,4.19532e-06
ERLIN1,4.194873e-06
CHMP4BP1,4.1938906e-06
KRT5,4.193551e-06
CITED1,4.190824e-06
CPA2,4.189884e-06
TPST1,4.1887924e-06
CD109-AS1,4.1864314e-06
CEP350,4.1857675e-06
TSSC2,4.183009e-06
DCLRE1B,4.1819508e-06
LINC02051,4.1808894e-06
PTMAP12,4.180316e-06
EREG,4.173122e-06
KAZALD1,4.172899e-06
LINC01198,4.1718313e-06
FERMT2,4.171829e-06
ESYT2,4.1707326e-06
ARF6,4.168922e-06
IGHV3-20,4.1683707e-06
MIR541,4.167324e-06
CDON,4.16672e-06
ABCC3,4.165163e-06
GLB1,4.164857e-06
SESN2,4.164693e-06
MTMR11,4.1637113e-06
RPUSD2,4.163087e-06
LAPTM4A,4.160255e-06
RSAD2,4.1601816e-06
CFAP184,4.159002e-06
RIOX2,4.157367e-06
SNORD53B,4.1564067e-06
DNAI3,4.1542708e-06
MRFAP1,4.1541357e-06
IGF2R,4.1539956e-06
PIK3CB,4.1534113e-06
ZMAT4,4.1525814e-06
TLK1,4.1523745e-06
MIR6867,4.152284e-06
HOXA13,4.151154e-06
HCAR2,4.150872e-06
LMNA,4.150329e-06
KDM5A,4.1500525e-06
MAPK8IP1P2,4.149691e-06
CABIN1,4.149587e-06
SWAP70,4.149211e-06
LINC00674,4.148937e-06
GUF1,4.1483972e-06
NCLN,4.147613e-06
NAT14,4.1470425e-06
ZBTB7B,4.1464705e-06
ELSPBP1,4.145645e-06
REXO2,4.145572e-06
LIPG,4.14453e-06
YTHDF1,4.144037e-06
PITX1,4.1433545e-06
HSPA1B,4.1426006e-06
GADD45B,4.1425014e-06
FAM180A,4.1422827e-06
IFT56,4.142187e-06
LINC01711,4.1412777e-06
PRAC1,4.140872e-06
OGDH,4.1384137e-06
GJB6,4.1381113e-06
LINC01387,4.1379485e-06
EFNA2,4.13477e-06
TUBB2BP1,4.133795e-06
LINC02821,4.1335325e-06
ZNF282,4.1326844e-06
PYGM,4.1321673e-06
PRMT3,4.131649e-06
MIR4284,4.1308936e-06
NUDT16,4.1295034e-06
ETV3,4.1285707e-06
SETP11,4.1281896e-06
EHD4,4.1245717e-06
BCLAF1,4.123521e-06
SMC1A,4.1232374e-06
B4GALT4,4.1213475e-06
IGHV3-74,4.120351e-06
OAS2,4.118038e-06
ADAM23,4.117939e-06
MT1M,4.1170892e-06
TRMT2B,4.1161456e-06
ARSI,4.115826e-06
NFKBIL1,4.115418e-06
PTPN13,4.1153007e-06
RAB29,4.114598e-06
MAPK1IP1L,4.113161e-06
TAFA3,4.1125227e-06
SPINK2,4.1120775e-06
AKR1C2,4.107589e-06
HEATR1,4.105377e-06
RASGRP1,4.1039457e-06
IDH1,4.102288e-06
POM121,4.101393e-06
BACH2,4.1009785e-06
ICE1,4.096996e-06
STIM2,4.0951377e-06
SMAP1,4.0937966e-06
WASF2,4.0934883e-06
NAT8L,4.0933955e-06
POLA1,4.09309e-06
TBX5,4.0903296e-06
GJD3,4.090305e-06
PRXL2B,4.0899945e-06
DTHD1,4.089103e-06
TYW1B,4.088937e-06
TBX3,4.086929e-06
ZSCAN25,4.0855293e-06
FAM131C2P,4.083347e-06
AKAP1,4.0832783e-06
C7orf78,4.082537e-06
TRBV25-1,4.0812665e-06
CRYBG3,4.0811296e-06
SREBF2,4.080266e-06
SPA17,4.078089e-06
BACE1,4.076156e-06
SLC61A1,4.0755513e-06
WDR18,4.0702325e-06
MIR6719,4.069299e-06
SYT12,4.0691307e-06
LAMP3,4.0681634e-06
ZNF252P,4.0666673e-06
IRX2,4.066232e-06
PIGU,4.064199e-06
RNF187,4.0636037e-06
CLSTN1,4.0617174e-06
EPYC,4.0614973e-06
CFAP97,4.060569e-06
COMT,4.0592713e-06
NDUFAF1,4.057975e-06
RNU7-186P,4.0572745e-06
ALG6,4.0569444e-06
DENND2B,4.056795e-06
MMP3,4.0553173e-06
RNU6-759P,4.0552e-06
TCF3,4.0549594e-06
CHCHD2P2,4.0546897e-06
ATP11A,4.053237e-06
IRAK1,4.0516065e-06
C11orf68,4.049972e-06
SCYL1,4.049104e-06
GNA13,4.048318e-06
MIR6775,4.047517e-06
ARK2N,4.0457985e-06
TRAF3IP2,4.045035e-06
WDR43,4.044826e-06
ADAM17,4.044721e-06
XPC,4.044231e-06
ZNF146,4.043841e-06
SLC6A8,4.041652e-06
PRKDC,4.0403193e-06
KCNK7,4.0383634e-06
LOC101929756,4.037215e-06
GATM,4.0365585e-06
MICOS10P3,4.0363584e-06
GM2A,4.0359228e-06
FBN1,4.035247e-06
MXRA7P1,4.03514e-06
POLD3,4.0332307e-06
CRYGD,4.032428e-06
DHFR,4.0300565e-06
ARHGAP42,4.027613e-06
SHROOM3,4.0265145e-06
MIR4477A,4.0260024e-06
LINC01232,4.0250284e-06
EGFL6,4.02457e-06
GRAMD1C,4.0245127e-06
ERO1A,4.0236077e-06
TUT7,4.022715e-06
ZC3H12A,4.0216128e-06
C2CD4A,4.0213163e-06
CCT6P2,4.0203645e-06
ZNF470-DT,4.01738e-06
GLT8D2,4.0137934e-06
BBX,4.0113873e-06
WARS1,4.0110567e-06
ASCC3,4.008495e-06
PEBP1,4.0070117e-06
SPDYE12,4.006967e-06
PKN1,4.006877e-06
MAP3K6,4.0068603e-06
HSPA8,4.0065993e-06
ENO1,4.0051964e-06
GALNT7,4.004218e-06
RNU6-548P,4.003786e-06
TLR3,4.0028426e-06
CC2D2A,4.0027858e-06
FRMD8,4.002536e-06
AP2B1,3.9998235e-06
SAA2,3.999091e-06
CAMP,3.997007e-06
CSRP1,3.9966462e-06
THBS4,3.9941538e-06
ZNF148,3.9929437e-06
WNT5B,3.991853e-06
AIRIM,3.9910547e-06
LOC124909496,3.990932e-06
MYO10,3.9888105e-06
HES2,3.986996e-06
RCN1,3.98613e-06
TRPM7,3.9818055e-06
PAX3,3.9803813e-06
MIR5585,3.9796923e-06
ZNF275,3.9786455e-06
OSBP2,3.9782894e-06
NIBAN2,3.977317e-06
ABCF3,3.9767297e-06
PROK1,3.9763454e-06
LRRC8A,3.9723695e-06
PHF3,3.972079e-06
CD209,3.970278e-06
SLC35F2,3.970072e-06
NAMPTP1,3.969553e-06
HMG20B,3.9693205e-06
YJU2,3.969144e-06
ZNF629,3.9666543e-06
MCAT,3.965888e-06
CYP1B1,3.9651904e-06
CDCA7L,3.964773e-06
HYDIN,3.9616625e-06
ECPAS,3.9594556e-06
SMAD1,3.957322e-06
MAFF,3.9551282e-06
BNIP3P1,3.9548218e-06
C15orf39,3.954385e-06
CARMIL1,3.9524343e-06
S100A2,3.946309e-06
AKT1S1,3.9460037e-06
MRPS35,3.9441534e-06
MIR1972-1,3.9421434e-06
BDNF,3.9418e-06
DIS3L,3.941679e-06
SCARNA18,3.941277e-06
RNU6-10P,3.9412157e-06
CSPG5,3.9411934e-06
KATNAL1,3.941031e-06
LMAN1,3.9403267e-06
WDFY3,3.9395054e-06
ATF7,3.9390984e-06
ORAI2,3.938215e-06
ZDHHC9,3.938041e-06
CST3,3.9373144e-06
KDELR3,3.9357847e-06
DESI2,3.9347574e-06
EFEMP2,3.934559e-06
ZNF8-DT,3.934187e-06
CRISPLD1,3.9337842e-06
SETD2,3.932771e-06
NCOA1,3.9261877e-06
IGHV3-72,3.9251368e-06
RASSF9,3.9238835e-06
ALG2,3.9230126e-06
TGFBR3,3.922848e-06
DNAJC14,3.9227143e-06
FGF2,3.920593e-06
HNRNPA1,3.9192064e-06
NAT10,3.9186193e-06
ORAI1,3.9176903e-06
ARHGAP5,3.9153747e-06
EPHA2,3.9151464e-06
ITGA11,3.914813e-06
CCL18,3.914808e-06
MYOF,3.914053e-06
SPECC1,3.9138154e-06
SEMA4B,3.913469e-06
NRAV,3.9128845e-06
EIF1,3.912388e-06
HOXB9,3.912191e-06
F2RL3,3.911696e-06
IGHV3-64D,3.910874e-06
H2AZP4,3.910037e-06
PRRC1,3.9029687e-06
KIF13B,3.9028914e-06
IFIH1,3.9023985e-06
IPO7,3.9013175e-06
LONRF1,3.9000342e-06
CBLN4,3.8997305e-06
CCDC106,3.897028e-06
SMG6,3.888987e-06
LINC03008,3.887587e-06
LOC102724560,3.8843505e-06
YME1L1,3.88303e-06
ALKBH8,3.8826706e-06
SPG11,3.881979e-06
CTNNAL1,3.877774e-06
NCKAP1,3.8757225e-06
LYAR,3.873569e-06
SMIM5,3.869198e-06
CDK5,3.8628864e-06
ADGRL2,3.862013e-06
PLEKHF1,3.861697e-06
CACHD1,3.8605194e-06
STON2,3.8593516e-06
USP38,3.8589637e-06
GGT8P,3.8580183e-06
LINC02714,3.8577564e-06
LINC02984,3.856222e-06
CYP4F60P,3.854249e-06
GARRE1,3.8523103e-06
PDE4DIP,3.8516355e-06
ZKSCAN5,3.849662e-06
RAD23A,3.849045e-06
GLIS2,3.8474627e-06
ACOT13,3.846618e-06
MMS19,3.8454036e-06
SNUPN,3.8450853e-06
IFT38,3.84199e-06
GAPDHP1,3.8418298e-06
YBX1P2,3.841724e-06
TRDN,3.841203e-06
YRDC,3.8409075e-06
PUM1,3.8370795e-06
NUB1,3.8364756e-06
TRIM69,3.8328963e-06
SIX5,3.8321796e-06
FOXK2-AS1,3.8308085e-06
TENT5A,3.8308044e-06
NFKBIA,3.828718e-06
ARPIN,3.8258554e-06
SRIP3,3.8255366e-06
ABI2,3.8254234e-06
FBXO31,3.8245134e-06
PLN,3.823958e-06
DOHH,3.822621e-06
TAGLN2,3.821908e-06
CCT6A,3.8216235e-06
BST2,3.8210615e-06
LINC00626,3.820894e-06
IFIT5,3.820683e-06
ANKFY1,3.8193753e-06
ATP13A3,3.8175604e-06
ITGAV,3.8171543e-06
MIR3619,3.8168773e-06
ZIC2,3.816133e-06
FASN,3.815199e-06
LRRC14,3.815128e-06
ERG28,3.814989e-06
AASS,3.8143348e-06
SNORA46,3.8105934e-06
TRDJ1,3.8100266e-06
LIFR,3.808145e-06
REST,3.8051026e-06
SNCAIP-AS2,3.8042801e-06
GPC3,3.8031126e-06
VRK3,3.8027767e-06
MMP14,3.8027474e-06
RAB14,3.802135e-06
PSMB9,3.8018345e-06
NID1,3.8012022e-06
TRBV24-1,3.8011142e-06
C4B,3.797667e-06
PLS3,3.797055e-06
KPNA6,3.796625e-06
BZW1P2,3.796315e-06
SHROOM2,3.794655e-06
CLEC3B,3.7935124e-06
ATAD3A,3.7928708e-06
HOXA7,3.7924203e-06
COL1A2-AS1,3.7917148e-06
PPP1R8P1,3.7916159e-06
ADGRV1,3.7912646e-06
TCF7L2,3.7900916e-06
FIBP,3.7897194e-06
MIR31HG,3.789341e-06
RN7SKP230,3.7886675e-06
IFIT3,3.787557e-06
LPP-AS2,3.78685e-06
NAV2,3.786588e-06
PRAME,3.7843151e-06
RUBCNL,3.783826e-06
SURF4,3.7837024e-06
KCNN4,3.7832872e-06
TMEM214,3.782198e-06
REEP3,3.7821246e-06
AFAP1L1,3.7809266e-06
MED9,3.7808732e-06
GTF3C4,3.780636e-06
FARP2,3.7801294e-06
PML,3.7799232e-06
PTPN9,3.7793554e-06
EPHX1,3.7785462e-06
EIF1AXP1,3.7784494e-06
DNAJB1,3.7749378e-06
ASIP,3.7744448e-06
SORD2P,3.7722018e-06
ACOX2,3.7708014e-06
KISS1,3.7702457e-06
CXCL1,3.7699697e-06
NCOR1,3.7690063e-06
RAD18,3.767794e-06
SPCS2,3.7673624e-06
CCT2,3.7672019e-06
DNAJC3,3.765735e-06
GCNT1,3.7643956e-06
IGKV2-29,3.7627792e-06
AK8,3.7622974e-06
ADAM19,3.7605857e-06
CHODL,3.759989e-06
ADSS1,3.7596587e-06
RNU5E-4P,3.7587645e-06
SDCBP,3.7548793e-06
TFRC,3.7545728e-06
SNTG2-AS1,3.7541795e-06
MIR601,3.7535312e-06
TNKS2,3.7531036e-06
LRRC58,3.752199e-06
RNU1-36P,3.7517411e-06
TNFRSF19,3.7488785e-06
ZNF800,3.7481732e-06
FNDC1,3.7460852e-06
RRP12,3.744307e-06
STAT5A,3.742449e-06
ZBED10P,3.7417683e-06
OSBP,3.7397983e-06
MEOX1,3.736966e-06
VCL,3.7365883e-06
SNTB1,3.734864e-06
RYR3,3.7343113e-06
ANP32B,3.7339755e-06
GPR107,3.7338216e-06
MIR4635,3.7326565e-06
USP5,3.732181e-06
COL6A1,3.7296845e-06
COL10A1,3.7288023e-06
EFCAB12,3.7283019e-06
ASAP3,3.7271996e-06
PPRC1,3.7271964e-06
NWD1,3.7240993e-06
WEE1,3.7235357e-06
MAN2B1,3.7227649e-06
PAX8,3.7226503e-06
KPNB1,3.7217153e-06
SMARCC1,3.7203718e-06
PHC1P1,3.7201307e-06
RPGR,3.7191292e-06
TRIP12,3.7187042e-06
STOML3,3.7174634e-06
BTN3A2,3.7161292e-06
ISG20,3.7159593e-06
LOC112694756,3.7116474e-06
PPBP,3.7106458e-06
AARS1,3.7095363e-06
LRBA,3.7084028e-06
TP63,3.707777e-06
ABHD12,3.7074724e-06
ZNF766,3.707419e-06
ALDH1A2,3.7060715e-06
TAF1A,3.704763e-06
KIFBP,3.7047e-06
NT5C3A,3.7037482e-06
SMG5,3.7033108e-06
CALD1,3.7007426e-06
JMJD6,3.7004102e-06
ZNF503,3.6993586e-06
PITPNA,3.6982385e-06
ELMO2,3.6978809e-06
GDF3,3.697325e-06
XBP1,3.6970307e-06
SAMD4A,3.6966842e-06
GNA11,3.6965262e-06
MIR1180,3.6964489e-06
AK2,3.6957088e-06
RXRA,3.6950055e-06
RAB20,3.6939064e-06
GAREM1,3.6918861e-06
PLTP,3.688871e-06
NDFIP1,3.6884462e-06
HS3ST3B1,3.686894e-06
MPV17L2,3.686722e-06
SPTSSA,3.685895e-06
CD44,3.6848069e-06
LARP4,3.683755e-06
WNT9A,3.683703e-06
VEPH1,3.6835704e-06
POU4F1,3.6820593e-06
ITGB1P1,3.6816489e-06
RAD23B,3.679374e-06
TTC38,3.6790236e-06
SRP14P2,3.6783465e-06
RN7SL130P,3.6762663e-06
MCM6,3.6758097e-06
NAB2,3.6722167e-06
WRNIP1,3.6721754e-06
ZNF672,3.6713795e-06
UBA1,3.6711472e-06
PCDHB11,3.671057e-06
DLK1,3.670301e-06
SCARA3,3.6701363e-06
ZNF787,3.6696483e-06
RASSF10-DT,3.6672882e-06
MIR181B1,3.6653896e-06
FAM181A,3.6652827e-06
AEBP2,3.6647286e-06
C6orf15,3.6642512e-06
NOP56P1,3.662531e-06
SLC5A3,3.6622976e-06
PCDHGA1,3.6615547e-06
ZNF304,3.6611114e-06
OSBPL10,3.6595513e-06
MNS1,3.6572203e-06
ANGPTL7,3.6570775e-06
SYNE3,3.6564634e-06
NIPSNAP2,3.6557133e-06
ANXA1,3.6555023e-06
KMT2E,3.6537829e-06
L3MBTL3,3.6536492e-06
PTPRZ1,3.6534848e-06
TEKT1,3.65313e-06
RNU1-11P,3.65234e-06
LHX1,3.6514396e-06
HMGCS1,3.6507868e-06
CLEC5A,3.6501476e-06
RGS6,3.644868e-06
WDR38,3.6441782e-06
CD63,3.6439885e-06
ITGB1,3.6431425e-06
HMGA1,3.6426854e-06
PDX1,3.641696e-06
LRPPRC,3.640245e-06
MAPK14,3.6392153e-06
NUDT4,3.638047e-06
CCDC170,3.6354338e-06
DRC1,3.6331712e-06
STK35,3.6328397e-06
ST6GALNAC2,3.6324611e-06
SPATA17,3.6323277e-06
IGFBP5,3.6323063e-06
RIPPLY3,3.6318122e-06
TIGD5,3.6299793e-06
SMARCA2,3.625841e-06
ANTXR2,3.6221431e-06
KIAA1191,3.6215763e-06
FGF5,3.621074e-06
VAT1,3.617214e-06
PPP1R3B,3.6165454e-06
TMEM132C,3.6147417e-06
EML3,3.6147062e-06
IGHV7-4-1,3.6130498e-06
CPA3,3.6115073e-06
IGHJ6,3.610452e-06
TSPAN33,3.6073327e-06
LINC02587,3.6060962e-06
STT3B,3.602996e-06
CD151,3.6012116e-06
TMEM183AP1,3.6010815e-06
TGFBRAP1,3.5953533e-06
IRX2-DT,3.5952853e-06
LYST,3.5943183e-06
ARSK,3.591504e-06
RAC1P2,3.5900223e-06
MX1,3.5865012e-06
IPP,3.5819635e-06
GORASP1,3.581296e-06
DRC7,3.581235e-06
PRRC2A,3.5809437e-06
SCAF11,3.578032e-06
IDO1,3.577779e-06
ACSS3,3.57626e-06
BIRC2,3.5745438e-06
PCDHGB4,3.5742266e-06
IGLV2-18,3.5713863e-06
MATN4,3.5698104e-06
SLC27A1,3.5694527e-06
RNU1-28P,3.5662515e-06
POU3F1,3.565059e-06
GEM,3.5645403e-06
SMARCA5-AS1,3.5643184e-06
ZNF584-DT,3.5641874e-06
SPEF1,3.5640617e-06
POU3F2,3.563744e-06
WASF3,3.5637395e-06
ADD1,3.562288e-06
CEBPD,3.5621194e-06
CLPTM1L,3.5605453e-06
CTTNBP2NL,3.5573573e-06
LRRC18,3.5569196e-06
HNRNPF,3.5567152e-06
PKN2,3.5536677e-06
PIGX,3.553535e-06
PALLD,3.5529454e-06
ZFR,3.5528444e-06
PAICS,3.5506903e-06
LATS2,3.5504108e-06
HNRNPA1L2,3.549715e-06
TMX1,3.5490496e-06
EFCC1,3.5477312e-06
EIF4G1,3.5477087e-06
CLUH,3.546666e-06
ABCA3,3.5444664e-06
PCDHB17P,3.544169e-06
INHBE,3.5438597e-06
DOCK7-DT,3.541263e-06
OSBPL6,3.541131e-06
NR4A3,3.541005e-06
GALK1,3.5406488e-06
COPS2,3.5406072e-06
TMEM184C,3.5405958e-06
AGR3,3.5399307e-06
TFCP2,3.539461e-06
ARL1,3.5386645e-06
STK24,3.5378657e-06
ITGA7,3.5369337e-06
ANXA2,3.536619e-06
ENPP1,3.5365108e-06
GEMIN5,3.5352143e-06
LINC03032,3.5345245e-06
SHISA5,3.5338253e-06
PAQR7,3.533742e-06
DROSHA,3.5336752e-06
MPDZ,3.5335318e-06
PRKD2,3.5326857e-06
HAP1,3.5280725e-06
RBM8A,3.5267822e-06
VAV2,3.52482e-06
SNW1,3.5211797e-06
LINC03082,3.5198202e-06
SNTA1,3.51722e-06
LNPK,3.513336e-06
ELDR,3.512454e-06
MRPS17,3.5113244e-06
CDH1,3.509338e-06
ABCA1,3.5087653e-06
NFIA,3.505574e-06
USP47,3.5031983e-06
HEATR5B,3.5029134e-06
PSME2P2,3.5020923e-06
UBE2FP1,3.5019025e-06
GRWD1,3.4999944e-06
TRIM65,3.4996729e-06
ZDHHC23,3.4993157e-06
SMARCB1,3.4988002e-06
FBLN5,3.4968605e-06
MAF,3.4961608e-06
CFAP52,3.4931513e-06
UBXN10,3.489988e-06
ROPN1L,3.4886002e-06
MFAP4,3.4883606e-06
ZNF558,3.4877403e-06
RBAK,3.485495e-06
PNPLA3,3.4800426e-06
HIVEP2,3.4785576e-06
IGLV3-10,3.4774305e-06
CRNKL1,3.4769282e-06
INSIG2,3.4754341e-06
H2BC3,3.475167e-06
MIR4644,3.4750215e-06
SPATA33,3.47492e-06
EFHC2,3.473354e-06
SND1,3.473121e-06
EPO,3.471002e-06
C3orf38,3.4692075e-06
DICER1,3.4688594e-06
RPS27AP4,3.4685722e-06
STRA6,3.46793e-06
CMTR1,3.4678621e-06
GRAMD2B,3.4655966e-06
RABGAP1,3.465578e-06
TNXB,3.463571e-06
URB2,3.462598e-06
PKM,3.462557e-06
ALPK3,3.4625398e-06
CCL20,3.4620598e-06
TPTEP1,3.4617638e-06
RAB3D,3.4617044e-06
OTUD5,3.461594e-06
RNF180,3.4615714e-06
SAP130,3.4611355e-06
CSDE1,3.4598309e-06
ITPR3,3.4593872e-06
TMEM120A,3.45925e-06
DEFA3,3.4546226e-06
MARCO,3.4536436e-06
CHMP2A,3.4533477e-06
EMP3,3.4532095e-06
PRDM5,3.4526536e-06
APLP2,3.4524887e-06
DNAH7,3.4520342e-06
EPS15L1,3.4519028e-06
WNK1,3.4508937e-06
ZNF816,3.4502505e-06
ARAF,3.4485624e-06
KIF25-AS1,3.4460268e-06
WDFY1,3.445579e-06
KCNK5,3.4455716e-06
SSRP1,3.4436146e-06
HNRNPA3P6,3.4420266e-06
IL17RC,3.4403868e-06
ITGA2,3.4399782e-06
MDFIC,3.4396612e-06
TRBV8-2,3.439526e-06
CDKN2A-AS1,3.439064e-06
MIR4322,3.4343732e-06
SECISBP2L,3.4343118e-06
SLC6A13,3.433783e-06
LINC01139,3.4321456e-06
MED12,3.4296315e-06
PTGFR,3.429447e-06
FAIM,3.4287661e-06
WDR49,3.4276588e-06
CLCN3,3.4273414e-06
NDST1,3.4267953e-06
GTF3C6,3.426147e-06
LEPROT,3.425904e-06
SLC35E4,3.4248744e-06
H6PD,3.4232758e-06
TCAF1P1,3.4231084e-06
RPF2,3.4217242e-06
CRYBG1,3.4192826e-06
CFAP57,3.4191366e-06
DDX21,3.4169368e-06
BLOC1S3,3.416928e-06
TRBJ2-1,3.4158036e-06
ARMH4,3.415299e-06
ZBTB10,3.414943e-06
CCDC77,3.4131126e-06
GIGYF2,3.4119637e-06
PNPLA8,3.4113775e-06
RNU7-20P,3.4112816e-06
ZC3H7B,3.4108525e-06
HLA-S,3.4106888e-06
MED12L,3.4071184e-06
SC5D,3.406653e-06
FBXO46,3.4065924e-06
IL1RAP,3.4065276e-06
BLVRB,3.4057612e-06
GALNT2,3.4036761e-06
ARMC10,3.4019213e-06
HLA-E,3.397306e-06
ZNF667-AS1,3.3964654e-06
TSPAN6,3.3953877e-06
WDR44,3.3949989e-06
M6PR,3.393665e-06
CAMK2D,3.3933745e-06
MED22,3.393374e-06
PTPN21,3.3926274e-06
DEPP1,3.3926092e-06
LOC124903827,3.3923882e-06
PDIA4,3.391161e-06
RTL5,3.3894128e-06
LOC102724428,3.3893527e-06
CDIPTOSP,3.3866559e-06
HSD17B12,3.3865383e-06
AFG3L2,3.3849965e-06
PTPN3,3.3844506e-06
DGLUCY,3.3842202e-06
DOK5,3.382329e-06
C1orf21,3.3819554e-06
RAB4A,3.3812853e-06
JADE2,3.3800245e-06
LINC00689,3.3797494e-06
DNAAF11,3.3795636e-06
PAX8-AS1,3.3794345e-06
SEMA3E,3.3776257e-06
CLXN,3.3709352e-06
CYP21A2,3.3688818e-06
CCDC112,3.368585e-06
C6orf141,3.368202e-06
WNK4,3.3672916e-06
LOC124904115,3.3672204e-06
RPS4XP13,3.366163e-06
LINC00486,3.3654317e-06
CD109,3.3653303e-06
SBDSP1,3.3650376e-06
ZNF777,3.364821e-06
ELOVL2-AS1,3.3638757e-06
OS9,3.3632348e-06
DLEC1,3.3631516e-06
EIF2B2,3.3617025e-06
CAMTA1-AS1,3.3616207e-06
FAH,3.3613012e-06
EMID1,3.358756e-06
DHX9,3.3586527e-06
KLF16,3.3567017e-06
ALDH6A1,3.3548533e-06
EHD2,3.354578e-06
MIR548AN,3.3545057e-06
COLGALT2,3.3517533e-06
QKI,3.3505326e-06
SNX25,3.3502893e-06
ZSCAN21,3.348786e-06
ABCF2,3.3476933e-06
PBX1,3.3474143e-06
DUSP16,3.343821e-06
MIR3659HG,3.3425902e-06
C8orf34,3.3423607e-06
KREMEN1,3.3404242e-06
NPPB,3.3369e-06
SLC17A5,3.3361925e-06
PKD1P2,3.3346764e-06
ALDH1L1-AS2,3.334192e-06
ANO1,3.3332653e-06
PPP2R2B,3.3332265e-06
VAV3,3.3326555e-06
GLRA3,3.330141e-06
SPAG16,3.3300257e-06
SLCO2A1,3.330012e-06
MR1,3.3287188e-06
ACAT1,3.326782e-06
NOLC1,3.326427e-06
SEMA6A,3.3257963e-06
PIK3R4,3.3243564e-06
PIWIL2,3.3238284e-06
ZNF296,3.3232784e-06
PVR,3.3218312e-06
SRGAP2,3.3206334e-06
AK4P1,3.3202732e-06
HLA-U,3.319443e-06
RNU6-446P,3.3171382e-06
PLD2,3.3168342e-06
COLEC12,3.3165436e-06
LOXL2,3.3161916e-06
KLRC4,3.3161534e-06
BSDC1,3.3139638e-06
MT-TE,3.3126441e-06
SLC44A3-AS1,3.310152e-06
SYVN1,3.3100932e-06
CIMAP3,3.3093181e-06
DDOST,3.3088022e-06
GOLGA1,3.308363e-06
SARAF,3.3082558e-06
ZNF628,3.3058745e-06
CPNE2,3.305233e-06
ELAVL1,3.3043702e-06
OXA1L,3.3026345e-06
CETN2,3.300681e-06
CNN1,3.300021e-06
ACTRT3,3.2999385e-06
RIT1,3.2999367e-06
ACBD5,3.2979433e-06
HMGB1P6,3.2972248e-06
CALHM5,3.2965602e-06
FAM110C,3.2957394e-06
NAMPT,3.2939092e-06
RNU6-529P,3.292639e-06
PAFAH2,3.2912112e-06
GSDMC,3.2911105e-06
RADIL,3.2909531e-06
BPIFB4,3.2877797e-06
CNDP2,3.2875398e-06
TMOD2,3.2860212e-06
ROBO2,3.2836292e-06
RPTOR,3.2812918e-06
RNF5P1,3.2795697e-06
PRMT2,3.278461e-06
SELENOV,3.2776388e-06
PCDHGA12,3.2772828e-06
TFAP2B,3.2760493e-06
PRKACA,3.2758762e-06
FREM3,3.274445e-06
MAP3K20,3.2742796e-06
TLN1,3.2729022e-06
GALNT3,3.272198e-06
CRYBB2P1,3.2710132e-06
NEK11,3.2699265e-06
ISOC1,3.2696855e-06
SLC13A3,3.2694422e-06
BCAT1-DT,3.2689231e-06
TIGD4,3.2673586e-06
SALL4,3.2671899e-06
NUDT19,3.2662958e-06
GOLGA5,3.2661299e-06
MID1IP1,3.2660043e-06
PCDH17,3.2649882e-06
GPATCH1,3.264928e-06
RNF32-DT,3.2645273e-06
ZNF326,3.2616094e-06
WDR41,3.258218e-06
TRIM14,3.2580922e-06
GAST,3.2577711e-06
FMO2,3.2567323e-06
KTI12,3.2553378e-06
ARAP2,3.2545686e-06
ACP2,3.253105e-06
SCMH1,3.2523312e-06
GMPR,3.2505652e-06
TXNIP,3.2498358e-06
FAM240C,3.2490802e-06
APH1A,3.248155e-06
LINC00601,3.2463786e-06
PFKP,3.2448563e-06
WTAPP2,3.2421315e-06
PCNX4,3.2419437e-06
GJA5,3.2409796e-06
RECQL,3.2380344e-06
NMD3,3.236371e-06
C8orf58,3.2359092e-06
TOP1,3.235842e-06
DBP,3.235799e-06
KCTD9,3.2352402e-06
PINK1,3.2346072e-06
OSCP1,3.23062e-06
IFT70B,3.229943e-06
IL1B,3.2293701e-06
MIR124-2,3.2289436e-06
CHERP,3.2282624e-06
POLR3B,3.2265225e-06
INTS13,3.2258251e-06
FAM234A,3.224954e-06
IGKV1-9,3.2240357e-06
PCBP1,3.2191963e-06
OR2I1,3.218376e-06
DAP,3.2183045e-06
IGLV3-1,3.2171959e-06
DHX32,3.2171918e-06
RPAP1,3.2169908e-06
HELZ2,3.2159683e-06
RN7SL834P,3.2151315e-06
CYB561D1,3.2150385e-06
RHOC,3.2149032e-06
SNX7,3.2147818e-06
TNN,3.2144358e-06
IP6K1,3.212692e-06
KLHL20,3.209891e-06
GAS6-DT,3.209728e-06
HABP4,3.206592e-06
ITGA3,3.206486e-06
VPS39,3.2053983e-06
EIF4EP2,3.205093e-06
LRRN3,3.2042221e-06
ZBED3,3.203101e-06
LPIN1,3.2014093e-06
DEFB124,3.2010807e-06
TMT1B,3.2005296e-06
TTC23,3.1995871e-06
SORCS2,3.1985278e-06
MC4R,3.1974212e-06
GTF2I,3.1962654e-06
DHRS4,3.1957657e-06
RPS2P40,3.1929123e-06
ZNF45,3.1923648e-06
LOC124902280,3.1889665e-06
C10orf105,3.1885468e-06
IGHV3-66,3.1869556e-06
FBXO32,3.186878e-06
TIPARP,3.185873e-06
HECTD1,3.185672e-06
CCDC146,3.1851746e-06
SLC49A4,3.1848808e-06
IGF2BP2,3.1804602e-06
PCDHGA9,3.179618e-06
MCUB,3.179461e-06
PSMD5,3.178837e-06
TMEM161A,3.1769437e-06
PTHLH,3.1749933e-06
ART3,3.1735567e-06
STRN,3.1728039e-06
TADA3,3.172285e-06
CAAP1,3.1689672e-06
SCGB3A2,3.1658585e-06
RNF216P1,3.1632458e-06
FAM86B1,3.1629813e-06
C19orf84,3.161983e-06
PPP1R15A,3.1616191e-06
EMC10,3.1613301e-06
IGKV2D-29,3.1606605e-06
GPAT3,3.1599363e-06
BRINP2,3.159327e-06
GCN1,3.1582388e-06
PABPC5,3.1576726e-06
ZNRF2P1,3.1569757e-06
TRIB2,3.1563407e-06
IGFBP7-AS1,3.1561242e-06
KIF1C,3.1560278e-06
TMEM245,3.1559728e-06
KIAA1143,3.1537356e-06
UBR5,3.1520717e-06
RSPH14,3.149817e-06
VTRNA1-2,3.1484167e-06
AAGAB,3.147787e-06
CCDC51,3.1472655e-06
B4GALT1,3.1455609e-06
TENM4,3.1430386e-06
MSN,3.1408586e-06
CA12,3.1408065e-06
ERP27,3.1398836e-06
HOXD13,3.1369527e-06
PEX10,3.1350494e-06
C1orf226,3.1323236e-06
NCOA6,3.1322397e-06
LRP4,3.1318416e-06
TMEM109,3.1303775e-06
FZD5,3.1303377e-06
ARHGEF10L,3.1300488e-06
GAPDHP69,3.1291122e-06
GLB1L3,3.1287473e-06
KIRREL2,3.1249742e-06
SPMIP1,3.123296e-06
ATG9B,3.1231616e-06
DUSP4,3.1229783e-06
ZNF826P,3.1225527e-06
PGM2,3.120524e-06
LRRC75A,3.120376e-06
WDR35,3.1201948e-06
SLC35B4,3.1195273e-06
CDH15,3.1193385e-06
TCFL5,3.118099e-06
EGR1,3.1163302e-06
SEPTIN9,3.1161226e-06
MIR6783,3.1151415e-06
NKX3-1,3.1133243e-06
CLIC6,3.1108796e-06
GLYATL2,3.1106704e-06
HMGB1P1,3.1094723e-06
CHST15,3.1092882e-06
LAPTM4B,3.1081836e-06
C9orf78,3.1065433e-06
MIR3681HG,3.106421e-06
PIERCE1,3.102782e-06
MIR4441,3.102255e-06
MAB21L1,3.1020545e-06
LYPLA1P3,3.1010902e-06
CLU,3.1008628e-06
GLMP,3.1005206e-06
OTX2,3.100482e-06
XRCC5,3.100159e-06
CPA4,3.097323e-06
PLAC8,3.0969916e-06
PCDHGA10,3.0963404e-06
CASP2,3.0929023e-06
SIGLEC12,3.0918459e-06
RHOJ,3.091543e-06
MAN1A2,3.0908764e-06
PDE9A-AS1,3.0892713e-06
HBD,3.0886117e-06
FARSA,3.0882236e-06
KCNQ4,3.0877413e-06
ZBTB6,3.087661e-06
SLC66A1,3.0871636e-06
ELOVL1,3.0867493e-06
ACP4,3.0860497e-06
DALRD3,3.0858632e-06
KHDRBS1,3.0855663e-06
LRATD1,3.0835993e-06
IQSEC3-AS2,3.0835024e-06
PPP1R15B,3.0825329e-06
PPP2R2B-IT1,3.0818937e-06
MRPL49,3.0816689e-06
IFFO2,3.0794918e-06
FAM3C,3.0777026e-06
TIMCC,3.077152e-06
LTA4H,3.0769181e-06
RPS2P7,3.0755714e-06
AGAP1-IT1,3.0731635e-06
ALDH3A1,3.0721321e-06
MLLT1,3.0716783e-06
EML6,3.071225e-06
SLC6A6,3.0710964e-06
ARL9,3.0709043e-06
E2F5,3.0707781e-06
CFAP46,3.0694137e-06
PCDHB13,3.0691992e-06
SSPN,3.0690812e-06
TMED1,3.0689978e-06
NUFIP2,3.0688564e-06
PRKAR1B-AS1,3.0687195e-06
THEM5,3.067636e-06
FRAS1,3.0673664e-06
PAXIP1-AS2,3.0669116e-06
UTP20,3.0668532e-06
ELL2,3.0657304e-06
GDF15,3.0649155e-06
NUP205,3.0646943e-06
CAMKMT,3.0632127e-06
SMIM29,3.0616395e-06
FAM20C,3.0615965e-06
CCDC9B,3.0604979e-06
INAFM1,3.058573e-06
IGHV1-46,3.0542883e-06
HMGB3P9,3.0508565e-06
ZNF160,3.049477e-06
CUL4A,3.047991e-06
TCEAL9,3.0469753e-06
TNIP1,3.0458268e-06
VIT,3.0457484e-06
ADGRG1,3.0431527e-06
SYCE3,3.0429546e-06
POLR1B,3.0414185e-06
SNORD3A,3.0411616e-06
CSNK1A1,3.03966e-06
HEXIM1,3.0385434e-06
NRIR,3.0381798e-06
SRGAP2B,3.0375102e-06
SMARCC2,3.0373042e-06
ABCE1,3.0362635e-06
TNRC6B,3.0358901e-06
B4GALNT3,3.0339904e-06
GSC,3.0334977e-06
LOC124903590,3.032449e-06
SLC25A13,3.031548e-06
RNA5SP108,3.0308431e-06
NUP188,3.0294964e-06
CHST2,3.0254225e-06
MIR708,3.0246447e-06
RAB27A,3.0242602e-06
CTSA,3.0241595e-06
FRMD3,3.0196009e-06
STYX,3.019576e-06
GGN,3.0175577e-06
GLO1,3.0170997e-06
MRPL9P1,3.0157728e-06
EIF2S3,3.0145782e-06
TPI1,3.0137887e-06
PLOD1,3.0129909e-06
BARX1,3.012546e-06
MID1,3.0118083e-06
TLN2,3.0087638e-06
ISM1,3.005244e-06
LEISA1,3.0049468e-06
PRR5L,3.000605e-06
FAM24B,3.0002577e-06
LINC00645,2.9993882e-06
LOC124902438,2.9991268e-06
IGKV1D-13,2.9979674e-06
PPL,2.993026e-06
MIRLET7C,2.991992e-06
LINC01234,2.9906355e-06
EIF3I,2.9901805e-06
UBE3A,2.98819e-06
EFCAB10,2.9876526e-06
ZNF497,2.986294e-06
PFKFB4,2.9848454e-06
CDK12,2.984373e-06
CASQ2,2.9813539e-06
SEC61GP1,2.9790983e-06
PACS1,2.9777523e-06
SEPTIN8,2.9754106e-06
LOC124906033,2.9714538e-06
TRAPPC9,2.9713003e-06
CFAP210,2.969351e-06
SYS1,2.9690668e-06
RBM43,2.9671307e-06
HEG1,2.9666278e-06
CHAMP1,2.96541e-06
SOAT1,2.9647479e-06
DPH2,2.9633366e-06
PPP1R14B,2.962082e-06
PDZD8,2.9612172e-06
IGLC7,2.9574046e-06
FKBP15,2.9563955e-06
CSE1L,2.9539158e-06
RAB3IP,2.9533612e-06
F2RL2,2.9492955e-06
B2M,2.9468279e-06
ARNT,2.945441e-06
PCDH10,2.9426355e-06
ABITRAM,2.939678e-06
LRRCC1,2.9395212e-06
KLHL29,2.938587e-06
CHST9,2.9379894e-06
PMVK,2.9379053e-06
FITM2,2.9378218e-06
RPL22,2.937186e-06
MSI1,2.9361581e-06
CBL,2.9342793e-06
PCM1,2.9334312e-06
ZNF24,2.9331507e-06
HYOU1,2.93117e-06
RSF1,2.9309874e-06
BRD4,2.9290113e-06
BCL9,2.927667e-06
CPLANE1,2.9261362e-06
MIER1,2.9253845e-06
ZNF398,2.9249586e-06
RNU6-7,2.9244652e-06
LINC00676,2.9240166e-06
PTBP1,2.922352e-06
PCDH11X,2.9204703e-06
PRPF4,2.9192854e-06
PCDHGB5,2.918979e-06
KRT8P12,2.9186172e-06
EIF4EBP3,2.9134019e-06
IWS1,2.9131083e-06
IGKV3D-15,2.9124424e-06
TM9SF2,2.9101354e-06
TAF6,2.9101093e-06
RNU6-558P,2.9089456e-06
RDH10,2.9066134e-06
TFPI2,2.9036446e-06
TUBGCP5,2.9030812e-06
RRM1,2.9020082e-06
LYVE1,2.9002153e-06
ASXL2,2.8987179e-06
KRI1,2.898678e-06
USP33,2.8983673e-06
SLC4A11,2.8976076e-06
BMP7,2.8968707e-06
SV2A,2.896598e-06
CKAP5,2.8958927e-06
TICAM1,2.8954973e-06
EHD1,2.8948243e-06
EFNB1,2.8921968e-06
KDELR2,2.8907002e-06
STK17A,2.8896907e-06
ALKBH4,2.8877819e-06
AKAP12,2.8859856e-06
LIF,2.8856657e-06
CANT1,2.8853399e-06
FOXJ2,2.8843751e-06
GAS1,2.8816312e-06
DCAF1,2.8802147e-06
TMT1A,2.8783777e-06
KAZN,2.8752456e-06
SNRPFP1,2.874747e-06
SPSB2,2.8735028e-06
MIR3153,2.8734485e-06
PGK1P2,2.8721659e-06
FADS2,2.8718252e-06
TNFRSF12A,2.870811e-06
MEDAG,2.8698403e-06
IRF2BP2,2.8692305e-06
CLDN23,2.8691018e-06
PDGFA-DT,2.8682439e-06
COPG1,2.86716e-06
CPSF6,2.8670197e-06
KLHL5,2.8669306e-06
FIZ1,2.8654213e-06
P3H2,2.8613792e-06
APC,2.8613517e-06
H19,2.8608142e-06
GPD2,2.8604632e-06
RUSC1,2.8603695e-06
FAM237B,2.8592324e-06
HLA-B,2.859045e-06
PDAP1,2.8581674e-06
IGHV3-33,2.8569002e-06
DHX37,2.8559348e-06
GPAT4,2.855036e-06
CSNK1G1,2.8545383e-06
UBQLN4,2.8531883e-06
FOXRED2,2.8523618e-06
SLC26A7,2.8495745e-06
HERPUD2,2.8490858e-06
MANF,2.8485715e-06
MFSD12,2.847714e-06
HNRNPA3P5,2.8475645e-06
MIR217HG,2.8475458e-06
E2F6,2.8464572e-06
DACT1,2.846233e-06
A2M,2.8439993e-06
TTC39B,2.842242e-06
DACT2,2.8419113e-06
RNU1-134P,2.8408974e-06
IGHV3-53,2.8408758e-06
EDF1,2.840538e-06
RGL3,2.8390943e-06
IGLV9-49,2.8390887e-06
ZDHHC20-IT1,2.8381596e-06
FBL,2.8380532e-06
HSP90AB3P,2.836743e-06
DNAJB2,2.8322447e-06
PCDHGA11,2.8315771e-06
ZFYVE26,2.8303e-06
PRKCA,2.8289053e-06
CYP2U1,2.827785e-06
MCTP2,2.8277575e-06
MIMS1,2.8262305e-06
LRRC2,2.8255477e-06
TGFB3,2.823799e-06
FOXM1,2.8235409e-06
ARID5B,2.8230036e-06
PRDM13,2.8218387e-06
RIBC1,2.820784e-06
PAX1,2.820673e-06
DDRGK1,2.8206464e-06
ARHGAP1,2.820428e-06
TMEM158,2.8201648e-06
RHOU,2.819947e-06
HK2,2.8187044e-06
ULBP1,2.8181978e-06
DHFR2,2.8178436e-06
BACE2,2.817533e-06
MESTP1,2.8169593e-06
PLCG1,2.8166019e-06
KLF6,2.815554e-06
LSS,2.813509e-06
TANK,2.813085e-06
LIMK2,2.8113325e-06
SIAE,2.809555e-06
PLCD1,2.8094883e-06
TMEM147,2.8092845e-06
WNT16,2.8081276e-06
NUP210,2.8063578e-06
LGR6,2.8036884e-06
SPATA13,2.80247e-06
PGAP3,2.8015213e-06
ACP6,2.7996796e-06
RASD1,2.798821e-06
RPS15AP36,2.7985434e-06
MAPRE1,2.7970186e-06
SLPI,2.7953165e-06
LINC02182,2.7951564e-06
LONRF2,2.7951303e-06
ST13,2.7918204e-06
IFI27L1,2.7916867e-06
C4A,2.7906526e-06
RALA,2.7880608e-06
FAM167A,2.7875817e-06
RFX3,2.7867106e-06
MPI,2.7863996e-06
TECR,2.7828075e-06
XRCC6,2.7827164e-06
POLG,2.7821375e-06
CCDC40,2.78157e-06
TBC1D2B,2.7794729e-06
CREB5,2.778272e-06
LSM10,2.7777899e-06
BLTP2,2.777211e-06
RNF39,2.7768053e-06
SLC7A10,2.7764768e-06
WWP1,2.776476e-06
COG1,2.7764352e-06
LMO2,2.7741983e-06
AQP4-AS1,2.7721107e-06
PMEL,2.771153e-06
YES1,2.7671597e-06
NKX2-1,2.7662745e-06
MRPS18B,2.7653773e-06
ZNF865,2.7653036e-06
CFAP95,2.7646108e-06
ZFP28,2.7600765e-06
DUTP6,2.756705e-06
LOC124902005,2.7561518e-06
LPIN3,2.755369e-06
CPTP,2.7553522e-06
DHRS3,2.7550964e-06
PTGS1,2.7511262e-06
ENAH,2.7499625e-06
SLC9D1,2.7485532e-06
BCL7B,2.7476947e-06
PTGES3P1,2.7467424e-06
SHISA9,2.7444557e-06
CDK2,2.7440858e-06
FBXO6,2.742791e-06
PI4K2B,2.7423328e-06
SNX5,2.7415042e-06
ZNF607,2.74033e-06
LOC124902947,2.7386238e-06
PHYH,2.7371598e-06
TMPRSS3,2.7370995e-06
SPEN,2.7352698e-06
COL20A1,2.7349458e-06
MORN3,2.733042e-06
POFUT4,2.733039e-06
CFAP100,2.73257e-06
PLK3,2.7320718e-06
PYGO2,2.7318088e-06
LOC124900520,2.7308884e-06
NOB1,2.7304013e-06
LINC01354,2.7285905e-06
FRYL,2.726377e-06
PPP1R26,2.7235494e-06
CDC42P6,2.7220265e-06
ATP6AP1,2.721241e-06
RETREG1,2.7183344e-06
LINC01173,2.7182364e-06
KCTD14,2.7170313e-06
RNU7-154P,2.7167405e-06
ZNF603P,2.7166386e-06
APEH,2.7161636e-06
ARID2,2.7144692e-06
UGDH,2.7132128e-06
NCK2,2.7131277e-06
RCC1L,2.7119102e-06
CDAN1,2.7113301e-06
CRISPLD2,2.7110732e-06
HGH1,2.711042e-06
BTN3A1,2.7098047e-06
PAX6,2.7091767e-06
LDHAP5,2.70917e-06
ZMYND12,2.7080152e-06
ID2-AS1,2.707338e-06
MMP19,2.7070319e-06
TRANK1,2.7044423e-06
F2R,2.702198e-06
HTATSF1,2.7021727e-06
SUMO2P8,2.6994023e-06
PKD1P5,2.6990858e-06
EGLN3,2.6962427e-06
CILK1,2.6958674e-06
PRDX1,2.6951154e-06
LOC124901616,2.694591e-06
GAP43,2.694587e-06
RIGI,2.6944406e-06
TPM4P3,2.6943194e-06
ARHGEF12,2.6938542e-06
P4HB,2.6931473e-06
MIF-AS1,2.6924674e-06
GTF3C1,2.6919897e-06
NFKBIZ,2.690514e-06
GAPDHP60,2.6882456e-06
DNAJC11,2.6872424e-06
KLHL42,2.6865293e-06
RIN1,2.685522e-06
YOD1,2.6850132e-06
ANKRD9,2.6842154e-06
IFI44L,2.6831108e-06
MFAP3L,2.682767e-06
EGFR,2.6825705e-06
MDH2,2.6804812e-06
CYP2J2,2.6777511e-06
BCO1,2.6773664e-06
FAM193A,2.6762232e-06
DPP4,2.675745e-06
PRDM16,2.675191e-06
CPSF7,2.6750072e-06
KCTD5,2.6742723e-06
ZNF770,2.6731013e-06
MAP3K13,2.6722287e-06
TRGJP2,2.6718972e-06
TPSB2,2.6715634e-06
YLPM1,2.6705059e-06
TRAFD1,2.6688242e-06
TTLL1,2.6682917e-06
SCN9A,2.6681741e-06
UBA2,2.666857e-06
NDC1,2.665974e-06
CUBN,2.664473e-06
AK2P1,2.6642163e-06
RFX1,2.6641808e-06
ZBBX,2.6630319e-06
ZNF460,2.6618145e-06
SLC18A3,2.6617013e-06
BOC,2.660453e-06
SLC47A2,2.657643e-06
KDM5C,2.6569214e-06
MPZL2,2.6561931e-06
ADSS2,2.652148e-06
COPG2,2.651396e-06
PRICKLE3,2.651166e-06
SDK1,2.6510554e-06
FAM220A,2.650306e-06
CCNB1IP1,2.6498958e-06
EEA1,2.6497644e-06
USP48,2.6490939e-06
APOM,2.6479893e-06
LINC01834,2.6476798e-06
RHBDF1,2.6465282e-06
ELN,2.6463576e-06
CFH,2.6457872e-06
HIPK3,2.6444393e-06
UBL3,2.64432e-06
SUSD6,2.644247e-06
SNRNP40,2.6436196e-06
HNRNPA1P10,2.6410362e-06
EIF5AL1,2.640644e-06
DHRS4L2,2.6395921e-06
FRS2,2.638665e-06
AGTR1,2.6378939e-06
IGSF11,2.6333094e-06
PHF14,2.6329685e-06
HOATZ,2.632269e-06
TKTL1,2.6316272e-06
MIR3680-1,2.6307707e-06
GOLPH3L,2.6303685e-06
INAFM2,2.6298019e-06
RNPEP,2.6290459e-06
NHSL3,2.6281955e-06
SP1,2.627499e-06
GAB1,2.6273888e-06
CCN1,2.6273003e-06
TAGLN2P1,2.6266946e-06
CFAP144,2.625909e-06
TPI1P1,2.6249702e-06
PEX14,2.6247549e-06
LCTL,2.6246046e-06
QSOX2,2.6238429e-06
ARHGEF19,2.6237908e-06
ITGBL1,2.621855e-06
FKRP,2.6204812e-06
TMEM63B,2.6175803e-06
CKAP4,2.6173677e-06
GOLGA2P5,2.6169191e-06
DYNC2H1,2.6163475e-06
RNU6-277P,2.6153243e-06
RBM7,2.6144794e-06
DENND5B,2.6125947e-06
CCDC181,2.6102512e-06
TCF19,2.60649e-06
PSAT1,2.606459e-06
TMEM171,2.6053626e-06
HMCES,2.6047508e-06
SERPINE1,2.6037844e-06
IL27RA,2.6021598e-06
ZNF322,2.5997806e-06
MFHAS1,2.5993447e-06
ABLIM1,2.597854e-06
RBM47,2.5964573e-06
NEDD4,2.5962952e-06
CAPSL,2.595668e-06
NCAPG2,2.5954853e-06
LINC03214,2.5946802e-06
C6orf118,2.5943812e-06
ANG,2.5933236e-06
CCND2,2.593061e-06
CTSLP2,2.5930447e-06
ACAT2,2.592765e-06
SIL1,2.5917036e-06
EP300,2.5916866e-06
TAPBPL,2.5914221e-06
HAPLN1,2.5907198e-06
VPS13B,2.5904374e-06
CHAF1A,2.589059e-06
SRSF4,2.5886852e-06
SUSD2,2.5885474e-06
H2BC7,2.5881711e-06
WTIP,2.5881563e-06
RNA5-8SP2,2.585838e-06
RPS28P2,2.5848763e-06
HEXB,2.5839286e-06
CMYA5,2.5837435e-06
EIF2B3,2.5832085e-06
CSNK2A1,2.578076e-06
TEX26,2.5777933e-06
PLD6,2.5738154e-06
ADO,2.573324e-06
MIR6793,2.5731945e-06
CLDN12,2.57254e-06
SAMHD1,2.571293e-06
LPCAT1,2.5712363e-06
LHX8,2.5709041e-06
GLTP,2.5698662e-06
MIR4645,2.5697814e-06
TAF5,2.5663617e-06
WBP2,2.5656934e-06
NXPH3,2.5649217e-06
CELSR2,2.5647635e-06
SLC8B1,2.5640663e-06
MORC2,2.5640425e-06
LINC01638,2.5632157e-06
SETX,2.563043e-06
PHLDA1,2.558996e-06
CCDC81,2.5556255e-06
C5orf24,2.553998e-06
MBOAT7,2.553026e-06
TOMM20,2.5514112e-06
ACTG1P25,2.5509864e-06
CAMSAP2,2.5506922e-06
KIAA0040,2.5492984e-06
PCDHGC5,2.5475947e-06
GFAP,2.5473928e-06
LOC105372424,2.546917e-06
MIR5695,2.5464208e-06
FNDC4,2.5463346e-06
BTBD7,2.5453578e-06
ALDH7A1P1,2.5450297e-06
LINC01587,2.543967e-06
POGLUT3,2.5438426e-06
PDPN,2.5436789e-06
SCAPER,2.5432694e-06
B4GALT2,2.5429367e-06
BAG3,2.541096e-06
ADGRG6,2.5401662e-06
SAR1B,2.539957e-06
EGR2,2.539551e-06
ACTR8,2.5391198e-06
MSNP1,2.5391196e-06
THAP5,2.535889e-06
FAM111A,2.5349295e-06
HKDC1,2.5339955e-06
FMNL2,2.533376e-06
DAPK3,2.5333625e-06
BBOF1,2.5322422e-06
EDARADD,2.5304398e-06
LINC01842,2.5298075e-06
SIGLEC16,2.527778e-06
NPY2R-AS1,2.5274296e-06
CTCF,2.5268014e-06
SUPT6H,2.5263912e-06
NANP,2.5258175e-06
YIPF1,2.5235145e-06
PKMP1,2.5228687e-06
ZNF664,2.5228537e-06
SLC27A6,2.522787e-06
CTNND2,2.5220834e-06
WASHC4,2.5197428e-06
XPOT,2.5186225e-06
RN7SKP83,2.516034e-06
PANK2,2.516019e-06
DHX36,2.5157078e-06
PRTG,2.515686e-06
RNVU1-8,2.5154793e-06
MTDHP3,2.5142467e-06
CSTB,2.5137006e-06
IL1RN,2.5123304e-06
SLC9B2,2.5119139e-06
AHNAK,2.511139e-06
SMIM3,2.5103698e-06
POLR1A,2.509505e-06
RPL3,2.509257e-06
ENKUR,2.507767e-06
HM13,2.5074662e-06
SMIM10L1,2.5066943e-06
TXNRD3,2.5062623e-06
JMJD8,2.5055679e-06
ZNF300P1,2.5041725e-06
C12orf76,2.503775e-06
SIN3A,2.5037427e-06
BTBD1,2.5033776e-06
RAPGEF1,2.5027443e-06
CAMK1,2.498268e-06
BCAM,2.4972796e-06
SLC2A4RG,2.4951944e-06
NIPA1,2.4945514e-06
CNIH3-AS1,2.4934027e-06
SPACA9,2.4928993e-06
PRPF6,2.4921796e-06
MT3,2.4908577e-06
BUD13,2.489604e-06
CA3-AS1,2.4885337e-06
TCN2,2.484191e-06
LOC100996437,2.4827755e-06
KARS1,2.4818507e-06
ZCCHC2,2.4816088e-06
ZNF853,2.4796025e-06
CKS1BP1,2.4794354e-06
RGP1,2.4790766e-06
GAPDHP40,2.478568e-06
PCDHGB3,2.4774001e-06
HP,2.4758797e-06
CEACAM1,2.4758383e-06
PSME1,2.4748404e-06
TRRAP,2.4724836e-06
ABCD2,2.4696105e-06
LOC124902723,2.468375e-06
DDX27,2.4675737e-06
DCLK2,2.4674762e-06
HOXA9,2.4647663e-06
KLHL12,2.4647388e-06
SUPT5H,2.4646943e-06
URGCP,2.4623473e-06
MYL6P5,2.4604412e-06
PPP1R16A,2.4603646e-06
ABCA6,2.4603485e-06
NOMO2,2.4590688e-06
EIF3M,2.457761e-06
EBNA1BP2,2.4549324e-06
INSRR,2.4548203e-06
BRD7,2.4543156e-06
RBM15,2.4483495e-06
PGM3,2.446412e-06
TAF3,2.4461172e-06
CTNNBL1,2.4446128e-06
HSPA4L,2.444605e-06
SPRED3,2.4445826e-06
ADCY3,2.4430863e-06
RNY1P16,2.4397877e-06
SHISA5P2,2.4396472e-06
HPD,2.4381097e-06
CXCL13,2.4377803e-06
RPL23AP7,2.434405e-06
DHX30,2.4340452e-06
MAFA-AS1,2.4323476e-06
DLX6-AS1,2.431971e-06
ACACA,2.4291048e-06
YTHDC1,2.4275726e-06
UBTF,2.4274136e-06
PAK4,2.4270191e-06
DEGS1,2.4202534e-06
ZBTB2,2.4193673e-06
TEKT4P2,2.4185047e-06
SLFN5,2.4172255e-06
TBC1D9B,2.4152873e-06
MBOAT1,2.4148233e-06
NPR1,2.4139476e-06
LYPLAL1-AS1,2.4114736e-06
PDCL2,2.4104158e-06
MOGS,2.4095527e-06
BIRC3,2.409485e-06
MBD3,2.4077951e-06
ZNF468,2.4071887e-06
PITPNC1,2.4071285e-06
RNU6-652P,2.4054868e-06
RSPH9,2.4052358e-06
KCND1,2.404553e-06
ZNF384,2.4019464e-06
BDH2,2.4002925e-06
LNC-WAL,2.3994016e-06
ZFYVE19,2.397274e-06
SRRM1,2.3960843e-06
AQP11,2.3959603e-06
PRAC2,2.3957052e-06
CFAP91,2.39554e-06
DDHD1,2.3940354e-06
EPHA7,2.3922225e-06
CPLANE2,2.3921548e-06
IRF2BP1,2.3888017e-06
SIRPA,2.3876682e-06
NDP,2.386947e-06
TMPRSS7,2.3859152e-06
SERPINI2,2.3857092e-06
PDCD11,2.3852037e-06
BAIAP2-DT,2.3839996e-06
SUMF2,2.3833331e-06
SGCD,2.3831856e-06
VPS72,2.3827797e-06
NRSN2,2.3824266e-06
TTC23-AS1,2.3815721e-06
LINC01088,2.3812208e-06
COL9A2,2.3801852e-06
KRT14,2.3773418e-06
CCDC15,2.3764524e-06
ICAM1,2.376344e-06
TMC7,2.375602e-06
MRGPRF,2.3752282e-06
CSRNP1,2.3746895e-06
ZNF212,2.3740013e-06
LINC03018,2.3732903e-06
ERC1,2.3717803e-06
FADD,2.3717469e-06
RPS2,2.371026e-06
RITA1,2.370707e-06
ZSCAN29,2.3706896e-06
VCAM1,2.3694868e-06
PRX,2.3673879e-06
HVCN1,2.366771e-06
HIPK1,2.3620732e-06
MIR4312,2.3588925e-06
NUMA1,2.3570626e-06
RACK1,2.3560813e-06
SYNPO,2.355544e-06
PSMG3-AS1,2.3543246e-06
CXCL5,2.350878e-06
CPA6,2.349e-06
USP9X,2.3452396e-06
HIRIP3,2.3452385e-06
AFG2B,2.3448986e-06
SERTAD1,2.344815e-06
RBM18,2.3445239e-06
TMEM9B,2.343562e-06
WDR91,2.3435148e-06
WDR19,2.3434102e-06
LSAMP-AS1,2.3433279e-06
CCND3,2.3431796e-06
SOSTDC1,2.3427713e-06
PRDM1,2.3418106e-06
SLC31A1,2.341751e-06
ALDH3B1,2.3415678e-06
FAM111B,2.341444e-06
SELENOF,2.3392652e-06
OMP,2.3392558e-06
CD5L,2.3389262e-06
TCF12,2.3383436e-06
LINC02009,2.3362975e-06
CHPT1,2.3345192e-06
IMPACT,2.3311316e-06
HMGB1P41,2.3304246e-06
CDH4,2.3273758e-06
JAM3,2.3271002e-06
RELB,2.3270932e-06
UPF2,2.3266923e-06
NFS1,2.324542e-06
LRGUK,2.3227637e-06
ACOX3,2.3222303e-06
SCGN,2.3221196e-06
TMEM38B,2.322007e-06
LINC01998,2.3218238e-06
TM7SF2,2.319966e-06
DM1-AS,2.3187908e-06
ZNF503-AS2,2.3177518e-06
IGHV3-73,2.3175664e-06
ZFP36L1,2.3168363e-06
SLFN13,2.3154498e-06
FOXO3,2.314706e-06
MEIS1,2.3141154e-06
KLRC4-KLRK1,2.313378e-06
PLP2,2.3119928e-06
DFFA,2.311966e-06
SLC12A2,2.3099526e-06
EFCAB13-DT,2.3077523e-06
ADAM15,2.306514e-06
KIF21A,2.3041468e-06
POMT2,2.3040589e-06
PODXL,2.303877e-06
SGSH,2.3026346e-06
FLRT3,2.3021998e-06
MTR,2.3000312e-06
RO60,2.298726e-06
C1RL,2.2979361e-06
MRPL40,2.2976037e-06
SP100,2.2964925e-06
NR3C2,2.2954912e-06
NSA2,2.29475e-06
LINC02609,2.2930478e-06
LINC01011,2.292891e-06
TAC4,2.2918393e-06
DPH6,2.2890654e-06
ZNF703,2.2885997e-06
SAP30BP,2.2877973e-06
COL12A1,2.2877255e-06
SNORA74A,2.2859256e-06
NUCKS1,2.282588e-06
HNF4G,2.2810502e-06
GINS4,2.2801692e-06
NPS,2.2787895e-06
PSKH1,2.277726e-06
SLC25A30,2.2770532e-06
HERC2,2.2769823e-06
RAD51,2.2769334e-06
SEPTIN2,2.2766487e-06
DYRK3,2.2747863e-06
MAN1B1,2.27311e-06
MACF1,2.271721e-06
SLC22A23,2.2713502e-06
KALRN,2.268784e-06
MAEL,2.2679858e-06
WWC3,2.2675974e-06
IDNK,2.2668064e-06
CCDC91,2.2662352e-06
RGS8,2.2654297e-06
ZNF260,2.2650565e-06
SNORA38,2.2648135e-06
ACO2,2.2643835e-06
ATP2B4,2.2624542e-06
MAP1B,2.2609238e-06
BEST3,2.2605989e-06
DGKG,2.2583517e-06
RNU6-1280P,2.257071e-06
SP140L,2.256844e-06
TPBG,2.2563845e-06
ZNF827,2.2561758e-06
HMGB1P21,2.2558488e-06
PTAR1,2.2548327e-06
PLEKHO2,2.2546446e-06
DPYD,2.2544186e-06
SAMD15,2.2543907e-06
NHS,2.2536412e-06
ADAMTS15,2.253468e-06
PGM5,2.2530025e-06
CAV1,2.2521865e-06
PPAN,2.2509996e-06
UQCRFS1P1,2.2482184e-06
ZNF267,2.2476888e-06
FCAR,2.246706e-06
ZCCHC24,2.243392e-06
TPGS2,2.2420534e-06
NOL11,2.2411132e-06
HIGD1AP1,2.2402746e-06
SPTAN1,2.2396591e-06
C2CD4D-AS1,2.239653e-06
WIPF3,2.2394363e-06
MKRN1,2.2362235e-06
LINC01532,2.2358247e-06
ZNF221,2.2350566e-06
FIBIN,2.2335819e-06
MAPRE2,2.2283748e-06
PRPF31,2.2274235e-06
TRIM22,2.227138e-06
CAND1,2.22704e-06
KIF16B,2.2248855e-06
TNFRSF8,2.2242805e-06
LOC105372253,2.2233676e-06
TRAV41,2.2213749e-06
LRRC37A6P,2.2205588e-06
ACTG1,2.2193396e-06
ARHGEF40,2.218766e-06
FOXD2-AS1,2.217671e-06
DCUN1D2-AS,2.2173247e-06
ESCO1,2.2170534e-06
NTS,2.2168915e-06
HPSE2,2.2164872e-06
ING1,2.2164656e-06
WARS2-IT1,2.2158836e-06
ZC3H13,2.2155818e-06
WDR5,2.2147349e-06
MRTFB,2.2133665e-06
RNU6-605P,2.2131312e-06
DDX31,2.2127783e-06
IL7R,2.2127688e-06
PCIF1,2.2122306e-06
INTS4P1,2.210909e-06
CTPS2,2.2088043e-06
PHGDH,2.2080974e-06
PRPF8,2.207535e-06
TEAD2,2.2072677e-06
MAVS,2.2066147e-06
AFF2,2.2060726e-06
BNIP3,2.2059846e-06
MLPH,2.2058214e-06
TOMM34,2.2057209e-06
ARHGAP29,2.20536e-06
RAB38,2.2037295e-06
MPPE1P2,2.2015608e-06
MIR3680-2,2.2013344e-06
F5,2.2012466e-06
RGS16,2.2008169e-06
LPL,2.199461e-06
B3GNT9,2.199355e-06
THAP5P1,2.1983824e-06
TTR,2.1972978e-06
SEC61G-DT,2.1945434e-06
KDM3A,2.193368e-06
MAP3K5,2.1902697e-06
SNRNP200,2.189022e-06
LOC124903523,2.1882875e-06
CTSO,2.1863173e-06
TMBIM1,2.185761e-06
EPHA5,2.1846197e-06
LHX5,2.1840226e-06
ZNF740,2.1834046e-06
WIPF1,2.18311e-06
POU3F3,2.1830785e-06
CFAP276,2.1827786e-06
LOC107986952,2.182079e-06
ALAS1,2.1798244e-06
PDCD7,2.1783899e-06
KRT17,2.1777744e-06
MED13,2.177291e-06
BHMT2,2.176505e-06
TRIP11,2.1761875e-06
MMP10,2.1757367e-06
MSANTD4,2.1751077e-06
GAR1,2.1744193e-06
H2BC14,2.173614e-06
CLEC17A,2.1722435e-06
GCLM,2.1697895e-06
SEPTIN7P3,2.1691562e-06
EPB41L2,2.166258e-06
DTNA,2.1660592e-06
ARHGAP31-AS1,2.1657902e-06
BRD2,2.155193e-06
SERTAD3,2.15519e-06
GNS,2.1551489e-06
GRIK5,2.1545836e-06
IARS1,2.1543788e-06
LINC02875,2.1532137e-06
MIR8075,2.1530773e-06
FAM184A,2.1521646e-06
TNFRSF18,2.1520352e-06
CHRNB1,2.1505093e-06
CFAP126,2.150082e-06
CYSTM1,2.1499372e-06
P4HA3,2.1475355e-06
APOH,2.1469884e-06
PPIAP45,2.1467288e-06
UBTD2,2.1467158e-06
FHL1,2.1465535e-06
PDHA1,2.146492e-06
TMEM62,2.1437768e-06
RNA5SP290,2.1424232e-06
COL16A1,2.1424207e-06
BAG6,2.1424175e-06
MIOS,2.1420472e-06
C3orf80,2.1419442e-06
SETD7,2.1409694e-06
TBC1D22B,2.1401672e-06
ZNF227,2.140065e-06
CCT3,2.1399658e-06
SHCBP1,2.1396952e-06
MGLL,2.1375213e-06
SURF6,2.1373423e-06
TMEM231,2.1371736e-06
ZNF367,2.1371384e-06
SELENOS,2.1361402e-06
SKP2,2.1354285e-06
DAP3,2.1350133e-06
ZC3H12B,2.1349392e-06
VPS16,2.1343621e-06
PLEKHS1,2.1322603e-06
SP9,2.132249e-06
NUDC,2.1296132e-06
CRACDL,2.1276487e-06
PMM1,2.127485e-06
SLC10A3,2.1266997e-06
CFAP263,2.1249396e-06
CCL7,2.1230342e-06
BYSL,2.1229364e-06
B3GAT3,2.12144e-06
ERFE,2.1202152e-06
PYDC2-AS1,2.1189887e-06
SPSB1,2.1189342e-06
TSPAN8,2.118432e-06
FBXO39,2.1180754e-06
VCAN,2.1144517e-06
FAM180B,2.1143042e-06
HMGB1P5,2.114279e-06
AMFR,2.1132726e-06
RNF26,2.1123521e-06
CNTF,2.111406e-06
LHX2,2.110421e-06
B4GALT3,2.110265e-06
WFIKKN2,2.1100484e-06
SLC27A3,2.1097524e-06
EYA2,2.108815e-06
EEF1A1P17,2.1069834e-06
RIBC2,2.1069604e-06
C1orf35,2.1067867e-06
PALM2AKAP2,2.1066612e-06
WDR93,2.1055214e-06
RNU5F-1,2.1048547e-06
TEX46,2.1035164e-06
VSIG10,2.0998814e-06
ZFP36,2.0991563e-06
OR4N2,2.0980362e-06
CCNT1,2.0958837e-06
VPS37B,2.0952878e-06
CNP,2.094485e-06
ROR2,2.0941138e-06
PLEKHH3,2.0939237e-06
RBSN,2.0935302e-06
BCL2L1,2.0933821e-06
IL2RA,2.0932878e-06
PFKL,2.092632e-06
IGHV3-11,2.092024e-06
S1PR1-DT,2.0917894e-06
TPSAB1,2.0913126e-06
NADK,2.0900573e-06
MAMLD1,2.089424e-06
MAML1,2.088138e-06
PAX2,2.0879436e-06
SPARC,2.0858042e-06
STMP1,2.0857442e-06
LMAN2,2.0849816e-06
GPATCH8,2.0844998e-06
XRCC1,2.084378e-06
HSF1,2.08407e-06
KLHL7-DT,2.0823043e-06
ZNF746,2.0800476e-06
GSTP1,2.079852e-06
RPRD2,2.0795705e-06
ZKSCAN1,2.0762673e-06
CNOT2,2.075988e-06
TBC1D1,2.074281e-06
NUP153,2.0738905e-06
TOM1L1,2.0726366e-06
MOB1B,2.0718146e-06
GOLGA8VP,2.0708192e-06
CUL1,2.0694565e-06
ENTREP1,2.0691073e-06
HMGN2P3,2.0683567e-06
SF1,2.0675318e-06
TRBV7-3,2.066433e-06
CSTF2,2.0660557e-06
CIZ1,2.0612213e-06
EPB41L5,2.0610835e-06
ANKRD1,2.0593038e-06
NFATC1,2.0592422e-06
GNPNAT1,2.0584823e-06
SLIT3,2.0579505e-06
ASPN,2.0570913e-06
PCDHB6,2.05555e-06
RBBP4P1,2.0550344e-06
MTCH2,2.0542852e-06
CXCL11,2.0516147e-06
TGOLN2,2.0508562e-06
RBBP7,2.0497698e-06
RRS1,2.0486473e-06
STIP1,2.048619e-06
ALG1L6P,2.0484738e-06
UMAD1,2.0478558e-06
TTLL5,2.046892e-06
APPL1,2.0445482e-06
OAF,2.0438554e-06
GLMN,2.0434695e-06
BARD1,2.043168e-06
RNF6,2.0427844e-06
PACSIN3,2.0388393e-06
MIR3145,2.038562e-06
MNX1,2.0375867e-06
CFAP53,2.0365944e-06
VSIG10L,2.0363836e-06
C2CD4B,2.0348298e-06
SLC12A9,2.0345622e-06
C1DP1,2.0345526e-06
LRIG3-DT,2.0331215e-06
NTSR1,2.033007e-06
F10,2.032429e-06
TGS1,2.0315747e-06
EVA1CP5,2.031494e-06
RNA5SP219,2.0314683e-06
PTPN1,2.029605e-06
RNF169,2.0271507e-06
KCND3-IT1,2.026905e-06
FGFR3,2.0248908e-06
ZBTB22,2.0245136e-06
FNDC1-AS1,2.0231062e-06
TM9SF3,2.0225546e-06
LRRC75B,2.0215255e-06
LAMB2P1,2.0214397e-06
ANP32A,2.0209022e-06
DPYSL2,2.0203458e-06
CREB3L2,2.0195155e-06
SNTB2,2.018475e-06
IFITM3P4,2.0157556e-06
CNTNAP1,2.0155871e-06
SCAP,2.015527e-06
R3HDM4,2.0152766e-06
STS,2.0145055e-06
NECTIN2,2.0133125e-06
PDK3,2.0115626e-06
LINC01323,2.0100554e-06
TAB1,2.0097375e-06
RHOBTB3,2.0070108e-06
DPY19L1,2.0055472e-06
SERINC5,2.0051668e-06
CSRP2,2.0042564e-06
CNOT1,2.003994e-06
GUSB,2.0036211e-06
RAMP1,2.001725e-06
APOL3,2.0010136e-06
PRRC2C,1.998441e-06
FBXW2,1.99827e-06
PRKG2,1.9958009e-06
MTHFD2P1,1.9910588e-06
CYB5B,1.990891e-06
PAX7,1.9888148e-06
ARHGDIA,1.987645e-06
RPL7AP45,1.9871802e-06
ING2,1.9844263e-06
KLHL28,1.9833117e-06
TBX2,1.981668e-06
S100A11,1.9795204e-06
PUS7,1.976358e-06
ARHGAP11A,1.9744066e-06
HAS3,1.973527e-06
NOS2,1.9722052e-06
CACNG1,1.9706351e-06
COX7A2P2,1.9703728e-06
ZNF507,1.969526e-06
COPB1,1.968299e-06
HOXC13-AS,1.96501e-06
CCDC88C,1.9641625e-06
HERPUD2-AS1,1.9638258e-06
RPS10P4,1.9610552e-06
PRMT5,1.9601493e-06
TRIM44,1.959827e-06
MEN1,1.9576564e-06
NOTCH3,1.9576182e-06
FKBP4,1.9550796e-06
SNX27,1.954599e-06
TNFRSF10C,1.9539175e-06
PDE4D-AS1,1.9530478e-06
GAPVD1,1.9528375e-06
PPM1G,1.9523818e-06
GPR75,1.9492797e-06
EFNB2,1.9488555e-06
TNS1,1.9479876e-06
ZNF772,1.946789e-06
UACA,1.9452466e-06
APOLD1,1.9445556e-06
HMGN4,1.9437805e-06
TMEM81,1.9420447e-06
FAT4,1.9419122e-06
SLC9A8,1.9418342e-06
CX3CL1,1.9398676e-06
MIR4280HG,1.93745e-06
ATF1,1.9360286e-06
CFAP61,1.9354122e-06
TMEM170A,1.9336778e-06
TBX5-AS1,1.9334923e-06
MESTIT1,1.9330196e-06
ARHGEF4,1.9319566e-06
DRC8,1.9319252e-06
MRTFA,1.9315034e-06
TMEM200B,1.9293832e-06
TRAF3,1.92926e-06
MYADM,1.9290396e-06
MAPKAP1,1.9277793e-06
IGKV3D-11,1.927237e-06
OTUD6B,1.9270508e-06
RHOB,1.9260774e-06
PAPPA2,1.9234126e-06
SBNO2,1.9219726e-06
BISPR,1.9202685e-06
LOC101930420,1.9189067e-06
TRIM8,1.9176264e-06
PPP1R10,1.9168428e-06
TOM1,1.916166e-06
WNT7A,1.9161555e-06
BBS2,1.9149948e-06
LMBR1,1.914448e-06
PLA2R1,1.914342e-06
PSMC4,1.9108966e-06
SLC14A1,1.9091558e-06
GBP5,1.9090264e-06
EMC1,1.9088727e-06
SOX9-AS1,1.9076538e-06
RBBP8,1.907545e-06
PPP1R42,1.9075273e-06
HILPDA,1.9075242e-06
ADAT3,1.9072775e-06
SIRT2,1.9064388e-06
ZBTB45,1.9064124e-06
PTCH1,1.9062253e-06
UNC13B,1.9054636e-06
GID8,1.9053318e-06
CBFB,1.9049887e-06
RBM10,1.904726e-06
ARFGAP3,1.9043632e-06
FKBP1AP1,1.9013655e-06
INHBA,1.9007463e-06
AP1S2,1.9004635e-06
SIRAL1,1.9000895e-06
SMG7,1.8996463e-06
DCAKD,1.8989163e-06
LRRC51,1.8985813e-06
C1QL4,1.8976169e-06
NUP62CL,1.8973619e-06
NFIX,1.8969164e-06
LMAN2L,1.8969079e-06
DPY19L1P1,1.8964389e-06
WIF1,1.8950926e-06
ASMTL,1.8940673e-06
LOC105369147,1.8940078e-06
POLDIP3,1.8919305e-06
RAB3B,1.8907432e-06
HBP1,1.8904799e-06
UBQLN1,1.8901304e-06
USP36,1.8899558e-06
SOCS3,1.8898916e-06
HSD3B7,1.8880711e-06
ERICH3,1.8875087e-06
DDX46,1.8874672e-06
PCDH18,1.8861591e-06
LOC124901635,1.8859434e-06
LTK,1.8850998e-06
RPL10P1,1.8830972e-06
RPS27AP5,1.8823451e-06
NDE1,1.8809557e-06
CPEB4,1.8807727e-06
ABCD1,1.8803872e-06
CYP4V2,1.8782287e-06
DNAJC22,1.8778226e-06
AKR7A2,1.8765079e-06
RAB23,1.8750784e-06
WBP11,1.8726039e-06
RAP2C,1.8715695e-06
RNU1-2,1.8693173e-06
HEBP1,1.8680896e-06
MAK16,1.8678207e-06
COPS7A,1.8677017e-06
TP73,1.8666591e-06
PLBD2,1.8660483e-06
RAB30,1.8654014e-06
PRKAB2,1.864645e-06
CD82,1.8643758e-06
CLASP1,1.861631e-06
MOSPD2,1.8611444e-06
TKFC,1.8607141e-06
PERM1,1.8595011e-06
PRSS12,1.8581483e-06
IGLV7-46,1.857338e-06
FEM1B,1.8545056e-06
SVIL,1.8540303e-06
PICALM,1.8534414e-06
METTL13,1.8512808e-06
CFAP43,1.8511331e-06
BMP6,1.8502933e-06
RNU6-703P,1.848797e-06
RNU1-27P,1.84839e-06
SUOX,1.8470284e-06
PRPF40A,1.846432e-06
TAF12,1.8448902e-06
FDX1,1.8446502e-06
ZNF318,1.844379e-06
BMAL2,1.8440949e-06
SLC30A1,1.8438527e-06
PRUNE2,1.8435173e-06
NTMT1,1.8431715e-06
IMPDH2,1.8431545e-06
FAM43B,1.8429428e-06
ZNF830,1.8428334e-06
HMGN1P38,1.8424091e-06
IFIT1,1.839861e-06
ZNF608,1.8394984e-06
APPBP2,1.8379293e-06
EID1,1.8372139e-06
AKR7A3,1.8352038e-06
MIA3,1.8325406e-06
PCDHGC4,1.831628e-06
IGHG4,1.8312908e-06
RAB15,1.8299736e-06
MEOX2,1.8293566e-06
IGLV6-57,1.8291097e-06
NCK1,1.828038e-06
TMEM203,1.8266486e-06
UCN2,1.8240986e-06
HOXC11,1.822598e-06
CSP2,1.8224747e-06
CD207,1.8224612e-06
KISS1R,1.822117e-06
SART3,1.822111e-06
RARA,1.8210926e-06
SPINK1,1.8209972e-06
LRRFIP1,1.8191275e-06
ALMS1,1.8182234e-06
B3GLCT,1.8180332e-06
TGILR,1.8177965e-06
SEC63,1.8175351e-06
PLAAT4,1.8174195e-06
CDH2-AS1,1.8166362e-06
CIRSR,1.8165416e-06
NFKB2,1.8159576e-06
NAPRT,1.8152969e-06
ARNT2-DT,1.8140793e-06
TRPM3,1.8137604e-06
CD164,1.8120447e-06
IRS3P,1.812044e-06
BCAN-AS1,1.8119414e-06
MED20,1.8112163e-06
COL4A4,1.8086005e-06
CD300E,1.8072977e-06
FZR1,1.805659e-06
SHFL,1.8046989e-06
TMEM243,1.8044972e-06
ARL4C,1.8030661e-06
SPART,1.8028326e-06
COL4A1,1.8027583e-06
VEGFC,1.8019989e-06
HLA-A,1.8017305e-06
EHMT1,1.801273e-06
ZNF416,1.8011588e-06
CXCR2P1,1.8007174e-06
MYO18A,1.8000927e-06
NCKIPSD,1.7986721e-06
CNTLN,1.7981308e-06
MIEF1,1.7950595e-06
PSPHP1,1.7944545e-06
CXCL16,1.7936048e-06
GSTA1,1.7924616e-06
IL6R,1.7905368e-06
LBP,1.7897668e-06
SEMA3G,1.7893816e-06
SNORA37,1.7886142e-06
SYNJ2,1.7882838e-06
TRIP6,1.7878654e-06
CXCR1,1.7877165e-06
USP19,1.787228e-06
ZBTB24,1.7870095e-06
IFT74,1.7863895e-06
SMARCA1,1.7859843e-06
TMEM179B,1.7852717e-06
PPIB,1.7850637e-06
MMUT,1.7836571e-06
CCDC134,1.7833914e-06
CTNNA3,1.7821608e-06
FBXO8,1.7820133e-06
GMNC,1.7814762e-06
TNFRSF11B,1.7812586e-06
MADD-AS1,1.7793876e-06
WSCD1,1.7787947e-06
SON,1.7787517e-06
IGHV1-2,1.7781783e-06
MSL2,1.7770434e-06
ZFYVE1,1.7768627e-06
LANCL2,1.776069e-06
ABHD14B,1.7757437e-06
PLAA,1.7690786e-06
EEF1A1P5,1.7686668e-06
CEP19,1.767746e-06
TRIM67,1.7674881e-06
ADCYAP1R1,1.7668423e-06
LOC124900957,1.7667256e-06
INSYN1,1.7623031e-06
FABP7,1.7621263e-06
PIEZO1,1.7617843e-06
IQCA1-AS1,1.7609518e-06
MIR10B,1.7606868e-06
MAGEF1,1.760531e-06
FBXL19,1.7597807e-06
ANKS6,1.7592737e-06
APOBEC3B,1.758334e-06
RSPRY1,1.7567803e-06
ZNF286B,1.7565277e-06
RBM15B,1.7562063e-06
IFT140,1.7556185e-06
RNU2-17P,1.7547641e-06
MAPK8IP3-AS1,1.7545836e-06
WFS1,1.7539242e-06
MANSC1,1.7496667e-06
KCTD11,1.7487114e-06
SPATA18,1.7480749e-06
C2orf49,1.7470953e-06
LOC124900824,1.7468725e-06
HPS4,1.7459405e-06
HTT,1.7457049e-06
SLC25A48,1.7449904e-06
FGFR4,1.7439683e-06
AGBL5,1.7433084e-06
MIR4768,1.7414745e-06
GYG1,1.7398527e-06
MDC1,1.7374753e-06
IGHV4-34,1.7373424e-06
MAP1A,1.7370387e-06
MIR593,1.7366344e-06
LRP5,1.7366204e-06
TARS3,1.7330996e-06
COPS4,1.7329781e-06
LOC613206,1.7318558e-06
TPM3P9,1.7316243e-06
ARNT2,1.7309455e-06
H3-3B,1.7287923e-06
KIF7,1.7286321e-06
RRM2B,1.728627e-06
C2orf72,1.7285835e-06
ZNF347,1.7276285e-06
CCKAR,1.7273703e-06
ADARB2-AS1,1.7254043e-06
BTN3A3,1.7252531e-06
ARHGEF37,1.7247435e-06
TEKT2,1.7236848e-06
MTFR1,1.7220619e-06
SNORD62A,1.7216039e-06
FBXO11,1.721028e-06
FANCI,1.7209857e-06
CENPB,1.7208666e-06
TTC29,1.7199286e-06
ZNF217,1.7189005e-06
AQP5-AS1,1.7176677e-06
RNU1-155P,1.7170521e-06
FRZB,1.7163609e-06
UBR4,1.712746e-06
ARSG,1.712222e-06
FAM50A,1.7120121e-06
PPIL2,1.7118052e-06
CST6,1.7117848e-06
JADE1,1.7113344e-06
MILIP,1.7112641e-06
ITPRIPL2,1.7098037e-06
SLC36A4,1.7079909e-06
DGKZP1,1.7069079e-06
MXRA7,1.7063047e-06
GEMIN4,1.7051528e-06
KRT8,1.7034212e-06
SLC2A3,1.7033316e-06
MEG9,1.7028354e-06
IGHV6-1,1.7015506e-06
TCAF1,1.7001872e-06
COL23A1,1.7001532e-06
WIPI1,1.6996794e-06
IGHV3-64,1.6967922e-06
OAS1,1.6965784e-06
LRRK1,1.6929156e-06
SPRY1,1.6916679e-06
RORB-AS1,1.6896929e-06
ARFGEF1,1.687926e-06
KLF3,1.6873636e-06
CPSF4,1.6864756e-06
HOXA2,1.6859985e-06
PROX1,1.6859292e-06
HLA-H,1.685675e-06
FBXL14,1.6833169e-06
OCLNP1,1.6829367e-06
PEX26,1.6828221e-06
ZNF407,1.6824639e-06
MTSS2,1.6820316e-06
NEIL2,1.6813333e-06
RBM28,1.6807585e-06
ANXA2P1,1.6796968e-06
VAC14,1.6793401e-06
OSGIN1,1.6744282e-06
SIRPB1,1.6735022e-06
ST6GALNAC4,1.6725612e-06
PRDX4,1.6706832e-06
STAP2,1.6701003e-06
RPL13AP26,1.6682837e-06
CEP55,1.6679638e-06
FGFBP2,1.6675707e-06
POLR2M,1.6672458e-06
ADGRD2,1.6663819e-06
PARD6B,1.665858e-06
BTG2,1.6655757e-06
ARL6IP6,1.6594797e-06
TEAD1,1.6588804e-06
MTND4LP1,1.6587218e-06
SNHG7,1.6564044e-06
TECPR2,1.6538607e-06
NAGLU,1.6500086e-06
SKP1P2,1.6499891e-06
LRRC10B,1.6490887e-06
FAM86DP,1.6488946e-06
EPC2,1.6480216e-06
NAPA,1.6474928e-06
MIR106B,1.6470044e-06
ITPKC,1.6462145e-06
YBX1,1.6456289e-06
CERNA2,1.6446884e-06
RP9P,1.6431771e-06
NLK,1.643136e-06
RASGEF1A,1.641988e-06
PDCD6-DT,1.6419339e-06
RNU6-26P,1.641236e-06
AGPAT1,1.6374524e-06
FAM136DP,1.6353505e-06
CD177,1.6350612e-06
TRAM2-AS1,1.6349668e-06
IGFBP3,1.6339658e-06
C19orf53,1.6330046e-06
HRAS,1.631513e-06
CAND2,1.6314682e-06
FAM162A,1.6303112e-06
NEU1,1.6286341e-06
GATA2,1.6285096e-06
BAG5,1.6282847e-06
OR52K3P,1.6263624e-06
TMEM230P2,1.6257367e-06
EGFLAM-AS5,1.6247322e-06
NCAM1,1.624387e-06
QSER1,1.623257e-06
RAB7B,1.6196917e-06
RSU1,1.6192164e-06
SEMA3B,1.6188374e-06
LINC01679,1.6187503e-06
MOB3C,1.6179489e-06
GGCT,1.613114e-06
TAF1,1.6124898e-06
ADGRL1-AS1,1.611391e-06
ATP10D,1.6106336e-06
GNB1,1.6100066e-06
MAST2,1.6096919e-06
RANBP3L,1.6090703e-06
CENPBD1P,1.6090702e-06
PEF1,1.6086177e-06
CCDC74B,1.606199e-06
DENND1A,1.6059283e-06
GOLGA2,1.6055956e-06
CCDC85C,1.6055288e-06
EBF2,1.6054058e-06
P4HA2,1.6049893e-06
HSPB6,1.6042039e-06
FLII,1.6026687e-06
SRF,1.602589e-06
USP32,1.5972748e-06
HOXC13,1.5961322e-06
WDFY3-AS2,1.5943094e-06
JPH2,1.5898678e-06
DDX60L,1.5893484e-06
LITATS1,1.58755e-06
TUBB6,1.5861619e-06
TMEM64,1.5854184e-06
KIF1B,1.5842969e-06
EXPH5,1.5815107e-06
PON2,1.581128e-06
INTS1,1.5805578e-06
VBP1,1.5798713e-06
CIBAR2,1.5797087e-06
KCNH2,1.5789727e-06
PPP1R18,1.5787093e-06
PIGW,1.5775329e-06
SGCB,1.5763292e-06
CALM2,1.5755869e-06
KCND3,1.5753856e-06
GSTM5,1.5752883e-06
PXYLP1,1.5749494e-06
AK6,1.5727375e-06
DDX18,1.5722422e-06
ZNF473CR,1.5708296e-06
TLE1,1.5706601e-06
NOS1,1.5703356e-06
COL6A2,1.5693448e-06
TEF,1.569054e-06
MORN2,1.5682033e-06
CTDSP2,1.5680417e-06
MIR5087,1.5678678e-06
MAP2K2,1.5671751e-06
SLC1A6,1.5660813e-06
ZNF782,1.5655731e-06
EDEM1,1.5655238e-06
DNMT1,1.5647238e-06
MT1E,1.564555e-06
AGAP2-AS1,1.5635311e-06
PARP12,1.5635077e-06
OCEL1,1.5621077e-06
IL18R1,1.5614238e-06
GATAD2B,1.5609136e-06
SGPL1,1.5600946e-06
TAOK1,1.5592166e-06
DIDO1,1.5591755e-06
ZNF28,1.5577133e-06
SIK2,1.5571886e-06
UBE4B,1.5569685e-06
LINC01727,1.5566964e-06
IFRD1,1.5548627e-06
LRRC23,1.5519086e-06
CEP89,1.5512227e-06
TAOK3,1.5501582e-06
SPATA6,1.5498681e-06
AVEN,1.5492876e-06
G6PC3,1.5483274e-06
RAB36,1.5478943e-06
RABEP1,1.5477048e-06
LINC00519,1.5462075e-06
ECT2,1.5461949e-06
H2BC21,1.546024e-06
LOC105369306,1.5459156e-06
ZNF132,1.545852e-06
MLF1,1.5453315e-06
DGCR8,1.5451926e-06
CPNE4,1.542269e-06
SATB2-AS1,1.5421629e-06
ZNF687,1.5421449e-06
DNAJC19P5,1.5419326e-06
XKR8,1.5415528e-06
NBPF1,1.5404304e-06
PARP3,1.5395523e-06
KRT75,1.5395264e-06
IFT88,1.5394043e-06
SURF2,1.537086e-06
RPL22P1,1.5366855e-06
NPEPPSP2,1.5356528e-06
PYCR2,1.534447e-06
TACR1,1.5320604e-06
PWWP3B,1.5307548e-06
SOX6,1.5301991e-06
NF2,1.5298225e-06
VPS13C,1.5294443e-06
GAPDH-DT,1.5292624e-06
BRPF3,1.5276079e-06
ACTR2,1.5270648e-06
PNPO,1.5264343e-06
OTUD4,1.5251825e-06
MPZL1,1.5243858e-06
ANXA2P2,1.52265e-06
ADAM12,1.521251e-06
NUPR2,1.5204213e-06
ANGPT1,1.519813e-06
EIF4G2,1.5191662e-06
RNU6-729P,1.5191332e-06
ERICH2,1.5188539e-06
SP2,1.5186164e-06
AKAP14,1.5180618e-06
MMAB,1.5169153e-06
IGSF1,1.5158489e-06
MSRA,1.5156753e-06
ID4,1.5146952e-06
BMP1,1.5128228e-06
CCR2,1.512093e-06
ATP6V0E2,1.5117563e-06
TSSK4,1.5102861e-06
DMAC2,1.5098639e-06
SWI5,1.5084804e-06
SMARCA4,1.5072976e-06
INTS14,1.507082e-06
FBLN7,1.5070545e-06
SLC10A6,1.5070035e-06
PAQR8,1.5057806e-06
SAP30,1.5055277e-06
ALOX12P2,1.5049993e-06
BRF1,1.5035914e-06
RPS6KA2,1.5030295e-06
FAM111A-DT,1.5029818e-06
NNT,1.4996074e-06
RPS29P6,1.4995268e-06
ACACB,1.4971727e-06
HOPX,1.4969316e-06
SLC9A6,1.4964288e-06
ZNF30,1.4939433e-06
KANK4,1.4916392e-06
MAN2B2,1.4912614e-06
SIPA1L3,1.4912034e-06
CDC42BPB,1.4911191e-06
MYD88,1.4893664e-06
RNU6-39P,1.4884033e-06
ZNF316,1.4878675e-06
RPS2P5,1.4868889e-06
DNAI7,1.4863475e-06
HCG14,1.4863405e-06
WHRN,1.4856776e-06
AREG,1.4849248e-06
ULK4,1.4822707e-06
NIPBL,1.4814993e-06
STX6,1.4801706e-06
MT1G,1.4761603e-06
SNX19,1.4759411e-06
ZBTB9,1.4753457e-06
SELENOTP1,1.4734485e-06
LINC01353,1.4732268e-06
XPO7,1.4728165e-06
AKAP8L,1.4720703e-06
SEC16A,1.4715365e-06
NPPC,1.4712024e-06
CCDC191,1.4708186e-06
GPATCH2L,1.4700198e-06
GNA14,1.4693269e-06
WDHD1,1.4653907e-06
RHPN1-AS1,1.4653436e-06
ATN1,1.464586e-06
SMCR8,1.4644676e-06
LINC02743,1.4624404e-06
VWA3B,1.4623988e-06
AMPD2,1.4621825e-06
LRRFIP2,1.4613432e-06
RPL21P44,1.4611759e-06
ETV4,1.4603374e-06
TMED7,1.457803e-06
ACSF2,1.4559807e-06
LHX9,1.454535e-06
SMURF1,1.4526705e-06
MFSD1,1.4516246e-06
OPALIN,1.4509601e-06
CD99L2,1.4482491e-06
MAP4K4,1.4478784e-06
EXT2,1.4467362e-06
TSC22D4,1.4465804e-06
RNASE2CP,1.4457436e-06
RPS2P20,1.4449341e-06
H2BC4,1.4437494e-06
CDK16,1.4417878e-06
ADCK2,1.4377631e-06
AVL9,1.4353665e-06
CPVL,1.4346167e-06
SERINC1,1.4342785e-06
TMEM229B,1.4328297e-06
NT5C1A,1.4328062e-06
HNRNPUL1,1.4303598e-06
NBR1,1.4300587e-06
EFHC1,1.4279526e-06
SNRPEP11,1.4277227e-06
OPLAH,1.4275463e-06
THRA,1.4272712e-06
THOC3,1.4266378e-06
TMEM123,1.4263986e-06
E2F3,1.4249513e-06
LRRC17,1.4228779e-06
ST8SIA4,1.4220301e-06
LENG1,1.4212619e-06
EEF1A1P10,1.4208133e-06
RILPL2,1.4197155e-06
POLR2A,1.4188247e-06
PLEKHG4,1.4152087e-06
DDX41,1.4146877e-06
CTPS1,1.414294e-06
WWOX,1.4141791e-06
GATAD2A,1.4111482e-06
TBC1D13,1.4110179e-06
ZNF585B,1.4108185e-06
RWDD1,1.4080175e-06
BUB1B,1.4077187e-06
CORO1C,1.4063379e-06
ORM1,1.4058494e-06
SET,1.4056532e-06
SULT1C4,1.4027992e-06
SSR3,1.4018054e-06
RPL17P50,1.4004705e-06
VIRMA,1.4003331e-06
EMX2,1.3996506e-06
ETV1,1.3994841e-06
HNRNPM,1.399277e-06
EEPD1,1.3985263e-06
KIF20B,1.3979621e-06
ZNF444,1.3979005e-06
CMTM4,1.3964218e-06
TUFM,1.3961929e-06
LZTFL1,1.3957775e-06
NIFK,1.3957358e-06
NABP2,1.3952482e-06
ZNF362,1.393166e-06
EIF2S1,1.3928691e-06
SLC7A11,1.3920003e-06
CDK7,1.3917589e-06
PRCP,1.391408e-06
AEBP1,1.390823e-06
NELFCD,1.3903924e-06
OBSL1,1.3885498e-06
WDR76,1.3879323e-06
ENOPH1,1.3877487e-06
PSMD2,1.3869187e-06
ACTA2,1.3867793e-06
SMC2,1.385931e-06
CENPVL3,1.3850806e-06
FABP5P9,1.3849223e-06
CMPK2,1.3846603e-06
WDR26,1.3841765e-06
OSBPL2,1.3830411e-06
CFAP418,1.3829589e-06
SACS,1.3822403e-06
ZNF677,1.3807793e-06
ACTR3,1.380673e-06
TUBB4B,1.379666e-06
MELK,1.3788608e-06
ZNF257,1.3787563e-06
CDH19,1.3787476e-06
DRAM1,1.3766554e-06
ZSWIM4,1.3755514e-06
CDK2AP2,1.3730607e-06
TRMT11,1.372292e-06
SETD9,1.3717773e-06
MGAT4B,1.3696338e-06
DIP2B,1.368834e-06
KAT6A,1.3679665e-06
KIAA0319L,1.3672815e-06
MRM1,1.3633621e-06
REM1,1.3603363e-06
RNU1-138P,1.3600962e-06
ATP2A2,1.3573755e-06
RNY4,1.3567184e-06
MSRB3,1.3564421e-06
IGKV2-30,1.3546986e-06
MTARC2,1.3525032e-06
RLIM,1.3520631e-06
LOC124901966,1.3510406e-06
FBXO7,1.3493107e-06
ATP5F1B,1.3479671e-06
TTLL4,1.3472923e-06
ARID3B,1.3467559e-06
MYH10,1.346573e-06
MED15,1.3463879e-06
PPP1R3G,1.3450986e-06
PTPRJ,1.3414951e-06
EXOC2,1.3405594e-06
MYCBP,1.3388316e-06
ELOVL6,1.3368071e-06
EIF1AX,1.3365693e-06
SCARNA3,1.3362535e-06
GCAT,1.3359602e-06
TIMM22,1.3335742e-06
BATF3,1.3335222e-06
UBE2D3P1,1.3326367e-06
FNDC7,1.3323479e-06
EARS2,1.3315432e-06
SPRYD3,1.3309342e-06
NUP214,1.3304781e-06
CD59,1.330009e-06
NR2F6,1.329309e-06
ZDHHC1,1.3280276e-06
OXCT1-AS1,1.3253045e-06
REV3L,1.3250949e-06
TMEM50A,1.3238844e-06
RNU5B-1,1.3236996e-06
ABHD15,1.321799e-06
CACNG5,1.3194857e-06
FARP1,1.3187208e-06
FAM161B,1.3183852e-06
LINC02724,1.3178138e-06
PIP5K1A,1.3175713e-06
PRIMA1,1.3169271e-06
BOLA2B,1.3152519e-06
RAB11FIP3,1.3148277e-06
MIR3132,1.313422e-06
KCNJ10,1.3132956e-06
SATB2,1.3129768e-06
H3C11,1.3123533e-06
KAT14,1.3120666e-06
NTRK2,1.3115693e-06
FAM117A,1.3110231e-06
PCDHB14,1.3093512e-06
RAB39B,1.30679e-06
THEM6,1.3050867e-06
MAOA,1.3050185e-06
S100A3,1.3047119e-06
MAPDA,1.3043663e-06
LGALS3,1.303224e-06
TOR3A,1.3025626e-06
IGKV6-21,1.3010134e-06
DMD,1.3008233e-06
GIMAP4,1.3002467e-06
NLRC5,1.2996273e-06
SRPX2,1.2994997e-06
LINC01152,1.299324e-06
HSPA1L,1.2992124e-06
TRPC6,1.2968844e-06
ZNF433,1.296218e-06
GDPD2,1.2959645e-06
FNIP1,1.2951998e-06
SNHG26,1.2950247e-06
RNU6-42P,1.2950056e-06
SZT2,1.2931803e-06
PTPA,1.2931591e-06
B4GAT1,1.2926621e-06
MEGF9,1.2910887e-06
ARPP19,1.2907243e-06
BCL3,1.2905795e-06
ATRAID,1.290125e-06
NFATC2IP,1.2899715e-06
CHRM3,1.2882518e-06
SF3B3,1.2882423e-06
UFSP1,1.2875563e-06
USP37,1.2848949e-06
GALNS,1.2836533e-06
EFR3B,1.2835463e-06
TIMP1,1.2823601e-06
ZNF426,1.2785458e-06
SPCS1,1.2784668e-06
NACA3P,1.2777971e-06
MTX3,1.2773013e-06
TRMT61A,1.2770195e-06
COL3A1,1.2768184e-06
ZBTB47,1.2757862e-06
SRP14,1.2748139e-06
LIG3,1.2738532e-06
CLIC1P1,1.2737814e-06
TCTN1,1.2712002e-06
EBF3,1.2702933e-06
SLC10A4,1.2702186e-06
KMT2D,1.2695184e-06
PHC2,1.2680313e-06
AP2A1,1.2678556e-06
TCTA,1.2674959e-06
SLC39A11,1.2671891e-06
SERPINB9P1,1.2668147e-06
IMPA1,1.2641658e-06
FXR2,1.2632293e-06
GNB4,1.2612282e-06
SAP30L,1.2589417e-06
EEF1A1,1.2589035e-06
SNN,1.2576332e-06
CTDP1,1.2558107e-06
FOXD3,1.2547996e-06
MICA,1.2541171e-06
GPR83,1.2520209e-06
APEX2,1.2492827e-06
YBX1P10,1.2492795e-06
TMCC1,1.247177e-06
BTN2A2,1.246234e-06
TDRD7,1.2455863e-06
LINC01770,1.2455674e-06
BBS4,1.2440981e-06
RTP4,1.2440888e-06
RNU6-786P,1.2421136e-06
SNORA54,1.2405868e-06
TMEM154,1.2395047e-06
PARP10,1.2387975e-06
CLMP,1.238436e-06
RAC1,1.2380117e-06
CPS1,1.2361627e-06
AFF1,1.2355449e-06
CIMIP6,1.2348538e-06
ZMAT5,1.2342808e-06
KAT2B,1.2341276e-06
RNF138,1.2319277e-06
SUMF1,1.231455e-06
NCBP2,1.2312458e-06
IGFBP7,1.2312042e-06
MBOAT2,1.2306493e-06
SHMT2,1.2304947e-06
CEP250,1.2294784e-06
FAM120B,1.2275312e-06
RNU1-72P,1.2269617e-06
MAFK,1.2262385e-06
PON3,1.2256958e-06
FAM3A,1.2238414e-06
PTPRK,1.2236949e-06
MARK1,1.2234999e-06
EGFLAM,1.222528e-06
ARRDC3,1.2224394e-06
DHTKD1,1.2219438e-06
CDKN1A,1.2206298e-06
ZFHX4,1.2185322e-06
LOC102723996,1.2180478e-06
ISG15,1.2172395e-06
ORAI3,1.21641e-06
TOMM40,1.2155847e-06
TIMM29,1.2154222e-06
VTA1,1.2133285e-06
LINC02986,1.2129682e-06
SARDH,1.2126641e-06
ZXDC,1.2121781e-06
CHRAC1,1.2113375e-06
FIP1L1,1.2112365e-06
PPP1R14BP3,1.2108452e-06
TOGARAM2,1.2097631e-06
EWSR1,1.2095918e-06
PTP4A3,1.2089268e-06
FRG1DP,1.206832e-06
MAP2K1,1.2055724e-06
SNX24,1.2053806e-06
SFN,1.2040416e-06
CDK14,1.2034376e-06
MIER2,1.2012746e-06
MPHOSPH10,1.1987416e-06
UBXN6,1.1978003e-06
PHLPP1,1.1966542e-06
PLPP1,1.1942335e-06
AKR1B10,1.194207e-06
IGKV2-24,1.1933075e-06
PEBP1P2,1.1924453e-06
ZKSCAN8,1.192243e-06
SMAD6,1.1918182e-06
TST,1.1915286e-06
MANEAL,1.191504e-06
DIRAS3,1.1903234e-06
VAX1,1.1898418e-06
RPL10P9,1.189746e-06
ARMCX2,1.1889503e-06
LILRA1,1.1883542e-06
PHF20,1.1878661e-06
RNU6-407P,1.1875718e-06
MUC1,1.1871296e-06
BAIAP3,1.1870018e-06
SOS1,1.1867076e-06
DPYSL5,1.1865664e-06
DYNC1H1,1.1848078e-06
ZKSCAN2,1.1833285e-06
MARS2,1.183086e-06
JUNB,1.1826146e-06
TSHR,1.1825258e-06
CYCSP24,1.1815893e-06
SRPX,1.1813779e-06
DHCR7-DT,1.1802895e-06
HSPA1A,1.1801404e-06
RBBP9,1.1799681e-06
THSD1,1.1791726e-06
VRK2,1.1782397e-06
FCGBP,1.178036e-06
SNX18P9,1.177741e-06
ZBTB4,1.1774715e-06
GORAB,1.1768178e-06
PLAU,1.1760094e-06
UBE3C,1.1748301e-06
CA3,1.1743978e-06
IGHV1-58,1.1740942e-06
TPM2,1.1736328e-06
UGCG,1.1728041e-06
ST3GAL5,1.1718073e-06
CYP4F12,1.1708044e-06
CFI,1.1702773e-06
ARX,1.1699398e-06
RANBP10,1.1694567e-06
PECR,1.1692209e-06
PDE1C,1.1691662e-06
SELENOK,1.169063e-06
ZNF512B,1.1677561e-06
TAB2,1.1673341e-06
MOV10,1.1672784e-06
WFDC1,1.1656481e-06
ZNF609,1.1645171e-06
CDC6,1.1644728e-06
PPP6R1,1.1636241e-06
ZNF574,1.1634579e-06
GRINA,1.162363e-06
MT-TY,1.1620347e-06
PHF1,1.1614715e-06
IL12A,1.1604354e-06
MIR181D,1.160083e-06
RPS6KA6,1.1599811e-06
CLMN,1.1594301e-06
LRP6,1.1581465e-06
TSEN34,1.1564528e-06
SSNA1,1.1559787e-06
MOCOS,1.1559642e-06
PPP1R13L,1.1555178e-06
ASAP2,1.1549195e-06
SEC23A,1.1541326e-06
CAD,1.1539711e-06
NOP10,1.1532031e-06
MMP1,1.1524071e-06
TMEM205,1.1498043e-06
KIFAP3,1.149141e-06
SLC52A2,1.1486771e-06
RELN,1.1482962e-06
OTX1,1.148099e-06
PTGS2,1.1477413e-06
IGHV5-51,1.147658e-06
SEMA5B,1.1473818e-06
SH3BGRL3,1.14654e-06
ANKRD52,1.1440673e-06
TIMM44,1.1440147e-06
GNAI2,1.143645e-06
TSR3,1.1415622e-06
UBALD2,1.1414945e-06
WNK3,1.1414498e-06
PDXK,1.1386095e-06
PCDHB5,1.1375753e-06
EEF1A1P24,1.1372904e-06
HIVEP1,1.1370479e-06
ZNF264,1.1353458e-06
LUC7L2,1.1339433e-06
GAN,1.1338261e-06
SRCAP-AS1,1.1329014e-06
MARS1,1.1309777e-06
CBX3P9,1.1297154e-06
TTPAL,1.1293027e-06
SNRPD3,1.1275081e-06
SRP9P1,1.1270587e-06
LDHAP3,1.1258928e-06
LINC00836,1.1252015e-06
GBA1,1.1248995e-06
ATG101,1.1241159e-06
NAGA,1.1231718e-06
MIDN,1.1225624e-06
STK11,1.1216503e-06
HK1,1.120976e-06
SPOCK2,1.1206946e-06
SP5,1.1182925e-06
PLAGL2,1.117506e-06
CPXM1,1.1169348e-06
RNF185,1.1152749e-06
ASPH,1.1134766e-06
TICAM2-AS1,1.1130925e-06
TCF7L1,1.1126256e-06
SLC44A1,1.1117243e-06
LOXL1,1.1092699e-06
F11R,1.1092602e-06
CAVIN3,1.107391e-06
EYA4,1.107113e-06
TP53,1.1062192e-06
LIMD1,1.1060562e-06
CILP2,1.1048808e-06
LUM,1.1031578e-06
PSPH,1.1031285e-06
NPR2,1.1026704e-06
SNX13,1.1005407e-06
LRRFIP1P1,1.1003913e-06
EMD,1.0994319e-06
USP54,1.0983634e-06
ELK3,1.0982669e-06
SLC15A3,1.0976524e-06
CYP19A1,1.0973259e-06
POGK,1.096185e-06
URM1,1.0958576e-06
CDR2,1.094039e-06
CKB,1.0929051e-06
C10orf90,1.0923279e-06
CEP83,1.0918924e-06
MIR8082,1.0901978e-06
PABPC1,1.0897254e-06
SNED1,1.0871679e-06
E2F8,1.0863213e-06
MTARC1,1.0862216e-06
ISCA1P4,1.0848905e-06
FOXD1,1.084607e-06
NAP1L4,1.0840545e-06
DUSP22,1.0828361e-06
SMC4,1.0825918e-06
ERVMER34-1,1.0824996e-06
KIF5B,1.0819e-06
GAREM2,1.0810013e-06
NHERF2,1.0796696e-06
BTBD2,1.0794237e-06
STC2,1.077134e-06
RAD21,1.0762041e-06
EEF2K,1.0760352e-06
NFIL3,1.076032e-06
HHIPL1,1.0751482e-06
GSTK1,1.0739922e-06
ZIC5,1.0739367e-06
PRAG1,1.072676e-06
TRBJ2-3,1.0723419e-06
SDCBP2,1.072158e-06
KAT6B,1.071985e-06
ZBTB43,1.0715335e-06
GYG2,1.0695668e-06
FRG1JP,1.069318e-06
DPP6,1.0688872e-06
CD302,1.0682718e-06
GLT8D1,1.0665622e-06
STIM1,1.065911e-06
MIR1271,1.0650087e-06
PAG1,1.0649212e-06
FN3K,1.064368e-06
TASP1,1.0631369e-06
MYL9,1.062337e-06
ZNF613,1.0619038e-06
FAM133B,1.0606913e-06
CCDC6,1.0596881e-06
BTF3P16,1.059364e-06
RABL2B,1.0562248e-06
HNRNPR,1.0547551e-06
KANSL3,1.0532435e-06
ALDH1L1-AS1,1.0526159e-06
CNKSR2,1.05116e-06
TNF,1.0504633e-06
TDO2,1.0503676e-06
SEMA3D,1.0498709e-06
GIRGL,1.0494231e-06
RMST,1.0475553e-06
ZNF136,1.0473449e-06
PDXDC1,1.0467729e-06
LTBP4,1.0463003e-06
USP34,1.0452342e-06
LEF1,1.0450203e-06
ZC3H14,1.0447827e-06
ZNF114,1.042186e-06
VDR,1.0415715e-06
TM2D2,1.0414183e-06
LIMK1,1.0387656e-06
LINC02513,1.037864e-06
CD276,1.0374177e-06
RNF19A,1.036478e-06
RPS8,1.0352181e-06
KRABD1,1.0346017e-06
SIKE1,1.0326926e-06
PF4,1.031026e-06
KIAA1958,1.0293753e-06
TOMM20P4,1.0291773e-06
CDC25A,1.0290826e-06
TNRC18-AS1,1.0284681e-06
PUS3,1.0281707e-06
KERA,1.0277304e-06
NCOA3,1.027264e-06
SEL1L,1.0268128e-06
GFPT2,1.0267403e-06
CLOCK,1.0266996e-06
STK39,1.0248086e-06
LOC105371279,1.0245121e-06
EEF1A1P12,1.0244692e-06
USP13,1.0234525e-06
TUG1,1.0229534e-06
CEP85L,1.0225305e-06
BCL2L2,1.0218881e-06
CBY1,1.0211409e-06
DPP9,1.0198258e-06
SLC2A12,1.018482e-06
PELI3,1.0175414e-06
IGHG2,1.0173953e-06
NRP1,1.0160937e-06
STPG1,1.0160095e-06
HDAC11,1.0149477e-06
SLC44A3,1.0126126e-06
ZCRB1,1.0100182e-06
ANKRD65-AS1,1.0089235e-06
RBCK1,1.0086432e-06
MIR222HG,1.0081795e-06
LOC124900945,1.0081578e-06
TMEM47,1.0059152e-06
AKAP8,1.0058565e-06
ATAD2,1.0047852e-06
ACTG1P20,1.0032162e-06
MRPS18A,1.0020593e-06
COL8A1,1.0014924e-06
MITF,1.0013177e-06
GDF11,1.0003085e-06
BPGM,9.99962e-07
OSMR,9.987117e-07
FOXC2,9.986097e-07
FAM234B,9.983188e-07
ZNF408,9.977571e-07
YBX1P1,9.964727e-07
PSMC2,9.963419e-07
ZXDB,9.957081e-07
MAP9,9.955917e-07
LAMB1,9.937016e-07
ENG,9.933962e-07
VKORC1L1,9.930802e-07
NSUN2,9.92324e-07
NPAT,9.923156e-07
KCNV1,9.907741e-07
GOLIM4,9.890396e-07
PTCHD4,9.890016e-07
CTF1,9.879025e-07
IRAK4,9.874382e-07
TMEM181,9.872003e-07
SEC11A,9.871878e-07
ZHX2,9.864392e-07
SASH1,9.854156e-07
H4C13,9.838398e-07
TMEM141,9.831272e-07
RNU6-1004P,9.826413e-07
PSMG1,9.824822e-07
ACAA1,9.817792e-07
SEC24A,9.810611e-07
GAPT,9.809384e-07
MRPL20-AS1,9.806098e-07
NEDD8P1,9.803886e-07
KY,9.79694e-07
RNF157,9.769793e-07
PITPNB,9.75672e-07
MAP3K1,9.720784e-07
GRAMD2A,9.718121e-07
IGKV1-16,9.714596e-07
MTRES1,9.701237e-07
GNB2,9.690815e-07
CCL26,9.677459e-07
RAB37,9.668014e-07
FAM8A1,9.662116e-07
MYBPH,9.6332e-07
NMUR2,9.621043e-07
NR2C2AP,9.616793e-07
IGF2,9.592287e-07
RN7SKP296,9.576779e-07
NLGN1,9.576693e-07
PRKY,9.576379e-07
PAXIP1,9.56588e-07
SPTLC2,9.555441e-07
CTU1,9.553218e-07
MET,9.542796e-07
PURB,9.538983e-07
TOX3,9.534356e-07
PRPF19,9.5173635e-07
PCYOX1L,9.5082174e-07
H3C10,9.5013064e-07
EEF1A1P4,9.496758e-07
RNA5SP532,9.495892e-07
WNT2B,9.495801e-07
XPO4,9.494377e-07
SP4,9.48855e-07
TOB2,9.4884086e-07
DDX24,9.485157e-07
TRMT10C,9.478922e-07
MAU2,9.4773185e-07
IBTK,9.4749316e-07
AGT,9.459599e-07
UFC1,9.4433403e-07
MEA1,9.428516e-07
ZFHX3,9.417832e-07
PARVA,9.414742e-07
RBM23,9.4127165e-07
CAPZA2,9.393873e-07
SHC1,9.3757023e-07
PCDHA3,9.3568116e-07
PDE4DIPP2,9.3513006e-07
GRIK3,9.336164e-07
GPAA1,9.3187424e-07
CHKA,9.2991627e-07
NTSR2,9.2834796e-07
NIM1K,9.272601e-07
EPDR1,9.266061e-07
GBA3,9.250115e-07
SIX4,9.222692e-07
MNX1-AS1,9.2226094e-07
SNORA22B,9.221542e-07
RALB,9.204594e-07
IGKV6D-21,9.192145e-07
LOC124902752,9.183665e-07
CACTIN,9.174841e-07
PLA2G2A,9.1700514e-07
PPP3CA,9.1675605e-07
RPS29P5,9.1336904e-07
LARP4B,9.1205897e-07
KCNMB4,9.118701e-07
GSTM4,9.1170085e-07
IGKV1D-16,9.112939e-07
PCYT2,9.1121456e-07
COL6A3,9.107998e-07
TBX3-AS1,9.0949135e-07
C5orf67,9.093666e-07
NXT1,9.093133e-07
GPR84,9.073289e-07
NOTCH1,9.061049e-07
GLIS1,9.051147e-07
SQLE,9.0476624e-07
TTC7A,9.042299e-07
PRKD1,9.0363e-07
NEMP1,9.0264564e-07
VN1R84P,9.024128e-07
LOC124907880,9.02175e-07
ALDH1B1,9.020166e-07
ZBTB41,9.019859e-07
LONP2,9.0108034e-07
CPSF3,9.0103435e-07
HSPB1P2,8.988569e-07
PRDM4,8.9879234e-07
TP53INP2,8.9829285e-07
FBH1,8.9796737e-07
LOC124907726,8.9263807e-07
MAPK6,8.9053987e-07
GSDMA,8.902148e-07
SPATA20,8.8972234e-07
CLEC9A,8.8964106e-07
SCAF4,8.8940976e-07
HLTF,8.8869393e-07
CHD2,8.8795827e-07
DMRTA1,8.8788784e-07
KLF2,8.8787425e-07
CAMSAP1,8.869842e-07
FBXW9,8.868554e-07
TCF7,8.862319e-07
AXIN1,8.8618475e-07
UBL4A,8.858483e-07
IGLV4-60,8.8553764e-07
WDR46,8.852133e-07
FOXN4,8.8398815e-07
FDPS,8.834013e-07
ADAMTS18,8.8319973e-07
DONSON,8.824624e-07
PTGES3,8.821447e-07
SNAPC3,8.8073e-07
CCND1,8.8030436e-07
TRIM28,8.799054e-07
PDIK1L,8.798033e-07
APTR,8.7970324e-07
IQCN,8.789521e-07
TMOD4,8.778001e-07
MYH9,8.7644787e-07
GTF2IP4,8.7585e-07
SLC12A7,8.7491816e-07
HSPB1,8.7426616e-07
VWA3A,8.733639e-07
INHA,8.733121e-07
PSMD7,8.725247e-07
CNOT3,8.7027047e-07
TINF2,8.695252e-07
FSTL1,8.677206e-07
SERPING1,8.6757274e-07
P3H1,8.670263e-07
FIGN,8.668722e-07
UBE2Q2P13,8.657427e-07
MMP11,8.644296e-07
PELP1,8.639482e-07
P2RY11,8.6337525e-07
INHBC,8.63187e-07
ZFYVE21,8.6304414e-07
DAO,8.614167e-07
H3C8,8.6108037e-07
TWF1,8.610628e-07
ZNF302,8.6088704e-07
TICRR,8.607159e-07
LOC441179,8.6050693e-07
PDLIM3,8.6038926e-07
PRP4K,8.5970987e-07
RNU4-89P,8.5908556e-07
MED1,8.590132e-07
RAB18,8.5770955e-07
FKBP1C,8.573942e-07
MRAS,8.5669524e-07
ZBTB39,8.5575357e-07
EIF6,8.557034e-07
GIMAP8,8.5488955e-07
CCSER2,8.5427905e-07
SLC38A3,8.540721e-07
REPIN1,8.53666e-07
DST,8.520591e-07
SEC24C,8.5093023e-07
WDR75,8.5065045e-07
TMSB4XP8,8.495264e-07
STK38L,8.494599e-07
NKAPD1,8.4925654e-07
WIPI2,8.482795e-07
SAFB,8.4790383e-07
IKZF1,8.4765276e-07
ZNF432,8.4592807e-07
NTRK3,8.45898e-07
JAG1,8.4509134e-07
CAPN5,8.439213e-07
MIR3198-1,8.427596e-07
GAL3ST3,8.420154e-07
AARS2,8.396983e-07
CD2BP2,8.373417e-07
HMGXB4,8.368395e-07
ZNF324B,8.349552e-07
IFNLR1,8.349297e-07
DYRK2,8.3384117e-07
IGHV1-3,8.3310016e-07
LINC03083,8.3039134e-07
UAP1L1,8.296475e-07
KPNA3,8.287616e-07
ASIC2,8.2858895e-07
ODAD2,8.274939e-07
PA2G4,8.2698466e-07
ST6GALNAC1,8.2640446e-07
S100A10,8.263495e-07
ARL4A,8.250055e-07
HIC2,8.234873e-07
AHDC1,8.2324027e-07
DRD4,8.2222357e-07
MYDGF,8.2198835e-07
CBLN3,8.2042453e-07
AHCY,8.198278e-07
GLP1R,8.184874e-07
ADGRA3,8.1780064e-07
CIRBP,8.1669856e-07
MTHFSD,8.1666303e-07
MSH2,8.16385e-07
TBX2-AS1,8.151667e-07
ZNF524,8.1322486e-07
PPP1R1A,8.122647e-07
FPR2,8.1192843e-07
GCH1,8.10826e-07
LRATD2,8.097228e-07
PAIP1P2,8.090968e-07
FAP,8.0743274e-07
FAM114A1,8.0697185e-07
ATP6V0E1,8.06556e-07
FAM167A-AS1,8.059413e-07
PKIG,8.0567224e-07
PRPS1,8.0356847e-07
LAMTOR2,8.024107e-07
IFI6,8.015841e-07
SLC4A3,8.012935e-07
RYR1,8.009819e-07
LINC00839,8.0011733e-07
ALG3,8.001144e-07
CHD8,7.9989775e-07
CSPG4,7.985963e-07
PTGES,7.9550733e-07
MTOR,7.951324e-07
NCBP1,7.950313e-07
RSPH1,7.9461404e-07
CHCHD2P6,7.940136e-07
TBC1D16,7.938741e-07
CAV2,7.9332204e-07
SELENOT,7.9323223e-07
GTF2IRD1,7.913862e-07
THAP7,7.9130444e-07
PPM1K-DT,7.905391e-07
UCK1,7.8983805e-07
ITGA5,7.8918015e-07
NEURL1B,7.8864633e-07
SIGMAR1,7.886362e-07
LMOD1,7.852163e-07
ASNSD1,7.841927e-07
DLX6,7.840098e-07
CHD9NB,7.814761e-07
LINC01546,7.8139317e-07
SHMT1,7.809704e-07
PIM2,7.8082667e-07
FLT1,7.8071935e-07
TRIM27,7.8014136e-07
NLGN1-AS1,7.7960686e-07
CRB1,7.79597e-07
EHMT2,7.7834903e-07
PPP2CB,7.7767663e-07
ZNF211,7.7750667e-07
FAM227A,7.771593e-07
OR7E102P,7.769146e-07
SLC48A1,7.7514017e-07
TIMELESS,7.738746e-07
RC3H2,7.725258e-07
SHISA4,7.722338e-07
MRPS27,7.7171666e-07
TP53BP1,7.715216e-07
BRIX1,7.6912187e-07
ZNF569,7.6863853e-07
CADPS2,7.6722534e-07
TMPRSS9,7.663913e-07
PSIP1,7.66176e-07
PAPSS1,7.649153e-07
PPME1,7.644023e-07
RRP1,7.64347e-07
PACC1,7.636806e-07
STK10,7.61701e-07
HDAC7,7.616809e-07
CYBB,7.613193e-07
COPZ1,7.594735e-07
ILF3,7.5839966e-07
SRP72,7.5647137e-07
NPM1P27,7.5598894e-07
JMY,7.553646e-07
SURF1,7.553113e-07
RPL13AP24,7.550571e-07
BEND6,7.548281e-07
LRRN1,7.5390574e-07
PCF11,7.515241e-07
ZC3H4,7.513132e-07
RPS6KA4,7.5023183e-07
NMNAT1,7.4832917e-07
TMTC1,7.480345e-07
RAB3IL1,7.4782565e-07
ZBTB40,7.4648676e-07
DENND4C,7.463803e-07
NRIP1,7.4626195e-07
MIR3682,7.4606163e-07
UST,7.4595164e-07
NSMCE3,7.457831e-07
LACTB,7.45172e-07
FRA10AC1,7.4493704e-07
RNU1-1,7.4369996e-07
EHBP1,7.4319075e-07
IFITM3P6,7.431501e-07
RARS1,7.4277744e-07
CFAP36,7.425808e-07
MCMBP,7.4256064e-07
CLCF1,7.425399e-07
PCDHGA2,7.408906e-07
DHFRP1,7.408248e-07
PRR12,7.407776e-07
CRY2,7.4028134e-07
ZNF107,7.402405e-07
NSDHL,7.401796e-07
CNGA3,7.3963963e-07
LOC112267986,7.393975e-07
ERCC6L,7.370359e-07
TXLNG,7.3671237e-07
TENM3-AS1,7.350683e-07
MED14OS,7.3445835e-07
TMX3,7.338552e-07
GSPT1,7.334663e-07
TOR4A,7.327201e-07
TBL2,7.318434e-07
HUWE1,7.3094446e-07
STAC,7.3039274e-07
APOBEC3C,7.303842e-07
KDM1A,7.289365e-07
FBN1-DT,7.288756e-07
NEK8,7.270753e-07
MYEF2,7.264193e-07
MZB1,7.257379e-07
MXD1,7.2525637e-07
PCOLCE,7.2511034e-07
MAN2A2,7.2496283e-07
NCAPD3,7.241311e-07
TMEM229A,7.231565e-07
POC1A,7.225395e-07
C1QTNF1,7.218683e-07
WBP1L,7.2178074e-07
RPL6P10,7.2159344e-07
MAN1A1,7.19154e-07
MUC20P1,7.187118e-07
RSRC2,7.18691e-07
ATP6V1F,7.18558e-07
SLC25A53,7.176912e-07
EEF1A1P29,7.1709087e-07
ELOA,7.1707694e-07
TFAP2A-AS2,7.161162e-07
RNF214,7.158617e-07
LILRB5,7.1574027e-07
IGKV1-8,7.1526915e-07
LSP1P2,7.1424984e-07
ECM2,7.126326e-07
AVPR1A,7.125554e-07
LOC105378333,7.119946e-07
MAST4,7.0942866e-07
TBC1D5,7.0856146e-07
LINC00488,7.081662e-07
RN7SL128P,7.071782e-07
PAK1IP1,7.0714657e-07
CEP78,7.0677316e-07
HSBP1P2,7.0628676e-07
BCORL1,7.0614794e-07
ECEL1,7.0598236e-07
FHL2,7.0587413e-07
KANSL1-AS1,7.058168e-07
SHISA2,7.0454325e-07
TNFRSF10D,7.042885e-07
ATF4P3,7.041973e-07
TGFB1,7.041573e-07
SIX2,7.038462e-07
IBSP,7.036613e-07
HARS2,7.035582e-07
ARSL,7.029445e-07
CLDND1,7.0207784e-07
ZC3H12C,7.0137196e-07
DNAH9,7.003279e-07
OBI1-AS1,7.00266e-07
TXNDC16,7.0020593e-07
ATXN1L,6.9892934e-07
PLBD1-AS1,6.981961e-07
VIPR2,6.9736194e-07
RPS2P46,6.959176e-07
MALSU1,6.952526e-07
LINC01954,6.9507837e-07
COL4A6,6.9378143e-07
TMEM238,6.922384e-07
B3GALT1,6.913803e-07
IGKV3-15,6.9131454e-07
SMAGP,6.909685e-07
RNY4P37,6.893361e-07
PUSL1,6.88999e-07
OR51E1,6.8826677e-07
SPPL2A,6.8816576e-07
FHL3,6.872577e-07
EML1,6.8725615e-07
NSD2,6.8643016e-07
RPS27P3,6.837843e-07
MIR4664,6.8286045e-07
MIMS2,6.8257526e-07
PRR29,6.8207623e-07
IFI16,6.8065566e-07
CASC3,6.8007404e-07
DPP8,6.8004897e-07
NEUROD6,6.799837e-07
ARHGAP36,6.7907683e-07
RPS27AP1,6.7844877e-07
ZNF566,6.7765814e-07
CCL2,6.76543e-07
DCAF5,6.7597153e-07
P2RY6,6.757354e-07
PEA15,6.7480255e-07
IL18BP,6.743495e-07
WDR4,6.720395e-07
TGFB1I1,6.717308e-07
CDC50A,6.6979226e-07
EIF5,6.6940515e-07
LOC124902532,6.681154e-07
EEF1A1P6,6.6788874e-07
COL1A2,6.678315e-07
PDRG1,6.676123e-07
HTRA3,6.6743894e-07
ENOX1-AS2,6.669634e-07
WDR82,6.6682577e-07
MYBPHL,6.665037e-07
PIEZO2,6.6645936e-07
RPS8P1,6.659332e-07
APOL4,6.658942e-07
TBCCD1,6.654481e-07
ZFAND6,6.645362e-07
GOLM1,6.6433057e-07
NFATC2,6.641496e-07
CCN2,6.636802e-07
PRNP,6.6242234e-07
ZNF37CP,6.6229643e-07
PTPN23-DT,6.6166774e-07
NME7,6.6107924e-07
RPL39P17,6.610435e-07
SSBP4,6.6103917e-07
LOC100506474,6.6019953e-07
SNORA80D,6.579175e-07
NOMO1,6.55987e-07
UBE2E1,6.5506117e-07
OIP5,6.545298e-07
FAAP24,6.5395807e-07
ARHGAP21,6.5340544e-07
ARMCX6,6.531708e-07
PPP1R12B,6.5211395e-07
ATP6V1C1,6.5078086e-07
PLD5,6.481176e-07
ITGB3,6.472702e-07
DHX57,6.466279e-07
GPR157,6.464466e-07
TMED3,6.460213e-07
PARP16,6.4526284e-07
RNU6-611P,6.449823e-07
ZDHHC7,6.4143177e-07
TNPO2,6.411357e-07
ESD,6.4059446e-07
ARHGEF17,6.403539e-07
CRABP2,6.403489e-07
ATXN7,6.402062e-07
PRRX1,6.3787166e-07
MME,6.3616636e-07
PRKAA2,6.3529995e-07
THAP3,6.3512323e-07
DLX2,6.341792e-07
TMEM240,6.33748e-07
PPP2R5D,6.333652e-07
IGKV1-12,6.317157e-07
RBPMS2,6.316778e-07
COCH,6.3070235e-07
AXL,6.2927325e-07
B3GALT6,6.2877615e-07
CGN,6.2779634e-07
LOC124905170,6.2754117e-07
MKKS,6.262295e-07
SLC35B2,6.2604727e-07
NR2F2,6.2559224e-07
CASK,6.253092e-07
OLFML2A,6.2529836e-07
NETO1-DT,6.251636e-07
POP1,6.2491415e-07
SLC18A1,6.243355e-07
KIAA1217,6.233722e-07
WNT5A-AS1,6.231215e-07
FOXK2,6.2260324e-07
BANF1P3,6.201441e-07
ZNF808,6.195511e-07
PAWR,6.185776e-07
DOCK6,6.1783606e-07
SSPN-AS1,6.17487e-07
FAM86FP,6.169691e-07
CNTNAP3B,6.1626434e-07
STRN3,6.1622796e-07
SCGB1D2,6.1595716e-07
NQO2,6.151822e-07
ZNF776,6.1488515e-07
RNH1,6.146302e-07
RORB,6.134481e-07
AMBRA1,6.1185443e-07
DOCK10,6.114606e-07
TMF1,6.108924e-07
GATAD1,6.085268e-07
CNN2,6.0789296e-07
RPLP0,6.077088e-07
ERMARD,6.0700313e-07
KDM4D,6.0629264e-07
ITGAM,6.0479755e-07
GSN,6.037687e-07
C22orf46P,6.0071244e-07
NUP98,6.0063337e-07
RNA5SP150,5.989838e-07
BRCC3,5.980309e-07
KLKB1,5.9795707e-07
PTK2B,5.973402e-07
IFITM3,5.973235e-07
CHLSN,5.9430835e-07
ZNF197,5.9327704e-07
LOC112268276,5.932413e-07
SDF2,5.9122976e-07
IGHV3-49,5.8965225e-07
YIPF3,5.889243e-07
GAPDHP35,5.888182e-07
BTC,5.8874167e-07
TCF25,5.883951e-07
SCAF1,5.8799367e-07
TOP2B,5.879487e-07
FAM169A,5.878356e-07
HCFC2,5.8704507e-07
PDPR,5.82996e-07
POLR2G,5.818008e-07
MICB-DT,5.778397e-07
UGGT1,5.7654734e-07
RNF167,5.748306e-07
HOXB13,5.7427553e-07
CYP11A1,5.7360603e-07
ID2,5.735092e-07
PUM3,5.7331806e-07
PSMC1P1,5.7273775e-07
PATZ1,5.7187964e-07
TMEM220,5.715854e-07
ACP3,5.710535e-07
RNPEPL1,5.7072197e-07
DAAM1,5.691123e-07
NOL3,5.681705e-07
ASF1A,5.6780044e-07
ZNF12,5.666964e-07
SZRD1P1,5.664022e-07
SLC27A4,5.650775e-07
IL13RA1,5.6325524e-07
HLCS,5.632019e-07
IKBIP,5.630655e-07
SERTM1,5.6285484e-07
SYNJ2BP,5.6231994e-07
EPHB3,5.6228174e-07
NOM1,5.620605e-07
ST7-AS2,5.617877e-07
LGALS1,5.613699e-07
MBIP,5.6066904e-07
NGF,5.599276e-07
ARHGAP39,5.5971157e-07
WDFY4,5.594628e-07
OTOS,5.591665e-07
PARP11,5.5684654e-07
RNF212,5.534687e-07
ORC1,5.525902e-07
PLEKHM2,5.476394e-07
VSTM1,5.472824e-07
LIMCH1,5.4724535e-07
DPH5,5.4645557e-07
RGS22,5.429553e-07
CD44-DT,5.412785e-07
VOPP1-DT,5.404366e-07
WDR81,5.403723e-07
ZNF576,5.398602e-07
PHLDA3,5.3939306e-07
SASS6,5.39329e-07
PDGFC,5.388617e-07
VWA5A,5.3791655e-07
XPNPEP2,5.3769656e-07
EFNA4,5.3763256e-07
CRELD2,5.3700194e-07
SLC5A6,5.363824e-07
KCTD6,5.359304e-07
TBC1D8,5.357547e-07
METTL16,5.347044e-07
LRWD1,5.346504e-07
WIZ,5.345041e-07
NOP58,5.344493e-07
CAPG,5.3331917e-07
PTMAP2,5.3274664e-07
FAM216B,5.3126286e-07
OBP2A,5.282372e-07
GFRA2,5.280905e-07
TGM5,5.2805825e-07
PGCKA1,5.280269e-07
SEPTIN7-DT,5.277529e-07
SH2D4A,5.2725056e-07
TSPO,5.2651194e-07
MRPS26,5.264807e-07
RINT1,5.25352e-07
CWC22,5.2402316e-07
VPS26B,5.2285856e-07
KAT7,5.2192524e-07
RPS5,5.2054486e-07
SERTAD4,5.2053997e-07
DNAAF2,5.202505e-07
SAMD1,5.1921484e-07
RPS2P55,5.1729904e-07
EIF3G,5.158448e-07
SSC5D,5.15692e-07
PUS1-AS1,5.154391e-07
CHI3L1,5.137408e-07
LENG9,5.131275e-07
RAB28,5.1305796e-07
UROD,5.1070265e-07
RNU7-123P,5.100236e-07
IGSF8,5.098161e-07
GLIPR2,5.0919317e-07
LCMT2,5.088233e-07
LOX,5.08694e-07
CTHRC1,5.075199e-07
MKX,5.0641233e-07
BTBD9,5.049696e-07
MRFAP1L1,5.0439587e-07
MARK2,5.035225e-07
NTRK1,5.0293914e-07
KLHL25,5.024737e-07
LOC100419515,4.979901e-07
PRKAG1,4.976728e-07
TAGLN,4.975651e-07
OCRL,4.9581956e-07
GCGR,4.9543627e-07
AEN,4.9509435e-07
CNNM4,4.9488824e-07
SERPINH1,4.9460147e-07
CYB561,4.9406054e-07
HMBOX1,4.9366446e-07
GAPDHP59,4.931162e-07
NDRG1,4.897781e-07
EIF4ENIF1,4.889796e-07
EEF1A1P14,4.8748177e-07
ADAM10,4.854744e-07
RAI1,4.8318356e-07
RAB35,4.8273444e-07
RPS26P13,4.820269e-07
NFAT5,4.8189304e-07
UBAC2,4.8104283e-07
RRP1B,4.80775e-07
COL15A1,4.798057e-07
BMP8B,4.7963186e-07
EMILIN1,4.795223e-07
ZSCAN12,4.7845504e-07
FAM222B,4.7788734e-07
CNTN3,4.7720016e-07
ANOS1,4.771741e-07
PKN3,4.767914e-07
BRD9,4.7598863e-07
DBI,4.7592647e-07
ZNF181,4.75107e-07
SAE1,4.7435472e-07
MRPL54,4.7411214e-07
FN1,4.7344284e-07
DAB1,4.731812e-07
LINC00092,4.723797e-07
RPSAP53,4.7119528e-07
CLDN1,4.7111604e-07
CYB5R3,4.7073644e-07
ZNF837,4.6990294e-07
RNU6-1011P,4.6781278e-07
GMPS,4.6767587e-07
IFT22,4.6750122e-07
LOC105375977,4.670088e-07
DES,4.6578015e-07
TMEM71,4.6503948e-07
USP10,4.6176643e-07
TP53RK,4.6108914e-07
CENPM,4.60018e-07
FAM131C,4.5940013e-07
SUPT16H,4.5707847e-07
AP1G1,4.5531812e-07
HIGD2A,4.548079e-07
MMP2,4.544599e-07
ADAMTSL1,4.53568e-07
CDH6,4.526598e-07
TPM4,4.524682e-07
DCTN1,4.5238806e-07
YIF1A,4.5222194e-07
LINC03058,4.514236e-07
COL9A3,4.504332e-07
HOXC-AS2,4.5004182e-07
RPS12P23,4.490139e-07
UGP2,4.4703336e-07
OGFRL1,4.465761e-07
ADGRG2,4.4556404e-07
COPS6,4.4398982e-07
CHCHD2,4.4390396e-07
ALAS2,4.4357424e-07
RFK,4.43056e-07
IL17RA,4.4302723e-07
NUDCP1,4.4258232e-07
DISC1,4.4167314e-07
CEBPB,4.3772462e-07
CLCN2,4.3731612e-07
XXYLT1,4.3727286e-07
ARID1A,4.355788e-07
MIR4701,4.3550716e-07
LRFN4,4.3520853e-07
ZSCAN22,4.340601e-07
LMLN,4.336701e-07
SCG2,4.3249904e-07
PMP2,4.32177e-07
PCNX3,4.3127633e-07
C1GALT1,4.306931e-07
VASN,4.2858937e-07
USP24,4.2713012e-07
GET3,4.2631393e-07
HCG23,4.2614533e-07
JPT2,4.245594e-07
ZDHHC8,4.2382703e-07
LNCOG,4.2331985e-07
IGHA2,4.2254538e-07
CRABP1,4.219526e-07
S1PR2,4.2085665e-07
TNKS,4.1972402e-07
ZNF696,4.1868492e-07
IFT70A,4.1863998e-07
SNX17,4.1849918e-07
SUN2,4.1722694e-07
DHCR24,4.1719662e-07
DCN,4.1598892e-07
RIOK1,4.1558016e-07
CLIC1,4.1423647e-07
DNAI1,4.1419273e-07
COXFA4,4.122643e-07
PTPRJ-AS1,4.094911e-07
KCNMB1,4.0937377e-07
LINC02058,4.0926065e-07
KIRREL1,4.091489e-07
MRPS2,4.0751866e-07
B3GALT5,4.073922e-07
NFATC3,4.0695053e-07
GUCA2A,4.0668294e-07
CTSF,4.0606358e-07
ZNF43,4.0525867e-07
SRP9,4.0501575e-07
ZNF471,4.0494646e-07
LOC107985020,4.0363724e-07
FAM32A,4.027615e-07
GXYLT2,4.0232808e-07
SLC16A3,4.020361e-07
SNX18,4.0057105e-07
TP53TG1,4.0030878e-07
NCAPD2,3.9963834e-07
MAML3,3.9932567e-07
ABL1,3.9930518e-07
SUCO,3.9914264e-07
ANKRD12,3.9900243e-07
AAR2,3.9719498e-07
KRABD3,3.959133e-07
ASF1B,3.9588957e-07
MEGF11,3.952118e-07
P2RY1,3.9476086e-07
EEF1A1P25,3.9293252e-07
PNPT1,3.9147028e-07
ZNF473,3.9031838e-07
ALKAL2,3.9026762e-07
CAMLG,3.8971137e-07
LOC124904882,3.883421e-07
KCNN2,3.8815392e-07
PCDH8,3.8808025e-07
JRKL,3.8801358e-07
TTC12,3.876307e-07
MEGF10,3.865948e-07
SUV39H1,3.8554006e-07
TOR1B,3.8398292e-07
PSME2P1,3.8275925e-07
DNAJA3,3.8127007e-07
CNTRL,3.8081404e-07
DOK1,3.7913085e-07
AURKAIP1,3.7909314e-07
TUBA1C,3.7849054e-07
RPS4X,3.7835628e-07
MIR635,3.7823565e-07
SLC12A9-AS1,3.7813604e-07
LMBRD1,3.77077e-07
CNIH1,3.7621575e-07
RNMT,3.7621436e-07
PAPLN,3.7550177e-07
CX3CR1,3.7426432e-07
MAHAC,3.7309906e-07
PCDHGA3,3.7303272e-07
TP53I13,3.7239158e-07
CUL7,3.7200752e-07
TRIM62,3.7159134e-07
LMF2,3.7113162e-07
HHIP,3.7025634e-07
RFX3-DT,3.7022033e-07
MSH6,3.7010406e-07
SH2B2,3.694102e-07
CASP8,3.6882238e-07
DPM2,3.6859404e-07
COPZ2,3.6851117e-07
SP6,3.6665526e-07
RPL4P5,3.658801e-07
NDST1-AS1,3.657348e-07
LINC01963,3.656468e-07
METTL27,3.651783e-07
MIR4435-2HG,3.6419084e-07
KIF3B,3.62553e-07
LOC644169,3.621366e-07
CFAP70,3.6202746e-07
TOB2P1,3.6118882e-07
GPSM1,3.61127e-07
ADD3,3.608881e-07
TMEM41B,3.605524e-07
GPX7,3.603108e-07
CALCB,3.5964e-07
CNOT6,3.5933596e-07
PRKCZ-AS1,3.591117e-07
RALGAPA1,3.5895144e-07
DTX2,3.583646e-07
LRRC3B,3.5702072e-07
TC2N,3.567604e-07
STAG2,3.5617634e-07
PIP4K2A,3.558463e-07
HMGB1P10,3.5542297e-07
RPL5P17,3.5509245e-07
RBMS1,3.548292e-07
BAG2,3.5385563e-07
ABAT,3.5333022e-07
ANKRD53,3.5238762e-07
DDX42,3.5226392e-07
CCL11,3.5172516e-07
RPL22P24,3.5006383e-07
ELOVL2,3.49847e-07
CARD8,3.4873327e-07
SNX3,3.486047e-07
ZNF469,3.473431e-07
KLHL15,3.450676e-07
RING1,3.4499513e-07
ACBD4,3.43827e-07
TMEM183BP,3.4000735e-07
ZNF480,3.3966293e-07
PTX3,3.3778633e-07
PABPC4,3.3777152e-07
TMEM123-DT,3.3711254e-07
SOCS1,3.3683781e-07
XAB2,3.3631457e-07
ADAMTS12,3.3435944e-07
ZFP41,3.3188385e-07
C8orf88,3.3159213e-07
G6PD,3.304655e-07
DDIT3,3.2990044e-07
UBE2MP1,3.280545e-07
AGPAT2,3.2665884e-07
DIPK2A,3.264346e-07
GNAS,3.260921e-07
DIP2C,3.2582315e-07
SPRY4,3.256573e-07
ZNF18,3.2530136e-07
IFITM2,3.2445027e-07
PTPRE,3.2225225e-07
FLNC,3.2106442e-07
MVP,3.2068723e-07
RPS25,3.2040063e-07
ELP1,3.203989e-07
SMIM1,3.1975344e-07
CDHR3,3.196612e-07
FST,3.1902178e-07
MKI67,3.1690115e-07
NASP,3.1674804e-07
CIART,3.1649876e-07
BDP1,3.1628707e-07
TAF9B,3.1625146e-07
BRK1,3.1590562e-07
MOXD1,3.1539412e-07
RBM19,3.141737e-07
CIB1,3.1385758e-07
ZEB1,3.1352508e-07
TSEN15,3.128311e-07
FEV,3.1222876e-07
NFRKB,3.1196547e-07
DAW1,3.0987582e-07
BPTF,3.0981343e-07
UCK2,3.090128e-07
OSBPL3,3.0896246e-07
ATP6AP2,3.0811714e-07
TNNT3,3.0781868e-07
ZNF516,3.0741157e-07
AMZ1,3.0551783e-07
LEMD2,3.0338308e-07
AMIGO1,3.026057e-07
MC5R,3.0207642e-07
PSMA5,3.019522e-07
SMN2,2.997474e-07
ZNF350-AS1,2.9856741e-07
IGLV10-54,2.9828107e-07
CHI3L2,2.9816684e-07
PYGO1,2.98139e-07
MPC2,2.9748279e-07
ZNF561,2.9695073e-07
RPL9P3,2.9565464e-07
EPB41L4A-DT,2.9499316e-07
PSMD8,2.9473935e-07
SMTNL1,2.9434324e-07
NEU4,2.9428173e-07
PKD2,2.9394533e-07
RPL36,2.9329564e-07
RPS27P9,2.9208542e-07
FAM181A-AS1,2.9134193e-07
MASP2,2.912694e-07
ADPRH,2.910128e-07
SHLD2,2.8894277e-07
DYNC1LI2,2.8833335e-07
NDUFS8,2.8791908e-07
KLF4,2.873822e-07
ZIK1,2.8239853e-07
FAM43A,2.819102e-07
ZMYM4,2.818963e-07
MEF2D,2.8086018e-07
BCAT1,2.7976094e-07
CFL2,2.795004e-07
SLAMF9,2.793656e-07
DHX34,2.788349e-07
KLHL36,2.763422e-07
USP7,2.755011e-07
CHPF2,2.753646e-07
BUD31,2.7447936e-07
GPR161,2.7424971e-07
ATP13A1,2.7378957e-07
LOC729998,2.7356342e-07
FNBP1,2.7303153e-07
SFRP2,2.715449e-07
ZNF438,2.714348e-07
PKD2L1,2.7045147e-07
MYOZ3,2.694666e-07
PLIN1,2.687721e-07
INIP,2.6591354e-07
LTF,2.6565235e-07
UPF3AP3,2.6541588e-07
FKBP14,2.6377074e-07
CLASP1-AS1,2.6329963e-07
BTAF1,2.632168e-07
SOCS4,2.617958e-07
MORN5,2.6157736e-07
VRK1,2.6127088e-07
LDHA,2.608462e-07
COPRS,2.5915062e-07
FOS,2.5618021e-07
RPS27P6,2.5596208e-07
ELL,2.5536386e-07
PTMAP8,2.5501305e-07
CRH,2.5280536e-07
SHROOM1,2.5254917e-07
YAF2,2.517394e-07
AGA,2.512776e-07
MYO1C,2.5051446e-07
HFE,2.5015345e-07
GTPBP8,2.5003422e-07
ATXN2,2.4947906e-07
DOCK8,2.480671e-07
JUND,2.479359e-07
RALGAPB,2.479135e-07
MTND6P3,2.4786883e-07
ZFX,2.475186e-07
ZNF610,2.4664527e-07
RPRD1B,2.4647943e-07
PRSS23,2.4573464e-07
ARAP3,2.4318396e-07
BCKDK,2.4299905e-07
NUCB2,2.4126763e-07
MANBAL,2.3953734e-07
CSNK1G2,2.393754e-07
TGFBI,2.3934976e-07
CBARP,2.3640746e-07
GPT,2.3444245e-07
TNFAIP3,2.3432871e-07
ODF2,2.3405451e-07
ZNF428,2.3200538e-07
ATP6V1D,2.3139073e-07
SGTB,2.3122371e-07
CDC14B,2.3091475e-07
IRS1,2.306666e-07
EDC3,2.2870931e-07
KLHL26,2.2825763e-07
VPS51,2.2554198e-07
LRRC8D,2.2490552e-07
RIPOR2,2.24129e-07
S100PBP,2.1901714e-07
ZNF358,2.1809284e-07
OXCT1,2.1718371e-07
PIP4K2C,2.1705483e-07
PDS5B,2.169351e-07
CASKIN2,2.1674866e-07
TXN2,2.1652181e-07
FEZF2,2.1528245e-07
MRPS14,2.1515756e-07
RAB8B,2.1424381e-07
CDC42EP1,2.136376e-07
FOXO4,2.1359075e-07
LINC01993,2.1345765e-07
TMEM225B,2.1306403e-07
MXRA8,2.1230075e-07
TNFRSF1B,2.1072209e-07
EHBP1-AS1,2.1068374e-07
NHLH1,2.1033219e-07
ENTPD2,2.0954674e-07
CEMIP2,2.0917591e-07
FAM91A1,2.0913203e-07
MARVELD1,2.0732091e-07
MIR3177,2.0709008e-07
PRDX5,2.069898e-07
CNTNAP3,2.0490388e-07
FAM131B,2.048673e-07
LOC105369308,2.0466004e-07
PNPLA6,2.0425132e-07
ZNF441,2.0353477e-07
FAM131B-AS2,2.0054286e-07
ANAPC13,2.0043427e-07
PGK1,2.0012048e-07
LOC105375423,1.9966379e-07
CPED1,1.995057e-07
LINC02802,1.9943374e-07
GRAMD4,1.9935794e-07
EIF3L,1.9836178e-07
RNA5SP527,1.9773549e-07
MLF2,1.9756664e-07
RNF208,1.9725455e-07
MEF2C-AS2,1.9698906e-07
ZNF606,1.9695165e-07
RNA5SP490,1.9639606e-07
PCLAF,1.9441434e-07
MBTPS1-DT,1.9439773e-07
AP5B1,1.940356e-07
ST8SIA2,1.920075e-07
GPT2,1.9161641e-07
H2BC26,1.9017963e-07
SNRPD2P1,1.8981719e-07
MIR6832,1.8867539e-07
SCFD2,1.8421305e-07
ZNF579,1.839097e-07
RC3H1,1.8326533e-07
KCNIP1,1.8244349e-07
BCL2,1.8136069e-07
S100A4,1.8106982e-07
GLIPR1,1.8053319e-07
MACO1,1.7820255e-07
PRPF38B,1.7748863e-07
SETD1A,1.7614597e-07
ARL6IP5,1.7606936e-07
LOC101929566,1.7462399e-07
DNAJC9,1.746064e-07
CD47,1.7426495e-07
PMS2P1,1.7389925e-07
MRPL17,1.7385845e-07
TRIM16L,1.7257024e-07
EDC4,1.7227687e-07
MX2,1.7200595e-07
ELOF1,1.7191195e-07
PRKRIP1,1.7152547e-07
NPAS1,1.7135531e-07
EFEMP1,1.7048937e-07
MORF4L1P1,1.7039417e-07
MIR1270,1.703869e-07
RABL6,1.6965832e-07
BRD3,1.6770294e-07
KHNYN,1.6650698e-07
DDO,1.6543594e-07
GART,1.6433304e-07
ZNF17,1.6147466e-07
CIITA,1.6130582e-07
CHCHD7,1.6090428e-07
PLA2G5,1.5989514e-07
CCHCR1,1.5932599e-07
PDGFRL,1.5832337e-07
TUBG2,1.5801912e-07
HPS1,1.5768148e-07
ZNF727,1.5681482e-07
CTSZ,1.5648847e-07
TBCAP1,1.5529893e-07
BZW1,1.5484841e-07
MINAR1,1.5457955e-07
MCM4,1.5391635e-07
SLC16A11,1.522484e-07
HNRNPH1P1,1.5210713e-07
DYNLL2,1.5191111e-07
MOCS2,1.5176937e-07
BRAT1,1.517575e-07
NRF1,1.5113258e-07
NAAA,1.5001534e-07
SFRP5,1.4918955e-07
ACTG2,1.4859899e-07
GRIN2C,1.485446e-07
DEFB1,1.4792491e-07
TRIM37,1.4602824e-07
RHOD,1.4470614e-07
SH3BP5L,1.4420463e-07
SLC29A4,1.4328344e-07
CDH3,1.4251208e-07
RPL4P4,1.4237216e-07
CLSPN,1.4200153e-07
KDM3B,1.4113431e-07
FMO5,1.3997487e-07
LINC01138,1.3943733e-07
C3,1.3809117e-07
INTU,1.3780127e-07
SARM1,1.3768616e-07
SH3BP4,1.3768008e-07
RN7SL68P,1.3658462e-07
GREM1,1.3610416e-07
CD180,1.3513213e-07
QSOX1,1.3446044e-07
IGHV3-48,1.3421933e-07
LAMA4,1.3335931e-07
RBBP6,1.3304526e-07
WWC1,1.3165736e-07
DHX38,1.296319e-07
LTBR,1.2933538e-07
TTLL6,1.2772787e-07
FOXN3,1.2764258e-07
SERPINB6,1.2752925e-07
SNRPEP4,1.2685724e-07
GAMT,1.2681555e-07
PBX3,1.2622203e-07
DDX59-AS1,1.2565812e-07
ZNF354C,1.2542432e-07
LINC00973,1.2515024e-07
IGHV1-18,1.2495113e-07
ST18,1.2439652e-07
FRGCA,1.233034e-07
GJC2,1.2321098e-07
LOC124905349,1.2180799e-07
PDZD2,1.2141197e-07
MGME1,1.2137572e-07
POLRMT,1.2099316e-07
RPS11P5,1.2087392e-07
KMT2C,1.2031421e-07
PRELID2P1,1.1976304e-07
ACTBP2,1.1939925e-07
TVP23B,1.1825434e-07
LOC102723944,1.17471984e-07
SOS2,1.17128906e-07
MYC,1.1582995e-07
USP25,1.1563181e-07
FNTB,1.15172355e-07
HMOX2,1.14756716e-07
ZCCHC3,1.14743585e-07
BDKRB2,1.147262e-07
SNAI3,1.13749664e-07
SCARB2,1.1310529e-07
PTGER2,1.12210145e-07
RPS2P17,1.1205781e-07
LGALS2,1.11405726e-07
NSMF,1.1117743e-07
RFX5-AS1,1.10530614e-07
NEBL,1.09036684e-07
IGKV1-27,1.0891094e-07
ZNF850-DT,1.0764032e-07
TNFRSF10B,1.0732935e-07
SLC33A2,1.0622023e-07
SOS1-IT1,1.048583e-07
NKX2-5,1.038154e-07
NUP62,1.0373764e-07
COLGALT1,1.0324077e-07
BCL2L12,1.0215392e-07
STAG3L4,9.950392e-08
DTD2,9.921165e-08
TCF20,9.842465e-08
RTL8A,9.8113304e-08
FAF2,9.796012e-08
ORMDL2,9.7484865e-08
LOC124903667,9.556389e-08
LOC340090,9.5151535e-08
MPRIP,9.464007e-08
HCG11,9.1876174e-08
COMMD9,9.148393e-08
C1GALT1C1L,8.898491e-08
CBX6,8.8496456e-08
TLR6,8.757883e-08
RPL7AP62,8.73491e-08
RPS27AP16,8.706603e-08
BLVRBP1,8.674828e-08
MTCL2,8.477754e-08
CIB2,8.4428706e-08
IGFBP2,8.424494e-08
COL8A2,8.385071e-08
TPRN,8.297707e-08
HOXA11,8.182984e-08
EYA3,8.1769016e-08
CHD1,8.029762e-08
SLC25A15,7.922846e-08
LCA5,7.871662e-08
COL21A1,7.6438376e-08
RPLP0P9,7.628268e-08
RN7SL526P,7.483232e-08
IFITM1,7.3837136e-08
BCL6,7.228283e-08
RNU6-343P,7.140288e-08
GTF2B,7.1354215e-08
TTF1,6.953125e-08
COXFA4L3,6.894835e-08
ZNF189,6.748718e-08
AIMP2,6.74799e-08
LINC00665,6.73427e-08
RNU6-1091P,6.635287e-08
ECHDC1,6.590115e-08
PTPRU,6.436405e-08
SMARCD1,6.416292e-08
MDM2,6.348953e-08
MGP,6.228218e-08
TOMM7,6.0705354e-08
HGF,6.0515056e-08
OPA1,6.0300934e-08
LTAP1,5.983805e-08
COL1A1,5.973947e-08
FBXO30,5.972128e-08
COLEC11,5.9523504e-08
SKA1,5.833997e-08
TENT5C,5.7993653e-08
ANKRD24,5.675501e-08
HAVCR1P1,5.6658326e-08
FZD4,5.5440808e-08
DNAJC7,5.5397855e-08
GDI1,5.5392718e-08
OPHN1,5.4312782e-08
RHBDL2,5.4298834e-08
MRPL51,5.4113624e-08
CCN3,5.176046e-08
ZNF525,5.1401905e-08
TSSK5P,5.0687994e-08
ZNF660,5.033699e-08
POLD1,5.0303708e-08
CAMK2N1,5.0226017e-08
PIGB,4.9730627e-08
SCUBE3,4.9489945e-08
COL5A2,4.9233897e-08
INSYN2B,4.920876e-08
MELTF,4.873489e-08
LKAAEAR1,4.865694e-08
BMERB1,4.86162e-08
HSPBP1,4.776599e-08
PSME4,4.6763187e-08
ATP5F1A,4.6474835e-08
DKK3,4.604236e-08
MICAL3,4.5773984e-08
SEL1L3,4.565756e-08
FCGR2B,4.5105036e-08
RNU6-1095P,4.452719e-08
HSPB7,4.4375426e-08
SOCS3-DT,4.3837414e-08
EPG5,4.3506375e-08
PRXL2A,4.3307484e-08
C8orf33,4.172714e-08
ERCC2,4.169853e-08
GADD45GIP1,4.16715e-08
FRMD6,4.1603062e-08
DDX51,4.0566835e-08
RPL23AP32,4.0533106e-08
PTK2,4.0207055e-08
GRN,3.841786e-08
S100A6,3.6726803e-08
CDH3-AS1,3.5469654e-08
RPS15AP17,3.255475e-08
PLXNA3,3.255162e-08
LINC00623,3.2159672e-08
PI16,3.202362e-08
TXNRD1,3.2016377e-08
DANCR,3.1090362e-08
MIR320B2,3.079226e-08
DENND4A,3.0694643e-08
IFITM3-AS1,2.989795e-08
OR7A5,2.8353588e-08
TRIOBP,2.4920089e-08
DPY19L1P2,2.2986061e-08
IGF2-AS,2.2819206e-08
LDLRAP1,2.2263562e-08
HAS2,2.2234492e-08
MYBBP1A,2.1825514e-08
NME3,2.1547388e-08
XRN2,2.0441737e-08
CYP4F29P,1.9839636e-08
SPATA2,1.906809e-08
SLC6A1-AS1,1.855962e-08
PTBP3,1.8031667e-08
DDX1,1.7664846e-08
ZNF253,1.7057532e-08
SUB1P3,1.6269558e-08
TUBB2B,1.5665506e-08
ADAMTS2,1.5134795e-08
TINCR,1.4483764e-08
TPPP3,1.4293012e-08
COX6A1P2,1.3326412e-08
C1S,1.3320697e-08
RBM12,1.286241e-08
COG2,1.2413776e-08
SCARNA9,1.1458551e-08
SAMD13,1.1397993e-08
SLC25A23,1.036606e-08
ACY3,9.7694155e-09
F2RL1,9.526654e-09
RNF213,8.944151e-09
HNRNPA2B1,8.904232e-09
DMGDH,8.56728e-09
GNG7,7.58571e-09
PIM1,7.522029e-09
PER3,5.0526117e-09
SLC25A40,4.473878e-09
UQCRFS1,3.3568712e-09
TNFAIP2,1.5577432e-09
RPS9P2,1.5288688e-09
SPOP,2.7139813e-10
LOC100506869,-5.203211e-10
PSMG3,-8.537124e-10
IRF3,-1.920861e-09
HCG15,-2.0118862e-09
TMEM150C,-2.0845947e-09
LIMS2,-4.418145e-09
HDAC1,-4.7937005e-09
RANBP3,-4.8501634e-09
LRP8,-5.0347064e-09
NSD1,-7.086103e-09
VSTM2A-OT1,-8.097396e-09
C3orf18,-8.630801e-09
RPSAP17,-1.1658673e-08
XPO6,-1.2385364e-08
LOC105377035,-1.264654e-08
TAF1D,-1.294855e-08
RFTN2,-1.3354697e-08
DBNDD1,-1.3459481e-08
MIR9-2HG,-1.7433072e-08
CHID1,-1.8405059e-08
SNORA15B-1,-1.8421254e-08
ZDHHC12,-1.8781115e-08
IGHV4-59,-2.0260904e-08
SUSD5,-2.0635387e-08
RTN4,-2.1638844e-08
ZNF559,-2.1705567e-08
AP1B1,-2.37336e-08
SLC1A2,-2.5270351e-08
VEGFA,-2.631441e-08
VANGL2,-2.7465134e-08
SLC29A2,-2.8459137e-08
FH,-2.9107927e-08
MT1F,-2.9943877e-08
EEF1A1P9,-3.0979923e-08
LYPD6,-3.144664e-08
TMEM254,-3.239153e-08
ALKBH7,-3.2435572e-08
AGRN,-3.2487844e-08
PIP4P2,-3.3185536e-08
PCNX1,-3.487873e-08
KCTD7,-3.5126227e-08
TXNL1,-3.7950215e-08
BBS5,-4.0576754e-08
ANPEP,-4.1149082e-08
RPL35P1,-4.123595e-08
VPS52,-4.1286487e-08
SLC35F1,-4.1387082e-08
DCAF7,-4.1927837e-08
BNC2,-4.451116e-08
CORO2B,-4.4749626e-08
SLC47A1,-4.5823622e-08
GBX2,-4.847847e-08
UFL1,-4.9273005e-08
RPS27P19,-4.9770566e-08
YWHAE,-5.029725e-08
MTMR2,-5.0382305e-08
CUL4B,-5.091523e-08
PIH1D2,-5.0986387e-08
SRPRB,-5.203201e-08
N4BP2L2-IT2,-5.2907577e-08
GALNT18,-5.3094983e-08
CSTF2T,-5.3522633e-08
SCD5,-5.41864e-08
RPSAP12,-5.4369004e-08
IER5,-5.479581e-08
S100A13,-5.5193834e-08
TSHZ3,-5.5201614e-08
HSD17B8,-5.521426e-08
TNFSF14,-5.522155e-08
URI1,-5.5998555e-08
TACSTD2,-5.7296962e-08
AGO1,-5.7434622e-08
USP20,-5.7843568e-08
MAGOH2P,-5.8077795e-08
H3C1,-5.822301e-08
MDH1B,-5.9900614e-08
ZNF343,-6.036893e-08
DUSP10,-6.2212315e-08
LOC101929004,-6.230052e-08
VLDLR,-6.307851e-08
CNNM3,-6.428221e-08
SLC39A3,-6.4377424e-08
NPM1,-6.608685e-08
FAN1,-6.623605e-08
LYSET,-6.67134e-08
DRC11,-6.79726e-08
TSG101,-6.9242304e-08
S1PR3,-7.086394e-08
RNA5SP74,-7.1048596e-08
FAM174C,-7.132382e-08
LOXL3,-7.145936e-08
KDM7A,-7.202058e-08
LINC00460,-7.234165e-08
ARHGEF26-AS1,-7.261042e-08
ARHGAP10,-7.3566014e-08
CCDC22,-7.485196e-08
CA2,-7.576389e-08
SMCHD1,-7.717158e-08
NBN,-7.836656e-08
SNX9,-7.901974e-08
RN7SKP271,-7.936849e-08
NPAS2,-7.984399e-08
HIGD1A,-8.021116e-08
TNFAIP8L3,-8.0459685e-08
MAP4K5,-8.251544e-08
ARAP1,-8.251587e-08
CBR1,-8.269285e-08
RABIF,-8.326069e-08
FNBP1L,-8.3843354e-08
RPSAP15,-8.46853e-08
RPL7P9,-8.4999215e-08
ZC3H18,-8.555348e-08
GABRG1,-8.703381e-08
ZNF710-AS1,-8.7419316e-08
UBXN1,-8.76238e-08
MCM3AP,-8.813774e-08
DVL1,-8.8661004e-08
ARID5A,-8.925883e-08
TIPIN,-8.945028e-08
PHLDA2,-9.0292076e-08
LINC02693,-9.035326e-08
LOC124907725,-9.0729785e-08
PNMA2,-9.0931366e-08
KRIT1,-9.2812066e-08
BEND7,-9.281506e-08
IGHV3-21,-9.2967696e-08
KIF26A,-9.3382454e-08
PNN,-9.546604e-08
PI4KA,-9.62184e-08
ZNF835,-9.635116e-08
RIMKLB,-9.665504e-08
MAGOH,-9.763465e-08
MFAP5,-9.7903715e-08
CTDSPL,-9.833749e-08
SOX13,-9.835675e-08
RPS27P8,-9.8872675e-08
NPY2R,-9.94236e-08
RHEB,-9.977025e-08
MLIP,-1.0019715e-07
SPHK2,-1.0136954e-07
DKK1,-1.01446865e-07
PLGRKT,-1.0197109e-07
ZNF14,-1.026303e-07
SERPINB8,-1.0276962e-07
KIAA0753,-1.0311778e-07
DLX1,-1.0464058e-07
ZBTB16,-1.0543814e-07
TBC1D10A,-1.06253175e-07
UBE4A,-1.0734199e-07
LARP7,-1.0736956e-07
NKAPL,-1.0919334e-07
RPLP0P6,-1.0930755e-07
SNX30,-1.1006271e-07
FOXD3-AS1,-1.1097268e-07
LINC02308,-1.1134408e-07
RDH11,-1.12750485e-07
IGKV1-17,-1.1415876e-07
KLK7,-1.1502991e-07
RRN3,-1.1517412e-07
HNRNPH3,-1.15308396e-07
PPP4R1L,-1.16680845e-07
PC,-1.1818233e-07
COX16,-1.1858336e-07
LHFPL2,-1.1870232e-07
SHOX2,-1.18998e-07
XG,-1.1909985e-07
METRNL,-1.1944104e-07
SLC22A5,-1.2022622e-07
LEMD1,-1.220687e-07
CHEK1,-1.2346231e-07
RNF38,-1.2495909e-07
TARDBP,-1.2520653e-07
MYH14,-1.2567389e-07
AIF1L,-1.259887e-07
RCAN3,-1.2718603e-07
TUBAP2,-1.299769e-07
SLC38A4,-1.3122732e-07
SLC39A6,-1.3128286e-07
CARHSP1,-1.320067e-07
DNAAF8,-1.3227591e-07
ADAM22,-1.329827e-07
UBE2FP3,-1.3428334e-07
BLTP3A,-1.343938e-07
DPT,-1.3469989e-07
IL17B,-1.3479904e-07
RPL36AP8,-1.3484038e-07
MPDU1,-1.3497407e-07
SYNE2,-1.3628637e-07
DCAF12L2,-1.3728597e-07
PAQR6,-1.3804245e-07
RCN3,-1.3813046e-07
PLAT,-1.3835177e-07
ZNF623,-1.3903733e-07
AKAP7,-1.3912614e-07
SNAPIN,-1.4232113e-07
ADAMTS6,-1.4376532e-07
SMKR1,-1.4419237e-07
LINC00475,-1.4439878e-07
KLF15,-1.445391e-07
RBPMS,-1.4476434e-07
PPP4R3A,-1.4506475e-07
LOC101928230,-1.4592287e-07
MISP3,-1.4684251e-07
LINC01352,-1.4820175e-07
LINC02953,-1.4915149e-07
CDC34,-1.5184406e-07
ATP11B,-1.5221133e-07
TUT4,-1.5376303e-07
HS3ST5,-1.5459295e-07
ZMAT3,-1.5702634e-07
FREM1,-1.5734228e-07
IGKV2D-28,-1.5738621e-07
GLIS2-AS1,-1.5875555e-07
VPS13B-DT,-1.5915806e-07
CYP27A1,-1.5934752e-07
PRR13P5,-1.6021087e-07
RPS4XP6,-1.6148952e-07
HYCC1,-1.6170401e-07
CAP2,-1.6193326e-07
C6orf120,-1.6275865e-07
SUZ12,-1.6294176e-07
RENBP,-1.634367e-07
CLN6,-1.6510947e-07
VN1R1,-1.6628526e-07
SNX4,-1.6651957e-07
KDM4C,-1.6760228e-07
IRX5,-1.6830822e-07
AMOT,-1.6876703e-07
TRIM29,-1.6950517e-07
SDHCP5,-1.6998692e-07
ANKMY2,-1.7003602e-07
CDC42EP5,-1.705724e-07
FLRT1,-1.7073499e-07
SMARCD2,-1.7082375e-07
RPSAP54,-1.7129892e-07
ZBED4,-1.7142844e-07
FAT3,-1.722965e-07
TRMT9B,-1.724894e-07
KRT18,-1.7280429e-07
PPARGC1A,-1.7319037e-07
DGKD,-1.7322871e-07
TMEM184B,-1.7493512e-07
MIR4258,-1.7494962e-07
CPD,-1.7689304e-07
ANGPTL1,-1.770799e-07
PCNP,-1.7749987e-07
LINC00513,-1.7779256e-07
CCT5,-1.7787401e-07
TBC1D23,-1.7874295e-07
ZNF254,-1.794931e-07
RND2,-1.8007648e-07
DNAAF1,-1.810953e-07
ZBTB20,-1.823886e-07
CALB1,-1.824642e-07
APOE,-1.8391889e-07
S100A12,-1.845043e-07
IGLV8-61,-1.8790605e-07
TRDC,-1.8811222e-07
CISD3,-1.8999623e-07
FUCA2,-1.9109643e-07
DEK,-1.9129175e-07
PPP4R2P4,-1.9306691e-07
PTPN23,-1.931544e-07
WDCP,-1.9379114e-07
HMGN5,-1.9423075e-07
SF3B6,-1.9453957e-07
ZNF713,-1.9521617e-07
ADM,-1.9530552e-07
NTM,-1.9531919e-07
EEF1A1P1,-1.9538474e-07
IGLV3-25,-1.9728822e-07
THAP10,-1.9790394e-07
ATG2B,-1.997483e-07
RRAGC-DT,-2.0059919e-07
PHPT1,-2.0101338e-07
AGBL2,-2.0138174e-07
ITGAL,-2.0162288e-07
HBEGF,-2.0203326e-07
ASB1,-2.0361813e-07
ATXN2L,-2.0435867e-07
HOMER3,-2.063536e-07
CDC42BPA,-2.0643412e-07
CSGALNACT2,-2.0724745e-07
TUT1,-2.0739985e-07
ENOX2,-2.0748097e-07
ITM2C,-2.0832147e-07
ACTB,-2.0866835e-07
DNTTIP1,-2.0975031e-07
CD163,-2.1044731e-07
RNU6ATAC18P,-2.1356017e-07
RCOR1,-2.13598e-07
KIF18B-DT,-2.1433057e-07
DPY19L4,-2.154686e-07
RSAD1,-2.1651572e-07
KLF13,-2.1669034e-07
PTK6,-2.1696637e-07
RPL21P120,-2.1748997e-07
NDST3,-2.1924795e-07
NAA35,-2.1949273e-07
NCKAP5,-2.2043461e-07
INSYN1-AS1,-2.2195962e-07
VEZF1,-2.220009e-07
NAPEPLD,-2.222738e-07
MAOB,-2.2285487e-07
SEMA4D,-2.229259e-07
LINC01730,-2.2608737e-07
IDH2-DT,-2.2905377e-07
PLEKHN1,-2.2939636e-07
ATP13A5,-2.3065007e-07
MADD,-2.320273e-07
IFT81,-2.3248346e-07
CENPQ,-2.3344366e-07
CCDC88A,-2.3358213e-07
TBC1D14,-2.3433365e-07
LINC01224,-2.3468225e-07
TSPAN9,-2.3469903e-07
FAR2P2,-2.352083e-07
CSF1R,-2.358742e-07
NR2F1,-2.3611038e-07
APLP1,-2.3707669e-07
DMWD,-2.38639e-07
ZNF775,-2.4105518e-07
NCF2,-2.4112688e-07
CD81,-2.42212e-07
ACADSB,-2.4272018e-07
KIF13A,-2.431892e-07
ZNF510,-2.4384374e-07
LMCD1,-2.4442508e-07
EXOC7,-2.44476e-07
ST8SIA5,-2.4452083e-07
DECR1,-2.4505593e-07
TRADD,-2.4513128e-07
PRKXP1,-2.4574106e-07
ZNF112,-2.4663845e-07
PLXNA4-AS1,-2.473637e-07
PPM1L,-2.476456e-07
TOMM70,-2.4792672e-07
DBIP1,-2.5026227e-07
INKA2,-2.503248e-07
PYROXD2,-2.5033546e-07
LINC00648,-2.5297078e-07
RHEBP2,-2.5336436e-07
PRKD3,-2.5368558e-07
NFE2,-2.5383488e-07
COX14,-2.5430825e-07
DNAJC5,-2.5629396e-07
LRCH1,-2.5778053e-07
GRTP1,-2.580401e-07
RBM17,-2.5953776e-07
PCSK6,-2.600381e-07
NDUFA5,-2.6011722e-07
FZD8,-2.6111385e-07
DOP1B,-2.6190028e-07
HSD17B6,-2.6488232e-07
ST3GAL4,-2.653174e-07
CPNE5,-2.6655357e-07
RAF1,-2.6791022e-07
WWP2,-2.697261e-07
OSTC,-2.707826e-07
ZNHIT2,-2.7084596e-07
ANKRD37,-2.7232034e-07
GPS2P1,-2.733226e-07
CYP39A1,-2.7398147e-07
CRCP,-2.747868e-07
EFHD1,-2.7504183e-07
SIRT3,-2.7671734e-07
TEX22,-2.769044e-07
SDHD,-2.7758335e-07
ZNF587B,-2.7779973e-07
GBF1,-2.79225e-07
SLC8A1,-2.7956756e-07
GNL3L,-2.8035288e-07
TRAF2,-2.8094638e-07
PPP1R9A-AS1,-2.817823e-07
BSNDP2,-2.8223846e-07
IFT46,-2.8237028e-07
RASL12,-2.826052e-07
POLR1E,-2.830476e-07
SH3D19,-2.855584e-07
EMILIN3,-2.8568692e-07
PTPRH,-2.8605868e-07
ARHGAP28,-2.8742517e-07
PPP1CA,-2.8778163e-07
ZEB2,-2.8864818e-07
MCFD2P1,-2.8869857e-07
SBNO1,-2.9061934e-07
ACYP2,-2.9282793e-07
DHX16,-2.9479125e-07
HIF1AN,-2.9532114e-07
ACADS,-2.966615e-07
CYCSP55,-3.0161908e-07
INO80D-AS1,-3.0241824e-07
ISL2,-3.031236e-07
DST-AS1,-3.0385317e-07
FAM182B,-3.039671e-07
ZNF350,-3.0583405e-07
ZNF567,-3.058747e-07
GATA3,-3.0627209e-07
AMER1,-3.077674e-07
MEST,-3.0951344e-07
THBD,-3.0958566e-07
RELT,-3.1094547e-07
CHMP5P1,-3.1159897e-07
PPP2R5E,-3.1185004e-07
FAM229B,-3.1202234e-07
RPL4,-3.1229496e-07
IRAK3,-3.1232474e-07
ANKHD1-DT,-3.1333073e-07
XPO5,-3.145275e-07
LINC01436,-3.1463236e-07
DBX2,-3.15801e-07
RNA5SP78,-3.1607144e-07
IER5L,-3.1611978e-07
AP5S1,-3.1664752e-07
RPL23A,-3.1668023e-07
THOP1,-3.1751682e-07
TRIP13,-3.2057403e-07
GTPBP4,-3.2067322e-07
APBB2,-3.2159843e-07
SLC30A7,-3.216662e-07
PPP1R36,-3.2331678e-07
GON7,-3.2445456e-07
SNHG25,-3.2453616e-07
SUFU,-3.2467906e-07
ADAMTSL4,-3.258653e-07
LILRA2,-3.263088e-07
MRPL15,-3.2727598e-07
DCSTAMP,-3.2734687e-07
MIR4534,-3.2788202e-07
RN7SL338P,-3.2948768e-07
ZMYND11,-3.3126608e-07
RNF228,-3.3167962e-07
NUS1,-3.319214e-07
CDK2AP1,-3.3213672e-07
RPL5P1,-3.3279056e-07
LRRC73,-3.3297005e-07
LUZP1,-3.3376747e-07
OIP5-AS1,-3.341641e-07
PEAK1,-3.341929e-07
GCC2,-3.347215e-07
RIDA,-3.3491966e-07
ETFRF1,-3.3511205e-07
YWHAZP10,-3.3532214e-07
GRIK4,-3.353616e-07
ENPEP,-3.362166e-07
RPS27,-3.373973e-07
ZNF845,-3.3782493e-07
PODNL1,-3.378428e-07
RRP15,-3.3934361e-07
ARHGAP32,-3.3976275e-07
PEX11G,-3.3996915e-07
AKT2,-3.4230445e-07
ATXN10,-3.4292887e-07
NRG2,-3.4466746e-07
TBC1D15,-3.449833e-07
APOBR,-3.4571923e-07
CAPRIN2,-3.4661312e-07
PANX1,-3.4798356e-07
GMNN,-3.481921e-07
DNAL1,-3.4821517e-07
NUP50,-3.5052204e-07
FLOT1,-3.5078526e-07
YEATS4,-3.5124427e-07
MAP3K2,-3.5143555e-07
GTF2IP1,-3.5245282e-07
TP53I3,-3.5281317e-07
LRSAM1,-3.5305843e-07
ZNF92,-3.5459382e-07
ATG13,-3.5464657e-07
ACVR2B,-3.5465098e-07
MIR3149,-3.556006e-07
WNT2,-3.5588758e-07
SHC2,-3.5687415e-07
AMOTL2,-3.5688902e-07
PTMAP10,-3.569499e-07
ZCCHC10,-3.5728283e-07
LOC124900457,-3.575223e-07
MCM5,-3.5839682e-07
RPS8P9,-3.6027262e-07
NOS1AP,-3.6036516e-07
CTSB,-3.6076196e-07
SLC26A2,-3.6210545e-07
SNORD6,-3.623482e-07
RPL5P34,-3.6395429e-07
CD2AP,-3.6397395e-07
CDH5,-3.6417157e-07
ADCY2,-3.6570262e-07
AUNIP,-3.6598786e-07
RUSF1,-3.660518e-07
FMOD,-3.673646e-07
LOC105371899,-3.6772428e-07
MAPT-AS1,-3.6857955e-07
INTS15,-3.7126196e-07
ZNF875,-3.7182414e-07
ORC3,-3.7241125e-07
HMGA1P2,-3.72997e-07
SRP14P4,-3.730706e-07
WDR31,-3.7614333e-07
RPS4XP3,-3.766447e-07
MSX1,-3.775699e-07
HOGA1,-3.7781246e-07
RBM14,-3.7783227e-07
NKX3-2,-3.7793436e-07
PAXIP1-DT,-3.7975045e-07
FOXP2,-3.8118455e-07
KLRC3,-3.8188455e-07
IL15RA,-3.8195026e-07
GTPBP1,-3.8259125e-07
MGAT5,-3.8286515e-07
SLC25A19,-3.831834e-07
PLXNB1,-3.8447007e-07
PLA2G4A,-3.8456025e-07
ASAH1,-3.862956e-07
CALM1,-3.8663347e-07
RRAS2,-3.8773817e-07
BCL2L11,-3.8828114e-07
IGHV3-7,-3.8832763e-07
LCIIAR,-3.8849433e-07
CCDC163,-3.898321e-07
TMEM52B,-3.8991456e-07
NDUFB7,-3.9014392e-07
IL11,-3.9110066e-07
PSMD3,-3.9153133e-07
SIRAL2,-3.9176615e-07
IGLV1-47,-3.9280843e-07
RPSAP4,-3.939256e-07
ATP5MC2P4,-3.9579183e-07
NPM1P39,-3.9634068e-07
UBN1,-3.9667032e-07
HIBCH,-3.9709968e-07
RNF141,-3.9952363e-07
NRN1,-3.996909e-07
CLECL1P,-4.0048056e-07
AFAP1L2,-4.0091598e-07
BRPF1,-4.010502e-07
TAF7,-4.0125923e-07
ZNF611,-4.0213146e-07
TAF5L,-4.022123e-07
MCEMP1,-4.025141e-07
POLR3D,-4.0258186e-07
C5AR1,-4.0439872e-07
H1-4,-4.056072e-07
ZNF93,-4.0698802e-07
IGHGP,-4.0802388e-07
C3orf70,-4.0847672e-07
IL1A,-4.089166e-07
DDI2,-4.0920398e-07
BMPR1A,-4.094516e-07
MICU2,-4.1002713e-07
PCDHB4,-4.1034127e-07
NOL8,-4.1092835e-07
ORM2,-4.1319493e-07
TTC9C,-4.1330742e-07
BAG1,-4.1373357e-07
FOXO6-AS1,-4.1404562e-07
BTBD3,-4.1405377e-07
RFLNA,-4.146634e-07
SSH1,-4.148648e-07
SSC4D,-4.1577803e-07
H2BC13,-4.1658853e-07
ULBP3,-4.177911e-07
KIF3C,-4.1858632e-07
ZNF8,-4.1909345e-07
HMG20A,-4.201705e-07
RAD54L,-4.2084332e-07
HSPH1,-4.2091307e-07
SCARNA8,-4.21284e-07
MYNN,-4.2166673e-07
CHCHD2P9,-4.223415e-07
UFM1,-4.2285262e-07
ZBTB5,-4.232511e-07
SH2B3,-4.2410167e-07
SENP2,-4.2579998e-07
CC2D1B,-4.258996e-07
RPP40,-4.2597134e-07
ZNF44,-4.2737196e-07
NAXE,-4.284123e-07
CCL17,-4.293777e-07
PLXNA4,-4.295625e-07
GALM,-4.297107e-07
RPS27P25,-4.3011298e-07
KATNAL2,-4.3079382e-07
ALDH18A1,-4.3178767e-07
RPL22P2,-4.32926e-07
PHC3,-4.3304908e-07
TBCD,-4.3393896e-07
RFWD3,-4.3429532e-07
RPL3P2,-4.361147e-07
CTSL,-4.4035917e-07
NR0B1,-4.414448e-07
ATP6V0B,-4.4219817e-07
PLB1,-4.424885e-07
LINC02777,-4.438665e-07
SNX21,-4.4470033e-07
SPARCL1,-4.449358e-07
SLBP,-4.4499336e-07
RPL10P6,-4.4559994e-07
HNRNPA3,-4.466686e-07
SOCS7,-4.478188e-07
RTP1,-4.4866874e-07
ZNF582,-4.4899764e-07
COX5A,-4.4972668e-07
APOBEC3F,-4.4979177e-07
TSPAN5,-4.5075774e-07
BRD10,-4.5188526e-07
CLPP,-4.5233716e-07
TMEM79,-4.5372644e-07
LSAMP,-4.546769e-07
CD5,-4.5493206e-07
IGLV5-45,-4.5606907e-07
ITPRIPL1,-4.5640385e-07
HSP90AB1,-4.57357e-07
GMPPB,-4.581945e-07
ARPC3P3,-4.584044e-07
GSPT2,-4.586742e-07
RPL13AP22,-4.5890175e-07
SGCG,-4.5905645e-07
OSM,-4.592212e-07
RFC2,-4.6130347e-07
POLR2J,-4.6201092e-07
SMOC2,-4.6223644e-07
ITGA9,-4.6238628e-07
ATP5F1D,-4.6245927e-07
BLMH,-4.632505e-07
INCENP,-4.6357184e-07
RPS27P16,-4.6476308e-07
SLC25A21-AS1,-4.649274e-07
RIF1,-4.6528785e-07
TMSB10P2,-4.6562664e-07
CR1,-4.669435e-07
FUBP1,-4.672477e-07
PGM2L1,-4.6759206e-07
GARS1,-4.6879506e-07
DDR2,-4.7062747e-07
TRAV36DV7,-4.7096304e-07
KIAA0232,-4.7110083e-07
ABCC4,-4.717927e-07
TTC3P1,-4.7246135e-07
RAP1GAP2,-4.7297596e-07
UNC5C,-4.7298312e-07
MECP2,-4.7337517e-07
TBL3,-4.7396702e-07
GPR108,-4.7442626e-07
RNU6-761P,-4.750173e-07
S1PR1,-4.7610035e-07
TLCD4,-4.7731754e-07
TFDP1,-4.8274063e-07
SMIM48,-4.8285875e-07
INTS3,-4.837226e-07
LOC105372432,-4.8415353e-07
SNRPD1,-4.847641e-07
SLF2,-4.86498e-07
PCDH15,-4.881825e-07
TEX10,-4.891858e-07
MOB1A,-4.894751e-07
DNAL4,-4.911356e-07
HYLS1,-4.917355e-07
IGHV1-69D,-4.917785e-07
EPSTI1,-4.918442e-07
LOC122539214,-4.924109e-07
ABTB3,-4.964325e-07
PIK3R1,-4.969563e-07
DNAJC1,-4.983545e-07
NHSL2,-4.9838377e-07
TMEM39B,-4.9874285e-07
POU2AF3,-4.988473e-07
LINC03033,-4.9938103e-07
KIF4A,-4.996718e-07
CTDSPL2,-4.9989e-07
EIF3D,-5.0049647e-07
NDUFS6,-5.0059367e-07
RBM12B,-5.014283e-07
TXNP6,-5.0188373e-07
RPS28,-5.0203516e-07
NARF-AS2,-5.0330743e-07
RPL5P23,-5.0434164e-07
RHBDD3,-5.058521e-07
PPIL1,-5.06583e-07
LINC00652,-5.091481e-07
CC2D1A,-5.0945937e-07
AKT1,-5.095904e-07
CCDC18,-5.1030787e-07
CYP46A1,-5.111815e-07
FOXN3-AS3,-5.11338e-07
RELL1,-5.1159907e-07
ERCC1,-5.1670344e-07
ZFP14,-5.1702756e-07
RNA5-8SN2,-5.180361e-07
RPS28P4,-5.187187e-07
TSPAN1,-5.197093e-07
EPHX2,-5.200382e-07
ZNF445,-5.20096e-07
TIMM13,-5.205801e-07
SPTSSB,-5.2131435e-07
ADAMTS8,-5.215791e-07
H4C5,-5.222101e-07
NFKBIE,-5.2223714e-07
MAGED1,-5.225384e-07
B3GNT7,-5.230282e-07
SLC41A3,-5.2435826e-07
TUBG1,-5.2479015e-07
CYB5R1,-5.248507e-07
NRBF2,-5.2705957e-07
KPNA2,-5.272269e-07
CDC26P1,-5.303868e-07
PCDHB8,-5.3056596e-07
PERP,-5.3093964e-07
TRIB3,-5.3419495e-07
PDCD2L,-5.3430426e-07
HELZ,-5.3467716e-07
ABL2,-5.3708936e-07
TRIM52-AS1,-5.374052e-07
RPL29P12,-5.379685e-07
MZT2A,-5.388932e-07
IGF1R,-5.398527e-07
TIMM10B,-5.4004636e-07
PIAS3,-5.4026395e-07
RPL37AP8,-5.406527e-07
SLC67A2,-5.412644e-07
TMEM54,-5.4154617e-07
PIAS4,-5.4215485e-07
HCCS,-5.4312244e-07
RSRC1,-5.434677e-07
H1-0,-5.448631e-07
TKT,-5.473471e-07
LINC01956,-5.476036e-07
MIER3,-5.4860726e-07
TRIM35,-5.488076e-07
RPS10P13,-5.488079e-07
SLC25A38,-5.4993285e-07
CCL8,-5.515819e-07
H2AC13,-5.527377e-07
SGTA,-5.5310335e-07
TMEM201,-5.5487453e-07
ZBTB38,-5.553485e-07
EEF1A1P8,-5.557071e-07
NOVA2,-5.558319e-07
MKRN7P,-5.570566e-07
MAPK15,-5.5991933e-07
KCNS3,-5.604846e-07
OSTN,-5.620814e-07
GDI2,-5.6361307e-07
RN7SL449P,-5.644248e-07
EEF1E1P1,-5.649644e-07
ALOX5AP,-5.6658513e-07
MAML2,-5.671697e-07
RPRD1A,-5.676259e-07
ZNF581,-5.678577e-07
LRP5L,-5.680957e-07
RPL27P1,-5.694029e-07
PLA2G12A,-5.7166295e-07
MRPL47,-5.7280477e-07
SIRT4,-5.7348154e-07
TMEM131L,-5.7506674e-07
SULT1C2,-5.757188e-07
CHRNA1,-5.7637294e-07
ZNF222,-5.7802595e-07
SBSPON,-5.7803334e-07
ZDHHC18,-5.7805556e-07
POLE3,-5.801576e-07
ZNF35,-5.803616e-07
CAT,-5.824215e-07
FABP5P1,-5.836655e-07
CD83,-5.8368863e-07
GIPC1,-5.841234e-07
ZNNT1,-5.8446426e-07
SLC6A11,-5.845655e-07
DIAPH2,-5.848509e-07
NPR3,-5.849095e-07
MED14,-5.84989e-07
CHCHD2P8,-5.8795297e-07
TRIM38,-5.8829403e-07
TRIM68,-5.883796e-07
TMEM9B-AS1,-5.9240637e-07
BRCA1,-5.9245e-07
CCAR1,-5.927767e-07
PSAP,-5.947647e-07
RPS15P4,-5.95325e-07
TUBB,-5.9685493e-07
RPL3P7,-5.976313e-07
FAM178B,-5.9779273e-07
PNISR-AS1,-5.9926464e-07
C1orf198,-6.0007307e-07
BLTP1,-6.002305e-07
IFRD2,-6.0173375e-07
SYTL3,-6.0262255e-07
ARMC6,-6.0311174e-07
LINC02506,-6.03309e-07
LINC02598,-6.042038e-07
REEP6,-6.051002e-07
NDUFA4P1,-6.051247e-07
FBXO33,-6.055135e-07
TTC32,-6.0618413e-07
TBCB,-6.075767e-07
LOC101927377,-6.0765456e-07
FCSK,-6.0856576e-07
PRKCI,-6.08699e-07
PANK3,-6.0982075e-07
OTUD3,-6.105441e-07
SMG9,-6.11958e-07
TMEM59,-6.130267e-07
ATP9A,-6.1308117e-07
RNU6-564P,-6.13992e-07
SNRPD2,-6.1427585e-07
C2CD3,-6.142861e-07
LAMA1,-6.144461e-07
TMEM86B,-6.1695636e-07
SMG1,-6.182964e-07
PGAP6,-6.209976e-07
CREB3L1,-6.2154464e-07
ZER1,-6.2220863e-07
RPSAP19,-6.225729e-07
SEPTIN2P1,-6.2310016e-07
PDLIM7,-6.2610496e-07
NLGN3,-6.2613077e-07
ZBTB1,-6.2657455e-07
TMEM132A,-6.2673297e-07
CDC40,-6.273953e-07
DDX49,-6.286463e-07
ZNF263,-6.2905906e-07
GATB,-6.29319e-07
PM20D2,-6.2934157e-07
IGLV3-21,-6.295783e-07
CNPY3,-6.304966e-07
DRC9,-6.30774e-07
PPP2CA,-6.321816e-07
UQCC5,-6.3312973e-07
PRMT1,-6.3336563e-07
ATP5PB,-6.3364456e-07
PEBP4,-6.33789e-07
APOBEC3G,-6.338435e-07
CMBL,-6.340604e-07
IGDCC4,-6.3407106e-07
TMSB10,-6.3414126e-07
CA9,-6.3504433e-07
LOC100420981,-6.376302e-07
EMSY,-6.3763576e-07
ZFP57,-6.377428e-07
SLC36A1,-6.3834875e-07
HACE1,-6.388418e-07
HDAC4,-6.3995424e-07
ISLR,-6.403917e-07
H2BC10,-6.408598e-07
MTA2,-6.4232e-07
FGFR2,-6.432786e-07
UHMK1,-6.4345824e-07
ATG5,-6.436162e-07
H4C1,-6.43816e-07
HMOX1,-6.439154e-07
NDUFS5,-6.441807e-07
CEDORA,-6.445764e-07
CENPF,-6.467032e-07
MAPKBP1,-6.4740385e-07
TMED8,-6.487315e-07
DRC10,-6.520447e-07
PEX6,-6.5243e-07
ATP9B,-6.5354783e-07
PDYN,-6.540419e-07
CIBAR1P1,-6.5465304e-07
CCDC124,-6.5508186e-07
FHOD1,-6.5639284e-07
ATIC,-6.563963e-07
MMP12,-6.5688164e-07
RPL7P1,-6.57305e-07
PRUNE1,-6.5763356e-07
MARCHF3,-6.5792324e-07
NOX4,-6.5828846e-07
FUS,-6.59408e-07
KDM4B,-6.61042e-07
ATP6V0A1,-6.619902e-07
WEE2-AS1,-6.63071e-07
PABPC1P4,-6.633379e-07
EPB41L4B,-6.6398195e-07
BACE1-AS,-6.640998e-07
SETDB1,-6.6488553e-07
ZNF219,-6.650216e-07
RIC1,-6.6681514e-07
RPL7P32,-6.6746634e-07
RNU6-531P,-6.677657e-07
MFAP1P1,-6.6857945e-07
SNORA80B,-6.6871155e-07
DRC12,-6.691847e-07
CARM1,-6.702773e-07
CLEC14A,-6.7151944e-07
DCAF13,-6.722521e-07
NAA25,-6.727477e-07
RPS4XP11,-6.7322554e-07
CFAP141,-6.74751e-07
EIF1P3,-6.7498615e-07
CENPE,-6.7570846e-07
DDX6,-6.759609e-07
PPP1R1C,-6.7650905e-07
PDCD1LG2,-6.765828e-07
LINC03086,-6.780855e-07
FTH1P7,-6.783896e-07
CACNA1C,-6.786812e-07
IL6,-6.791016e-07
COL5A3,-6.8090526e-07
MYCBP2,-6.813762e-07
PNO1,-6.83981e-07
GFRA1,-6.8421497e-07
CDCP1,-6.842821e-07
STARD9,-6.847023e-07
SPC24,-6.853433e-07
P2RX6,-6.85394e-07
SNHG29,-6.866274e-07
GALR1,-6.86637e-07
ZNF888,-6.872654e-07
CALHM2,-6.8953653e-07
FOXN3-AS1,-6.901788e-07
ZNF649,-6.904988e-07
MEPE,-6.9157505e-07
ZFPM2-AS1,-6.9213655e-07
CYB561D2,-6.928244e-07
MICALL2-DT,-6.933825e-07
UPP1,-6.9646495e-07
TMEM168,-6.9705567e-07
DYRK4,-6.980976e-07
RYBP,-6.9846834e-07
USP42,-6.985282e-07
CLIP4,-6.985887e-07
TTC1,-7.015046e-07
AMD1,-7.015465e-07
IL1R1,-7.0344726e-07
JAZF1,-7.0397374e-07
GBP4,-7.066084e-07
RNU6-1010P,-7.06945e-07
RPIA,-7.081239e-07
TAOK2,-7.1068183e-07
AFDN,-7.10884e-07
IGHA1,-7.1213594e-07
NOC2L,-7.1333733e-07
TTC17,-7.139542e-07
PTCH2,-7.14316e-07
FKBP5,-7.151299e-07
TOR1A,-7.157311e-07
E2F7,-7.1579774e-07
SPAG7,-7.170064e-07
PEX7,-7.176674e-07
ARMC2-AS1,-7.1787696e-07
THYN1,-7.1810894e-07
IER2,-7.1821313e-07
DNAH8,-7.186115e-07
RPS10P15,-7.199172e-07
ANKRD28,-7.201259e-07
HESX1,-7.214243e-07
PPA2,-7.216175e-07
UBFD1,-7.2178983e-07
DCUN1D3,-7.227769e-07
CYP21A1P,-7.247372e-07
C11orf96,-7.254429e-07
DNAJB4,-7.255979e-07
HOXB7,-7.2607344e-07
THPO,-7.2753426e-07
FABP5P11,-7.287402e-07
IGHD,-7.2934426e-07
MIR4786,-7.2982874e-07
RBBP5,-7.299668e-07
ZNF639,-7.3070817e-07
PFKFB3-AS1,-7.3073477e-07
RNU6-460P,-7.312363e-07
SFRP4,-7.313569e-07
PHF21A,-7.322554e-07
STIL,-7.3235867e-07
SLC1A5,-7.3312293e-07
TENT5B,-7.3343057e-07
RASA4B,-7.3410916e-07
SAC3D1,-7.345602e-07
PDK2,-7.366142e-07
MRTO4,-7.374187e-07
RPL14P1,-7.386134e-07
SPX,-7.423496e-07
CCT7,-7.4279274e-07
FAM181B,-7.447179e-07
MCM10,-7.449861e-07
DENND11,-7.48431e-07
CCND2-AS1,-7.4857377e-07
ZZEF1,-7.490043e-07
RPL39P16,-7.492901e-07
DLGAP1-AS5,-7.507782e-07
SAXO6,-7.5102355e-07
CCDC121,-7.5136927e-07
MLLT10P1,-7.513753e-07
SPINDOC,-7.5140014e-07
C6orf52,-7.5329774e-07
PPP2R5B,-7.5338266e-07
RPL41,-7.5389266e-07
ERI3-IT1,-7.5461224e-07
CROCC,-7.555349e-07
PCGF5,-7.560114e-07
CLMB,-7.564363e-07
SECTM1,-7.574862e-07
LILRA6,-7.576563e-07
EIF3H,-7.580945e-07
LOC124900275,-7.5829814e-07
ADCY7,-7.5882974e-07
IRX3,-7.5898674e-07
USP40,-7.617205e-07
WDR47,-7.62359e-07
CLEC16A,-7.625436e-07
CALCRL-AS1,-7.6319105e-07
KDM2A,-7.636002e-07
IL21R,-7.6465875e-07
TOPBP1,-7.6484054e-07
PTPN11BP,-7.6534855e-07
RGS2,-7.66531e-07
REPS1,-7.6655203e-07
EEF1A1P13,-7.665841e-07
MTMR9,-7.684206e-07
CHTOP,-7.684377e-07
TLR5,-7.6881963e-07
SLC24A4,-7.689857e-07
HSPB8-AS1,-7.6917115e-07
SNX29,-7.7010765e-07
AK7,-7.7184734e-07
PLPPR2,-7.727294e-07
CILP,-7.7325467e-07
TXN,-7.737706e-07
LEFTY2,-7.7378184e-07
IL1R2,-7.738061e-07
IP6K3,-7.741626e-07
KLRK1-AS1,-7.747465e-07
IGSF3,-7.753181e-07
ZFP2,-7.760796e-07
RPL17P47,-7.769072e-07
SNCAIP,-7.769443e-07
GPR3,-7.7720443e-07
TMEM150A,-7.7740395e-07
TMX2P1,-7.7800354e-07
ARID4A,-7.7861483e-07
DSEL,-7.7879724e-07
CCDC8,-7.811386e-07
TMEM167A,-7.814897e-07
BCL9L,-7.821418e-07
EXO5-DT,-7.848173e-07
ANK2,-7.856666e-07
EPHX3,-7.8581064e-07
L3MBTL2,-7.8725213e-07
RASL10B,-7.8863434e-07
METTL2B,-7.8928906e-07
RPL17P6,-7.922964e-07
HDHD3,-7.933238e-07
ANKRD50,-7.935995e-07
KCNQ5,-7.940227e-07
PHF8,-7.9688846e-07
TMEM263,-7.968962e-07
MRPL24,-7.9713453e-07
TSC22D1,-7.9726317e-07
DHRS4-AS1,-7.972858e-07
OAT,-7.980514e-07
RPS2P14,-7.988981e-07
ZNF462,-7.989598e-07
ZFAND5,-8.000198e-07
RALGAPA2,-8.0228693e-07
ADAMTS1,-8.026645e-07
ZDHHC5,-8.0266653e-07
DVL3,-8.0301174e-07
RPL21P75,-8.04027e-07
FAM163A,-8.0419153e-07
HIBADH,-8.04535e-07
TMEM94,-8.049436e-07
C1orf56,-8.0576444e-07
CUTA,-8.057816e-07
MTG2,-8.078663e-07
FKBPL,-8.089192e-07
ADGRB3,-8.10128e-07
GINS1,-8.105022e-07
RSBN1,-8.10512e-07
CBX5,-8.106898e-07
GLIPR1L2,-8.121888e-07
MIR4442,-8.1347815e-07
LINC02478,-8.1470876e-07
H2BC20P,-8.151171e-07
ZNF707,-8.152647e-07
LINC02970,-8.159824e-07
ATF7IP,-8.161791e-07
ARHGEF16,-8.1777586e-07
CHMP2B,-8.1805547e-07
CARD6,-8.1991385e-07
LDB3,-8.1993284e-07
USP27X,-8.202689e-07
PRECSIT,-8.204133e-07
FGD1,-8.210601e-07
SLC67A1,-8.215383e-07
LZTS1,-8.21843e-07
YWHAZP3,-8.220426e-07
TMTC3,-8.2279644e-07
DNM1L,-8.228074e-07
XPNPEP3,-8.2312226e-07
H2AC16,-8.235955e-07
ZNF420,-8.2385145e-07
POMT1,-8.2438214e-07
LOC124903629,-8.2526856e-07
UPF3B,-8.27808e-07
DAB2IP,-8.2809e-07
PHLDB3,-8.289842e-07
RNU6-892P,-8.2947173e-07
MAPK8IP1,-8.2993387e-07
ZC3H15,-8.301261e-07
HHIP-AS1,-8.309209e-07
RTN4RL1,-8.314419e-07
ZNF22,-8.321164e-07
SMILR,-8.329904e-07
LOC107986448,-8.3300745e-07
RALGDS,-8.337131e-07
PFN1P1,-8.346706e-07
EPS8,-8.348537e-07
SH3RF3-AS1,-8.354036e-07
CPXM2,-8.3610183e-07
CFAP65,-8.366001e-07
CHST6,-8.3735756e-07
MIR210HG,-8.3752616e-07
NUP93,-8.3820186e-07
NUFIP1,-8.384655e-07
RN7SL1,-8.3886323e-07
SLC19A1,-8.405436e-07
SLC22A3,-8.4201565e-07
TANC2,-8.422936e-07
BTF3L4P2,-8.429316e-07
FBXO3,-8.442179e-07
RPL37P2,-8.443553e-07
GRIN2A,-8.445838e-07
CLEC18B,-8.478628e-07
DHX15,-8.479692e-07
RUNX2,-8.4849563e-07
TPM3,-8.486159e-07
CCDC88B,-8.4954087e-07
SDF2L1,-8.496736e-07
FAM76A,-8.5148196e-07
P3H3,-8.5178664e-07
IGKV1-6,-8.524099e-07
FOXK1,-8.525795e-07
BICRA-AS2,-8.53046e-07
TBC1D8B,-8.53364e-07
SDSL,-8.5381527e-07
ELMOD1,-8.5467866e-07
RBM25,-8.548308e-07
CELF2,-8.552191e-07
ERLEC1,-8.5706745e-07
APEX1,-8.571556e-07
GTF2F2,-8.573864e-07
TMEM220-AS1,-8.584871e-07
MT1A,-8.585241e-07
TNFRSF21,-8.585901e-07
PDZRN3,-8.5986505e-07
ADH5,-8.616116e-07
LINC00205,-8.6164243e-07
MIR100HG,-8.632802e-07
WTAP,-8.637486e-07
CHMP7,-8.656183e-07
RPL7A,-8.6594554e-07
ZNF234,-8.661043e-07
STRIP2,-8.689038e-07
MRPL4,-8.6937945e-07
ERGIC2,-8.694644e-07
KIF26B,-8.695189e-07
CTBP1-DT,-8.702494e-07
EN1,-8.7029224e-07
GGT5,-8.7106037e-07
GFPT1,-8.731983e-07
ZNF37A,-8.73747e-07
USH1C,-8.754031e-07
GPN1,-8.762707e-07
PIGH,-8.7840107e-07
MAFG,-8.7868153e-07
ANXA2R,-8.803259e-07
ZNF638,-8.824402e-07
MAGEE2,-8.863359e-07
FLVCR2,-8.874091e-07
ZNF529-AS1,-8.8766785e-07
COL4A3,-8.878382e-07
ATP5MGP2,-8.881844e-07
TPX2,-8.8877863e-07
TRPM4,-8.896879e-07
LBX1,-8.9000554e-07
CLC,-8.917345e-07
ZRANB1,-8.920973e-07
ZNF761,-8.921536e-07
LOC105370109,-8.923158e-07
TBXA2R,-8.9231634e-07
LLGL1,-8.9333474e-07
SBF1,-8.94043e-07
SELENOI,-8.943281e-07
EHHADH,-8.9515663e-07
POLR3GL,-8.967527e-07
PPP1R35,-8.971851e-07
GPR158,-8.973912e-07
AQP6,-8.976356e-07
CCZ1,-8.990055e-07
SH2D2A,-8.9903904e-07
SPON2,-8.9913294e-07
ACIN1,-9.0096404e-07
MNAT1,-9.017297e-07
EEF1A1P11,-9.0216025e-07
ARMC5,-9.0279497e-07
BCAT2,-9.0325284e-07
CXXC5-AS1,-9.036976e-07
ZNF3,-9.056021e-07
RPL41P2,-9.0600764e-07
NGDN,-9.0720295e-07
LINC01159,-9.087679e-07
SEC24D,-9.0885925e-07
NVL,-9.0930155e-07
PEX1,-9.095905e-07
HOXA6,-9.0974686e-07
FAM13A,-9.1019655e-07
HLA-F,-9.110791e-07
PPP4R2P2,-9.112687e-07
CITED2,-9.116177e-07
CD24P4,-9.118299e-07
CD7,-9.127721e-07
LYNX1,-9.1432435e-07
HSPA6,-9.150553e-07
PLXND1,-9.194292e-07
ESCO2,-9.1946157e-07
SLC11A2,-9.212126e-07
RPL23AP18,-9.212554e-07
SGPP1,-9.2221643e-07
SOX5,-9.2226685e-07
RPS27P29,-9.228261e-07
TRAF1,-9.232183e-07
MYCL,-9.239025e-07
ARHGAP12,-9.243581e-07
KCNA3,-9.2500056e-07
TRMT5,-9.2515995e-07
RPS6KC1,-9.2527574e-07
EIF4G3,-9.2549726e-07
ZNF285,-9.2558435e-07
PSMD14,-9.2863945e-07
DNM3OS,-9.290252e-07
FAM135B,-9.2986386e-07
CSTPP1,-9.307795e-07
PCCA,-9.31554e-07
EIF4EBP2,-9.3307636e-07
NUDT1,-9.3316476e-07
ENOX1,-9.3332204e-07
LYRM4,-9.3357266e-07
TWNK,-9.341321e-07
NIPAL4,-9.3435926e-07
PIRT,-9.346465e-07
VDAC2P5,-9.3521277e-07
SSBP1,-9.353137e-07
IFT54,-9.3537574e-07
TGIF1,-9.373622e-07
INPP5F,-9.3781824e-07
GALNT1,-9.3970056e-07
MARK3,-9.4050966e-07
TECPR1,-9.4117416e-07
CTSC,-9.45584e-07
KIDINS220,-9.4671236e-07
ARL2,-9.467358e-07
WHR1B,-9.4723583e-07
DGKI,-9.4780535e-07
UBL5P2,-9.479803e-07
MED25,-9.4868125e-07
PPIF,-9.490572e-07
RNU6-1,-9.49438e-07
MAD2L2,-9.4979407e-07
HR,-9.52075e-07
TMEM200A,-9.5295576e-07
COX6CP1,-9.530117e-07
CDS1,-9.53453e-07
SEPHS1,-9.538794e-07
NARS2,-9.54541e-07
KCTD1,-9.557683e-07
STAT2,-9.574807e-07
MRPS11,-9.580914e-07
ABI3,-9.58339e-07
KMT5B,-9.60892e-07
KNDC1,-9.615104e-07
OARD1,-9.615552e-07
CCDC61,-9.626998e-07
EML2,-9.64476e-07
DHX35-DT,-9.688135e-07
RNA5SP442,-9.718879e-07
CDC25B,-9.735738e-07
C18orf54,-9.740611e-07
SLC17A9,-9.742776e-07
SUSD3,-9.748062e-07
ABCA2,-9.75234e-07
ASB9,-9.755213e-07
GPR17,-9.760356e-07
TMEM237,-9.767566e-07
FBXW5,-9.776268e-07
SAYSD1,-9.776679e-07
USF3,-9.778685e-07
PLEC,-9.781397e-07
LARP6,-9.782538e-07
PREX2,-9.805267e-07
CRLF1,-9.806383e-07
HYAL3,-9.807972e-07
RNA5SP82,-9.812732e-07
FECH,-9.819776e-07
CFAP157,-9.821316e-07
F13A1,-9.833907e-07
RPL34P31,-9.844966e-07
CAMK2G,-9.851138e-07
ANKRD54,-9.857573e-07
LOC101928796,-9.863543e-07
PHOSPHO1,-9.864245e-07
AMMECR1L,-9.867166e-07
IGLV7-43,-9.867805e-07
KHDRBS2,-9.904224e-07
MTCH1,-9.911499e-07
POC1B,-9.914856e-07
TEAD4,-9.932075e-07
ADGRA1,-9.958258e-07
SLIT1,-9.96471e-07
BET1L,-9.97268e-07
THRB,-9.976211e-07
ZNF337,-9.984806e-07
NFKBID,-9.986344e-07
PLAUR,-9.995036e-07
HES5,-9.998154e-07
NPTXR,-1.0000157e-06
UBR3,-1.0008569e-06
POMGNT2,-1.0013896e-06
LILRA4,-1.0023919e-06
VTRNA1-3,-1.0023977e-06
NORAD,-1.00311e-06
TRA2B,-1.0040046e-06
PTMAP5,-1.0041479e-06
UIMC1,-1.0046953e-06
IGHV4-39,-1.0059201e-06
IMP3,-1.0064487e-06
FBXO4,-1.0074469e-06
NUP155,-1.0076703e-06
PHACTR2,-1.0079091e-06
LGR4,-1.0080232e-06
TMA7,-1.0091327e-06
KCNA1,-1.0092373e-06
MRPL50,-1.0100891e-06
ARHGAP26,-1.0104201e-06
NPIPB2,-1.0127957e-06
NPRL3,-1.0138558e-06
FRG1,-1.013943e-06
FAHD2B,-1.014149e-06
WAC,-1.0143831e-06
RN7SL5P,-1.0145284e-06
ATF6B,-1.0151304e-06
CCT6B,-1.0162639e-06
PRKAR2A-AS1,-1.0192747e-06
DKC1,-1.0202208e-06
TRIM66,-1.0203302e-06
NAPSB,-1.0205199e-06
BGN,-1.0222044e-06
VPS13C-DT,-1.0237948e-06
PRRT3-AS1,-1.0244868e-06
C16orf89,-1.0248347e-06
GOLT1A,-1.0262037e-06
ITGA8,-1.0262476e-06
PRELID1P6,-1.0272225e-06
DCTN6,-1.0275735e-06
PITPNM3,-1.0293435e-06
TAF8,-1.0326825e-06
PCGF1,-1.0327749e-06
SLC45A1,-1.032791e-06
CEP152,-1.0333794e-06
VAC14-AS1,-1.0334006e-06
MPC1,-1.0334054e-06
SOCS6,-1.0337417e-06
KLHL18,-1.0350952e-06
GOLGB1,-1.0355049e-06
IQCC,-1.0362205e-06
DYNC2I1,-1.0363328e-06
LINC01579,-1.0364889e-06
ZBTB33,-1.0372222e-06
HMGB1P31,-1.0385105e-06
DDAH2,-1.0387622e-06
NME6,-1.0394813e-06
UQCRC1,-1.0398863e-06
CBX1P1,-1.0410873e-06
HSD17B10,-1.0416737e-06
MIR3613,-1.0421688e-06
ATP5MFP2,-1.0425391e-06
CEP68,-1.0439718e-06
ETNK2,-1.0441618e-06
LOC105375233,-1.0441893e-06
TDH-AS1,-1.0451896e-06
RHOQ,-1.0456398e-06
PAK5,-1.0463248e-06
FCRLA,-1.0466769e-06
GNPTG,-1.0478378e-06
GPR174,-1.049015e-06
MCF2,-1.0494265e-06
IGHG3,-1.0501709e-06
ELF1,-1.0502597e-06
PPP2R1A,-1.0524841e-06
MICB,-1.052544e-06
ABCB9,-1.0528838e-06
TMEM74,-1.0543812e-06
NOL9,-1.0551884e-06
TOLLIP,-1.0556539e-06
LPAR4,-1.0557613e-06
CCNE2,-1.0562509e-06
RPL14P3,-1.0568303e-06
BPNT1,-1.0572096e-06
IL10RA,-1.0586083e-06
ZNF233,-1.0587056e-06
BICRA,-1.0588486e-06
HOXC-AS1,-1.0613154e-06
LINC03016,-1.0616086e-06
JPH1,-1.0621379e-06
BAP1,-1.064648e-06
PPFIBP2,-1.0652608e-06
KLF12,-1.0657667e-06
BAZ1A,-1.0661582e-06
AIFM3,-1.0665281e-06
CDKAL1,-1.0671367e-06
ATG2A,-1.0672348e-06
SH3PXD2A,-1.0680441e-06
PFKFB2,-1.068274e-06
LINC02976,-1.0690103e-06
BACH1,-1.0704096e-06
HSD17B4,-1.0722824e-06
NCAPH,-1.0731346e-06
TAF2,-1.0733391e-06
KICS2,-1.0733417e-06
RGS12,-1.0747611e-06
NXPE3,-1.0757632e-06
ZCCHC17,-1.0768695e-06
ATP6V0E2-AS1,-1.0769913e-06
UBXN11,-1.0770641e-06
TBX19,-1.0787747e-06
MOK,-1.0789781e-06
PHC1,-1.0796265e-06
RBM26-AS1,-1.0796888e-06
RHOG,-1.0801045e-06
NDRG2,-1.0820917e-06
HIC1,-1.0821911e-06
RANGAP1,-1.0825447e-06
OSBPL5,-1.0831087e-06
IFITM3P1,-1.0836637e-06
LINC00472,-1.0847334e-06
KDR,-1.0847444e-06
UNC50,-1.0857715e-06
NUDT5,-1.0862252e-06
SOX12,-1.0862927e-06
ERV3-1,-1.0864861e-06
RPS24P19,-1.0889942e-06
OLFML3,-1.0890994e-06
LRRTM2,-1.0910065e-06
ANGPTL2,-1.0914996e-06
CCDC107,-1.0915008e-06
TMEM60,-1.0917931e-06
PMPCA,-1.0949187e-06
DAPK1,-1.0951645e-06
RPL41P5,-1.0958186e-06
XPNPEP1,-1.0960985e-06
P4HA1,-1.0969671e-06
MAN2A1,-1.0969737e-06
SLC25A4,-1.0969858e-06
ANKRD11,-1.0976953e-06
HPSE,-1.0980486e-06
UQCRH,-1.0989625e-06
ZNF414,-1.0998087e-06
CSNK1D,-1.1004221e-06
LMNB2,-1.100951e-06
TDRD3,-1.1014785e-06
SLC25A17,-1.1015785e-06
TAF1B,-1.1031211e-06
DNAJC13,-1.1034016e-06
BAALC,-1.1044015e-06
MICOS13,-1.1044057e-06
CLVS1,-1.1059452e-06
ZNF566-AS1,-1.1061068e-06
CENPL,-1.106865e-06
MDN1,-1.108733e-06
RPL37P6,-1.1091814e-06
RPS18P12,-1.1095614e-06
RAP1BL,-1.1106315e-06
NKIRAS2,-1.1107742e-06
ZNF621,-1.1109988e-06
LCAT,-1.1128895e-06
RNU6-1099P,-1.1142545e-06
SPNS2,-1.1145363e-06
FLJ16779,-1.1147172e-06
GDE1,-1.1149955e-06
CEP131,-1.1154796e-06
AKT3,-1.1162472e-06
CTTN,-1.117576e-06
LNCTAM34A,-1.1177034e-06
NTAN1,-1.1177409e-06
RPL36AP37,-1.1183527e-06
ARHGAP17,-1.1189181e-06
PLAC9P1,-1.1198078e-06
ZNF791,-1.1199858e-06
KLC2,-1.1201357e-06
ANXA4,-1.1220852e-06
CRYBB1,-1.1227136e-06
NPY1R,-1.1237134e-06
MYL6,-1.1250746e-06
DHX35,-1.1260669e-06
ITGB2,-1.1264746e-06
TM2D1,-1.1271761e-06
MIDEAS,-1.12799e-06
PDE4B,-1.1286165e-06
LSM14B,-1.1294892e-06
ZBTB7A,-1.1315794e-06
PFDN6,-1.1333178e-06
CFAP90,-1.1341598e-06
SLC66A3,-1.1350171e-06
HINT3,-1.135375e-06
TRAPPC2B,-1.1382537e-06
DTNBP1,-1.1387127e-06
FGFR1OP2,-1.1394119e-06
P2RY8,-1.1395268e-06
LINC02251,-1.1397682e-06
LINC01445,-1.1401955e-06
FHIP1B,-1.1404039e-06
INPP5K,-1.1408157e-06
DOLPP1,-1.1413146e-06
GLDN,-1.1415946e-06
TEP1,-1.1419811e-06
ZNF79,-1.1432651e-06
ACHE,-1.1435629e-06
ZNF385A,-1.1437232e-06
SAXO2,-1.1447994e-06
TNS3,-1.1448896e-06
UXS1,-1.1454042e-06
CHD4,-1.1469839e-06
PIGBOS1,-1.1472961e-06
CDC123,-1.1486962e-06
SEC23IP,-1.1488315e-06
APMAP,-1.1497799e-06
C5orf46,-1.1500376e-06
SH3BP2,-1.1516146e-06
VKORC1,-1.1550839e-06
PJA1,-1.1558898e-06
MIR3690,-1.1561084e-06
BMP2K,-1.1570881e-06
NDNF,-1.158779e-06
RMDN1,-1.1590643e-06
TGFB2-AS1,-1.1592319e-06
HP1BP3,-1.1602536e-06
SSH3,-1.1603844e-06
DSE,-1.1604373e-06
CCDC13-AS1,-1.1609202e-06
EDEM2,-1.1609543e-06
WASH6P,-1.1623816e-06
CHASERR,-1.162721e-06
DACH2,-1.162767e-06
SMIM7,-1.1637946e-06
LRP2,-1.1656772e-06
TEX9,-1.166669e-06
RHBDF2,-1.1668271e-06
PHETA1,-1.1689273e-06
CACYBPP2,-1.1691895e-06
CIC,-1.169296e-06
CCDC80,-1.1698068e-06
TSSC4,-1.1698808e-06
MCF2L-AS1,-1.1712617e-06
TMIE,-1.1719471e-06
RSL24D1,-1.1719853e-06
SLC17A8,-1.1729802e-06
THUMPD1,-1.1747647e-06
MCM7,-1.1755011e-06
HAGLROS,-1.1759394e-06
HOTAIR,-1.1760703e-06
THBS3-AS1,-1.176113e-06
NUP35,-1.1771598e-06
THBS1,-1.1790995e-06
LINC00960,-1.1794718e-06
TPM4P2,-1.1797649e-06
ZNF721,-1.1815408e-06
METRN,-1.1819043e-06
EEF1AKMT3,-1.1819648e-06
NXT2,-1.1828064e-06
TCIRG1,-1.1830599e-06
LRRN2,-1.183883e-06
DYNLRB1,-1.1844704e-06
LOC729654,-1.1844772e-06
ATXN7L3B,-1.1859015e-06
GNAQ,-1.1867778e-06
KLRC1,-1.187182e-06
RTKN,-1.1873311e-06
BORCS7,-1.1879222e-06
YIF1B,-1.1890623e-06
CYCSP45,-1.1898576e-06
FGF1,-1.1907993e-06
SCRIB,-1.1923252e-06
TLR10,-1.1952712e-06
LRRN4CL,-1.1961683e-06
GSX1,-1.1975563e-06
C17orf58,-1.1980785e-06
TMED4,-1.1981202e-06
PREP,-1.1986994e-06
CDKN1B,-1.1988811e-06
PSMB8,-1.2021825e-06
SLC25A24,-1.2030393e-06
LINC01614,-1.2034963e-06
PGBD1,-1.2036913e-06
LZIC,-1.2048521e-06
BAZ2B-AS1,-1.2056007e-06
HTR7P1,-1.2060908e-06
CHCHD10,-1.206936e-06
ACVR1B,-1.2069752e-06
CIT,-1.2074266e-06
PRR14L,-1.2076293e-06
CERKL,-1.2089891e-06
NRM,-1.210645e-06
EXOC6B,-1.2110148e-06
DMAP1,-1.2112606e-06
CHIC2,-1.2127844e-06
ZNF443,-1.2139278e-06
MYOZ1,-1.2147052e-06
SLC25A5,-1.2147054e-06
FTO,-1.216693e-06
ARID4B,-1.2169911e-06
NAV1,-1.2175201e-06
UBE2J2,-1.2175663e-06
MYL12A,-1.2176622e-06
RPS24P8,-1.21924e-06
ACER3,-1.2202382e-06
ACSS1,-1.2207972e-06
BCL2L1-AS1,-1.2209516e-06
SRSF12,-1.2213052e-06
EFR3A,-1.2229251e-06
BET1,-1.2234246e-06
EEF1A1P22,-1.2236865e-06
FOXG1-AS1,-1.224631e-06
SNHG18,-1.2248337e-06
EFHB,-1.2249443e-06
GPR132,-1.2271723e-06
IFT172,-1.2271884e-06
TLX1,-1.22743e-06
XRRA1,-1.2289349e-06
ZNF614,-1.2315888e-06
ACTR1A,-1.2332868e-06
ZNF804A,-1.2344995e-06
SCIRT,-1.2347381e-06
TDP2,-1.2347385e-06
LOC124906495,-1.2352494e-06
IPO5,-1.2356278e-06
FGF18,-1.2358348e-06
CHD6,-1.2360005e-06
HGS,-1.2364694e-06
LRAT,-1.2365444e-06
INCR1,-1.2375206e-06
GAS7,-1.2377952e-06
PCCA-DT,-1.2388224e-06
CERS5,-1.239178e-06
NECTIN4,-1.2394927e-06
H3C7,-1.2400241e-06
FAM20A,-1.2433453e-06
DHRS11,-1.2438278e-06
PIERCE2,-1.243951e-06
PFDN1,-1.244194e-06
IGBP1,-1.2442774e-06
TLR7,-1.2455976e-06
HSPE1P4,-1.2466401e-06
TOX2,-1.2478874e-06
IL17D,-1.250056e-06
PCNX2,-1.2502456e-06
NOP53,-1.2513827e-06
CLCN6,-1.2526376e-06
TRAM1,-1.2542774e-06
POLR3E,-1.2549475e-06
TNFRSF10A,-1.2564137e-06
PLD1,-1.2565782e-06
PARG,-1.2568978e-06
RNASE3,-1.2575292e-06
NEXMIF,-1.25755e-06
MTMR1,-1.2591809e-06
MARCHF8,-1.2602761e-06
DYNC2LI1,-1.2616939e-06
ARMCX1,-1.2623665e-06
MRPL52,-1.2625687e-06
POLR2B,-1.2631855e-06
SENP6,-1.2634471e-06
ZNF680,-1.2636427e-06
METTL25B,-1.2644603e-06
IGKV3D-20,-1.2659868e-06
MOSPD3,-1.2661136e-06
USP3,-1.2661266e-06
TCOF1,-1.2664169e-06
SMIM30,-1.2687373e-06
ERGIC3,-1.2696672e-06
CMKLR2,-1.2716293e-06
LCP1,-1.272874e-06
SLC35A5,-1.2731609e-06
RPS26P28,-1.2746766e-06
HCFC1,-1.2757166e-06
RUVBL1,-1.2766837e-06
SOX3,-1.277558e-06
KIF15,-1.277581e-06
WASL-DT,-1.2782579e-06
CMSS1,-1.2786089e-06
COL5A1,-1.2789158e-06
IL16,-1.2826162e-06
GPSM2,-1.2829711e-06
LINC00377,-1.2835882e-06
FMO3,-1.2846049e-06
DPYSL3,-1.2855471e-06
SAPCD2,-1.2862005e-06
ANKFN1,-1.2865423e-06
CTLA4,-1.2870973e-06
TAPT1,-1.2884808e-06
PIN1-DT,-1.2888394e-06
CYTH2,-1.2893757e-06
TMEM37,-1.2902309e-06
PRODH,-1.2905399e-06
IL4I1,-1.2912164e-06
ABHD17B,-1.2915996e-06
NOD2,-1.2918763e-06
SERPINA1,-1.2944737e-06
LOC101928416,-1.294536e-06
UBLCP1,-1.2949089e-06
CLEC2B,-1.29511e-06
PROM1,-1.2951324e-06
AMOTL1,-1.2956032e-06
CYP4F25P,-1.2959996e-06
SAP18,-1.296568e-06
RNF215,-1.297249e-06
SQOR,-1.2974549e-06
RPL39P15,-1.2976678e-06
GPR156,-1.2984739e-06
FUCA1,-1.2987613e-06
GJC1,-1.3014537e-06
NME4,-1.3016594e-06
USP22,-1.3024408e-06
NDUFB1P1,-1.3048087e-06
NDUFB2,-1.3049623e-06
CFAP68,-1.306835e-06
SIDT2,-1.3082463e-06
HSPE1P6,-1.3082725e-06
H3-3A,-1.3090166e-06
RNF146,-1.3104042e-06
MCM2,-1.3105247e-06
EIF1P7,-1.3111053e-06
SMIM20,-1.3112544e-06
ACVR1,-1.3123733e-06
COX17P1,-1.3125422e-06
CCDC136,-1.3132952e-06
FANCF,-1.313647e-06
MTERF1,-1.3137596e-06
LGALSL,-1.3154372e-06
NLE1,-1.3167605e-06
FCF1,-1.3176682e-06
EID2,-1.3179471e-06
HIPK2,-1.3184762e-06
DOT1L,-1.318816e-06
MYO9B,-1.3188643e-06
SLC4A8,-1.3191988e-06
RPS19P3,-1.3200065e-06
HAS1,-1.3202402e-06
KANSL1,-1.3203797e-06
PLVAP,-1.3206006e-06
RAB11FIP2,-1.3214845e-06
LOC124900396,-1.3219594e-06
PRPS2,-1.3224976e-06
RPL29P11,-1.3236305e-06
DEFB109D,-1.3237305e-06
RB1,-1.3251084e-06
ZNF671,-1.3253301e-06
HDHD5,-1.3257815e-06
DDX50,-1.3264416e-06
HSP90AA1,-1.3303842e-06
SDR42E2,-1.3317734e-06
DYNC2I2,-1.331864e-06
SULF1,-1.3321501e-06
TRBV20-1,-1.3322589e-06
RPS26P8,-1.3333531e-06
DDIT4L,-1.3333788e-06
CCR7,-1.3342571e-06
LSM2,-1.3342822e-06
NUP37,-1.3380973e-06
ZNF502,-1.3387204e-06
MSTO1,-1.3387545e-06
TLR2,-1.339114e-06
HK2-DT,-1.339742e-06
NDUFA8,-1.3397981e-06
RNF139,-1.3401341e-06
PCCB,-1.3413096e-06
RNA5SP122,-1.3434826e-06
CCAR2,-1.3437948e-06
STARD3NL,-1.3440359e-06
PI15,-1.3445643e-06
EIF4E3,-1.345574e-06
NME5,-1.3476989e-06
ADCY6,-1.3494213e-06
IMPDH1P8,-1.3498637e-06
CFLAR,-1.3499974e-06
HSD11B1-AS1,-1.350248e-06
DIO3,-1.3507932e-06
MMP7,-1.3522617e-06
TMEM9,-1.3525515e-06
MOB3B,-1.35317e-06
APH1B,-1.354362e-06
CDA,-1.3546185e-06
SPN,-1.3546421e-06
HAMP,-1.3553565e-06
SCPEP1,-1.3555544e-06
YWHAQ,-1.3556926e-06
SDCCAG8,-1.3560522e-06
ZNF844,-1.3563771e-06
RPL18P13,-1.3563952e-06
STRIP1,-1.3565522e-06
ZNF71,-1.3567811e-06
DMXL1,-1.3571698e-06
FCHSD2,-1.3595085e-06
IGHV2-70D,-1.3601746e-06
AGAP1,-1.3605154e-06
INPP5D,-1.3609174e-06
PPCDC,-1.3612598e-06
PCDHGA6,-1.3618697e-06
PSMD10,-1.3620034e-06
ASAP1,-1.3633994e-06
LINC02526,-1.3637087e-06
OLR1,-1.3640484e-06
ANTXR1,-1.3640564e-06
PCDH9-AS2,-1.3644195e-06
RBMX2,-1.3650065e-06
KCNQ1,-1.3655567e-06
NFE2L3,-1.3657159e-06
TIMM8B,-1.3662448e-06
DLST,-1.3669477e-06
SLC25A43,-1.3673825e-06
GABPA,-1.3678357e-06
COIL,-1.3681677e-06
RUVBL2,-1.3685152e-06
ENO2,-1.3687326e-06
GCNA,-1.369562e-06
DNAJC18,-1.3699968e-06
STRN4,-1.3727249e-06
FERMT1,-1.3727372e-06
NELL1,-1.373523e-06
CHAC1,-1.3751613e-06
RBBP4,-1.3758819e-06
MPHOSPH8,-1.3768472e-06
LY6E,-1.3773509e-06
PLA2G15,-1.3774116e-06
GTSE1,-1.3790079e-06
LYSMD1,-1.3799101e-06
NHLH2,-1.3801057e-06
OLFML2B,-1.3807477e-06
ISCA2,-1.3826088e-06
LINC00515,-1.3834051e-06
DHODH,-1.3856719e-06
CHMP1A,-1.3864646e-06
ZNF549,-1.3869561e-06
THOC5,-1.3872971e-06
RARRES2,-1.387647e-06
MSX2,-1.3879109e-06
LYPLA2,-1.3879726e-06
DUSP5,-1.3885559e-06
TENM2,-1.3887202e-06
MIR23B,-1.3891712e-06
TSNAXIP1,-1.3894412e-06
TREM1,-1.3927543e-06
HPN,-1.3928287e-06
LINC01831,-1.393091e-06
WDR54,-1.3946562e-06
MRO,-1.3948347e-06
CCR5,-1.3949563e-06
MYO1B,-1.3965104e-06
DKFZp451B082,-1.3972679e-06
TRAPPC11,-1.397438e-06
MTA1-DT,-1.3977694e-06
RARS2,-1.3980833e-06
SPATA2L,-1.3987935e-06
EPN2,-1.4004577e-06
WDR74,-1.4004801e-06
BCOR,-1.400895e-06
GABARAPL1,-1.4009357e-06
SLC16A9,-1.4024703e-06
SOX11,-1.4032464e-06
ZNF778,-1.404031e-06
PHYHIPL,-1.4044147e-06
TMEM119,-1.4062183e-06
ZNF530,-1.4069209e-06
ATP13A2,-1.4076194e-06
ASXL1,-1.4078912e-06
IGFBP6,-1.4085955e-06
APBB1IP,-1.408914e-06
STX11,-1.4092407e-06
RPL3P4,-1.4092814e-06
UPF3A,-1.4127451e-06
OR2L13,-1.4132213e-06
UBXN7,-1.4133916e-06
CDIPT,-1.4148784e-06
ADNP,-1.4153485e-06
CCM2,-1.4162839e-06
SHKBP1,-1.4177481e-06
BCHE,-1.4178669e-06
IGHV3-15,-1.4179593e-06
AAK1,-1.4185587e-06
RNU6-1160P,-1.4194123e-06
POLR2D,-1.4202266e-06
TRPV4,-1.4205252e-06
RAB33B,-1.4208521e-06
GCDH,-1.421245e-06
STX16,-1.4213864e-06
MRC1,-1.4218115e-06
RNA5SP284,-1.4238357e-06
IRF2-DT,-1.4242177e-06
FUNDC1,-1.4242843e-06
SLC7A2,-1.4246754e-06
DRC4,-1.4255533e-06
EPS8L2,-1.4257545e-06
LOC105372266,-1.4258084e-06
MAGI1,-1.4258478e-06
POLD2,-1.4259068e-06
CLCN7,-1.4260455e-06
ARHGAP5-AS1,-1.4263941e-06
RPS10P3,-1.4272464e-06
ACD,-1.4273111e-06
SMPD4,-1.429883e-06
LOC728488,-1.4312142e-06
SYTL5,-1.4324595e-06
CFDP1,-1.432882e-06
RPS10P2,-1.4335154e-06
ZNF570,-1.433843e-06
TMEM67,-1.4344259e-06
NUDT19-DT,-1.4349222e-06
RPL22L1,-1.4350445e-06
MBD6,-1.4350637e-06
PCDHB10,-1.4358512e-06
AREL1,-1.4360081e-06
ADRA1A,-1.4362922e-06
MRPL34,-1.4363254e-06
ZNF391,-1.4370232e-06
DYNLL1,-1.4375931e-06
CCT4,-1.4378293e-06
PCDHGA5,-1.4378812e-06
RCC1,-1.4398871e-06
IER3IP1,-1.4399486e-06
PLXNA1,-1.4402027e-06
DEPDC1,-1.440653e-06
ARL3,-1.4416146e-06
ADRM1,-1.4432338e-06
TOGARAM1,-1.4434493e-06
STK32B,-1.4435118e-06
FCGR3B,-1.4439265e-06
BAMBI,-1.4440162e-06
LPAR5,-1.4444026e-06
RNU6-216P,-1.4474218e-06
IGSF22-AS1,-1.4475708e-06
PGAP2,-1.4486636e-06
GPX8,-1.4489101e-06
ECH1,-1.4522826e-06
MBLAC1,-1.4528367e-06
CXXC5,-1.45331e-06
TESK1,-1.4564052e-06
OTP,-1.4573932e-06
COL27A1,-1.4582216e-06
HSPG2,-1.4592616e-06
CDCA4,-1.4593876e-06
RANP1,-1.4597202e-06
CASQ1,-1.4622912e-06
MRGBP,-1.462807e-06
ARHGAP6,-1.464213e-06
MRPL36,-1.4652743e-06
ITPR2-AS2,-1.4657115e-06
GSTCD,-1.4666424e-06
CYP2S1,-1.4669874e-06
AFF4,-1.4679804e-06
FBXO45,-1.4683595e-06
IREB2,-1.4694463e-06
FTH1,-1.4710486e-06
APCDD1,-1.4730823e-06
SORBS2,-1.4735722e-06
CES3,-1.4749245e-06
RBM39,-1.4772492e-06
BMPR2,-1.4778421e-06
ABHD3,-1.4782321e-06
RPL11P3,-1.4789157e-06
GLB1L2,-1.4792827e-06
PKP4,-1.479939e-06
CD22,-1.4807966e-06
PCDHA2,-1.4808267e-06
IL10,-1.4811552e-06
PACRG,-1.4828655e-06
TIMM8BP2,-1.4856176e-06
DLGAP5,-1.487674e-06
PSMB1,-1.4884633e-06
RNU1-94P,-1.4885554e-06
FAM174A,-1.4910966e-06
CRACD,-1.4911558e-06
TRMT61A-DT,-1.4923796e-06
SREK1,-1.4945898e-06
PDZD11,-1.494705e-06
LOC105369363,-1.4951991e-06
TADA1,-1.4967529e-06
NDUFA6,-1.4972392e-06
EPB41,-1.4978401e-06
INSR,-1.4982329e-06
PRAF2,-1.4986215e-06
ZNF417,-1.4999966e-06
HRH2,-1.5002099e-06
TCIM,-1.5006638e-06
NDUFA1,-1.5019389e-06
NBPF2P,-1.5027294e-06
PXK,-1.5037707e-06
RPL23,-1.5052142e-06
FAM81A,-1.5062319e-06
ZBED1,-1.5079596e-06
RNASE2,-1.5083835e-06
PIK3CD,-1.509924e-06
MACROD2,-1.5101336e-06
SCAF8,-1.510953e-06
ASCC1,-1.5125812e-06
PSME3IP1,-1.5154885e-06
IDS,-1.5161979e-06
ST7-AS1,-1.5164909e-06
RPL15P22,-1.5167535e-06
NGFR,-1.5172812e-06
SLC15A4,-1.5174603e-06
RPSA,-1.517559e-06
LINC01235,-1.517591e-06
CARD9,-1.519321e-06
POSTN,-1.5195361e-06
BRWD3,-1.5200834e-06
TRAK2,-1.5226835e-06
TRUB2,-1.523686e-06
SERPINF2,-1.5254757e-06
ATG4D,-1.5257689e-06
ANK1,-1.5278846e-06
APBB1,-1.528675e-06
MYCBPAP,-1.5291233e-06
MMP24OS,-1.5291438e-06
GSS,-1.5299818e-06
ACTR6,-1.5311304e-06
FOXO3B,-1.5347727e-06
RN7SL333P,-1.5353297e-06
CD58,-1.5356629e-06
TSSK6,-1.5363798e-06
RPS27AP6,-1.5368666e-06
LINC01819,-1.5374374e-06
RPL39,-1.5417032e-06
MIR219A2HG,-1.546228e-06
NANS,-1.5464798e-06
DIRAS2,-1.5470936e-06
DTX1,-1.5472561e-06
TMEM45A,-1.5476365e-06
SSBP3P1,-1.5479824e-06
PPDPF,-1.548689e-06
EXOC5,-1.5491587e-06
FBXL3,-1.5492719e-06
MAP3K11,-1.5493658e-06
PSMB4,-1.5496008e-06
KLRC2,-1.5508173e-06
ZNF812P,-1.5514278e-06
CFAP69,-1.5540647e-06
TRMT112,-1.5541931e-06
SLITRK3,-1.5549148e-06
ANKRD13C-DT,-1.5554069e-06
RN7SL336P,-1.5556735e-06
RPS9P4,-1.5557468e-06
SRP14-DT,-1.5572701e-06
ACOT11,-1.5574726e-06
MDK,-1.55762e-06
RPS9,-1.5584775e-06
ATF5,-1.5586494e-06
DIS3,-1.5589438e-06
PANTR1,-1.5591542e-06
ZNF460-AS1,-1.5594401e-06
RPL5P4,-1.5601132e-06
CNBP,-1.5605481e-06
TDP1,-1.5613526e-06
MALRD1-AS1,-1.5623062e-06
MAP4K3,-1.5626434e-06
CEP164,-1.5628369e-06
DCTN4,-1.5637258e-06
SFMBT1,-1.563951e-06
NDUFAF2,-1.5640945e-06
ZNF548,-1.5656666e-06
PUM2,-1.5662748e-06
ANAPC11,-1.5668359e-06
BBS12,-1.5675839e-06
PTGER4,-1.5686272e-06
SUN1,-1.5695819e-06
IAH1,-1.57014e-06
BRME1,-1.5703647e-06
DERA,-1.571475e-06
RPL30P4,-1.5716487e-06
WNT6,-1.5718591e-06
RACGAP1,-1.5719503e-06
HOXA-AS2,-1.5720805e-06
COL18A1,-1.572912e-06
ARL5B,-1.5735716e-06
GPR88,-1.573862e-06
STRBP,-1.574678e-06
SAAL1,-1.5747643e-06
AOX1,-1.5752431e-06
PTPRG,-1.5752455e-06
SDC1,-1.5761194e-06
KIAA1586,-1.5763513e-06
ZNF85,-1.5772185e-06
ARHGAP23,-1.577516e-06
CDCA5,-1.5778465e-06
IGLV3-19,-1.5778483e-06
SNORD113-3,-1.5780253e-06
RPS23P8,-1.5784865e-06
REEP4,-1.5790496e-06
DTYMK,-1.5797336e-06
LINC01144,-1.5798033e-06
CDCA7,-1.5812695e-06
RPL26P36,-1.581582e-06
POP7,-1.5817137e-06
PNMA1,-1.5826217e-06
SCML1,-1.5827096e-06
CCDC93,-1.5830133e-06
YWHAZP2,-1.5834278e-06
RPL29P4,-1.5841986e-06
HECTD4,-1.5843082e-06
TENM2-AS1,-1.584509e-06
RPL7P19,-1.5848924e-06
HSPA13,-1.5863452e-06
PRR15,-1.5873921e-06
GRIA3,-1.587853e-06
UBL5,-1.5878588e-06
OLFM2,-1.5883795e-06
KSR1,-1.5890062e-06
GMEB2,-1.5892882e-06
EFNA1,-1.5906213e-06
AKAP9,-1.5910354e-06
DLX5,-1.5910879e-06
WDR48,-1.5911996e-06
CERCAM,-1.591306e-06
EEF1A1P7,-1.5914787e-06
BNIP1,-1.591621e-06
CTSD,-1.591681e-06
RRAS,-1.5919887e-06
CASP9,-1.5920027e-06
MN1,-1.59225e-06
LCA5L,-1.5929552e-06
PSME2,-1.5934414e-06
POP4,-1.5935827e-06
SNORA16B,-1.593643e-06
TNFSF13,-1.5942932e-06
RWDD2B,-1.5946054e-06
DOCK6-AS1,-1.5947544e-06
POT1,-1.5966067e-06
GRIP2,-1.5972527e-06
GTSE1-DT,-1.5973746e-06
FOLH1,-1.5985323e-06
GTF2A1,-1.5991153e-06
ATF4,-1.5991957e-06
TRBV7-9,-1.5993077e-06
CCNP,-1.5996068e-06
TLE3,-1.6006593e-06
ZNF334,-1.6013588e-06
MZT2B,-1.6024644e-06
EVI5L,-1.6025785e-06
LRRC1,-1.6029469e-06
RALY,-1.6038953e-06
POGLUT2,-1.6058556e-06
ACAD8,-1.6059006e-06
OVOS2P,-1.6071075e-06
WASF1,-1.607647e-06
BOD1L1,-1.6079786e-06
CNIH4,-1.6082082e-06
ODAD3,-1.6082225e-06
PITHD1,-1.6085388e-06
CEP63,-1.6093904e-06
INTS11,-1.6117909e-06
RER1,-1.6126934e-06
MRPL55,-1.6127508e-06
RECQL5,-1.6130957e-06
LRRTM3,-1.6142533e-06
KGD4,-1.6158024e-06
ORC5,-1.6162527e-06
NME1,-1.6163881e-06
MS4A14,-1.6168644e-06
DRC3,-1.6174093e-06
NSL1,-1.6176041e-06
PTPRS,-1.6177673e-06
MIR9-1,-1.6182672e-06
KMT2B,-1.6196382e-06
SHC3,-1.6209225e-06
TK2,-1.6217928e-06
DCT,-1.6221377e-06
ETHE1,-1.6236388e-06
DNMT3A,-1.6236917e-06
FBXO34,-1.6249622e-06
MROCKI,-1.62506e-06
ZNF418,-1.625168e-06
MRPS12,-1.6259016e-06
TAF6L,-1.6259227e-06
FAM90A1,-1.6260743e-06
MIR9-1HG,-1.6266408e-06
NID2,-1.6268935e-06
RABEPK,-1.6274872e-06
SIX1,-1.6275571e-06
RPS3AP25,-1.6276877e-06
KCNG1,-1.6280543e-06
TMEM51,-1.6283146e-06
GPD1L,-1.6291611e-06
HDAC6,-1.6295791e-06
NCBP2-AS1,-1.6309463e-06
NDUFS4,-1.6315353e-06
LRFN5,-1.631603e-06
SLC66A2,-1.6318439e-06
RANBP1P1,-1.6320762e-06
TCAP,-1.6322916e-06
MLKL,-1.633199e-06
C8orf82,-1.6349318e-06
ITPA,-1.6359137e-06
NIPAL3,-1.6362374e-06
KIF23,-1.6365132e-06
FCGRT,-1.6365341e-06
CD36,-1.6383372e-06
RPL23AP65,-1.6385834e-06
RPL21P93,-1.6396759e-06
CDC45,-1.6407045e-06
TNFRSF11A,-1.6407269e-06
ACSM5,-1.6415017e-06
ZNF24TR,-1.6423472e-06
RPS10P26,-1.643992e-06
PKNOX2,-1.6441433e-06
STX4,-1.6442613e-06
TSPAN7,-1.6452059e-06
ZIC1,-1.6455813e-06
CLHC1,-1.646062e-06
PRR7,-1.6469878e-06
LOC112268411,-1.6474155e-06
LEMD3,-1.6477784e-06
CKS1BP3,-1.6507182e-06
ZXDA,-1.6516552e-06
TTC28,-1.6517843e-06
TM6SF1,-1.652392e-06
PDGFRB,-1.6539424e-06
XRCC3,-1.6554245e-06
HOXA1,-1.6572321e-06
ELFN1,-1.6573124e-06
SMIM13,-1.657712e-06
SIPA1L1-AS1,-1.6585013e-06
DDIAS,-1.658502e-06
HMGN1P36,-1.6590118e-06
SIM2,-1.6592837e-06
CBX4,-1.6596733e-06
ANKS1A,-1.6599553e-06
XPO1,-1.6607443e-06
GRIN2D,-1.6607834e-06
RAB42,-1.662415e-06
SSTR1,-1.662426e-06
HMCN1,-1.6635082e-06
ELN-AS1,-1.6642663e-06
SLC35G2,-1.6644758e-06
ATP5MFP5,-1.6644916e-06
PCYT1B,-1.6645596e-06
DYNLT4,-1.6647846e-06
USP11,-1.6651712e-06
KANSL2,-1.6661857e-06
NR4A1AS,-1.6667688e-06
ABHD11,-1.6669866e-06
CDH18,-1.6678472e-06
BEST4,-1.6680804e-06
SOX1,-1.6684281e-06
TMEM80,-1.6695537e-06
PDE3A,-1.6699051e-06
INPP5E,-1.6699175e-06
RPL23AP49,-1.6700719e-06
SPIN1,-1.6702759e-06
SOX15,-1.6704802e-06
HMGN2P5,-1.6708908e-06
RIMS3,-1.6712531e-06
OPRD1,-1.6714974e-06
N4BP1,-1.6716057e-06
CHRNA3,-1.6719358e-06
STYXL1,-1.6730899e-06
CCDC71L,-1.6734824e-06
ZHX2-AS1,-1.67396e-06
OLMALINC,-1.6740635e-06
CCDC102B,-1.6741124e-06
HYAL2,-1.6746758e-06
DAPL1,-1.6753046e-06
JOSD1,-1.6763958e-06
PER2,-1.676844e-06
CASP8AP2,-1.6778213e-06
SPESP1,-1.6783179e-06
KIAA1549,-1.6786731e-06
DIRAS1,-1.6791604e-06
HNRNPAB,-1.6812347e-06
UBE2R2,-1.681236e-06
MICA-AS1,-1.6830127e-06
TRAPPC10,-1.683516e-06
SIGLEC1,-1.6835761e-06
SNRPC,-1.6845161e-06
ARFIP2,-1.685567e-06
BTF3,-1.6886949e-06
RPS27P7,-1.6887429e-06
LINC02134,-1.6888284e-06
WAPL,-1.6895789e-06
STK17B,-1.6902904e-06
FAU,-1.6903737e-06
RPL39P36,-1.6917737e-06
LILRB4,-1.6918204e-06
FOXS1,-1.6919821e-06
CPT1A,-1.6925932e-06
SGK2,-1.692839e-06
SNORD91A,-1.6928576e-06
LYRM2,-1.6934164e-06
TMEM234,-1.6937694e-06
AK1,-1.6950728e-06
CEBPZOS,-1.695388e-06
ZNF280B,-1.6968801e-06
COL24A1,-1.6969384e-06
INAVA,-1.697434e-06
ZSCAN16-AS1,-1.6976142e-06
RNU6-37P,-1.6983591e-06
APC2,-1.6994674e-06
RPL7P23,-1.6998597e-06
ADPRHL1,-1.701361e-06
DCTD,-1.70228e-06
CHRM4,-1.7024091e-06
FBXO17,-1.7026736e-06
NOTUM,-1.7029394e-06
GINM1,-1.7037736e-06
CECR2,-1.7040983e-06
ZFPM1,-1.7046615e-06
GAL3ST1,-1.7055896e-06
TNFAIP6,-1.7060848e-06
PGM5P2,-1.7061772e-06
KLHL12P1,-1.7067318e-06
AP4M1,-1.7068148e-06
CNR1,-1.708497e-06
SPP1,-1.708995e-06
C11orf97,-1.7096396e-06
CPNE8-AS1,-1.7107507e-06
HMGXB3,-1.7113991e-06
H3P16,-1.7115736e-06
RN7SL4P,-1.71212e-06
LINC00682,-1.7138626e-06
CASP1,-1.7143635e-06
RPL39P3,-1.7149971e-06
EIF4EBP1,-1.7152827e-06
SEC13,-1.7160472e-06
CBX1,-1.7162033e-06
IER3,-1.7167238e-06
RPL17P36,-1.7171952e-06
PIGM,-1.7173153e-06
PMS2CL,-1.7185943e-06
VARS1,-1.7188489e-06
LSM5,-1.7210344e-06
FAM124A,-1.7216021e-06
USP2,-1.721787e-06
EIF5A2,-1.7262822e-06
PHRF1,-1.7262975e-06
ASB6,-1.7266433e-06
NUP160,-1.7269468e-06
RAB11B,-1.7280295e-06
SACK1H,-1.7281938e-06
GTF2H2,-1.7284837e-06
RPL13AP7,-1.7306488e-06
PSEN1,-1.7333211e-06
RPL27AP5,-1.7343598e-06
RNU6-1016P,-1.7351152e-06
MRPS6,-1.735489e-06
RDH5,-1.7355792e-06
SPOCD1,-1.7356252e-06
GTF2IRD2,-1.7356905e-06
PTRHD1,-1.7357896e-06
MFSD6,-1.7358283e-06
SSR4P1,-1.7358303e-06
RBM33,-1.7365196e-06
CYP4F11,-1.7382456e-06
MYBL2,-1.7382656e-06
ADGRE2,-1.7385192e-06
TCHP,-1.7406884e-06
DOCK5,-1.7415813e-06
SLC18B1,-1.742447e-06
ST6GAL2,-1.742642e-06
OTOR,-1.7431462e-06
LINC03044,-1.7444902e-06
LUZP2,-1.7452314e-06
KIAA0319,-1.7455683e-06
EAPP,-1.7457178e-06
RPS15AP12,-1.7478893e-06
CD248,-1.7487517e-06
NAALAD2,-1.7494493e-06
RPL23P6,-1.7528341e-06
FSD1L,-1.7529297e-06
LINC02373,-1.7531999e-06
TGFBR2,-1.7533537e-06
SALL3,-1.7557486e-06
RFX7,-1.7564878e-06
LIAT1,-1.7568659e-06
LAMA5,-1.7571604e-06
ASB3,-1.7571886e-06
RNU6-720P,-1.7573851e-06
CXCR2,-1.7580048e-06
COL11A1,-1.7591915e-06
ERAL1,-1.7598785e-06
SPPL2B,-1.7607496e-06
TBCA,-1.7607528e-06
TANGO2,-1.7610806e-06
RAP1B,-1.7617175e-06
PPP5C,-1.7630855e-06
WHAMMP1,-1.7631552e-06
ZNF142,-1.7641363e-06
TMEM185B,-1.764265e-06
LRRC34,-1.7648548e-06
LRRC8B,-1.7651724e-06
MRPL44,-1.765504e-06
TMEM132E,-1.7658072e-06
EEF1A1P16,-1.7661825e-06
IL20RA,-1.7663133e-06
PINLYP,-1.7666296e-06
TCAIM,-1.7675764e-06
C12orf75,-1.7680866e-06
SSR2,-1.7699049e-06
SLC1A3-AS1,-1.7713884e-06
METTL9,-1.7724213e-06
CDK13,-1.772514e-06
AGK,-1.773754e-06
FSCN1,-1.7739026e-06
ZNF48,-1.7745182e-06
GABPB1-AS1,-1.7746257e-06
HOMER1,-1.7750839e-06
DDHD2,-1.7754669e-06
PEAK3,-1.7761774e-06
IRF7,-1.7775591e-06
MTND3P25,-1.7776202e-06
TMEM267,-1.7794971e-06
CLBA1,-1.7795577e-06
NUDCD2,-1.780469e-06
DNAJB6P1,-1.7805355e-06
EIF4A1P10,-1.781452e-06
RPS10P6,-1.7819377e-06
RAB4A-AS1,-1.7853031e-06
CA7,-1.7857049e-06
C19orf48P,-1.7857515e-06
ZNF641,-1.7858952e-06
RPL5,-1.7861186e-06
LIN7A,-1.786255e-06
NBR2,-1.7867953e-06
LPXN,-1.7921551e-06
LINC00115,-1.7922649e-06
PNMA8A,-1.7932208e-06
TMEM87B,-1.7936629e-06
MRPS33,-1.795371e-06
LOC101927511,-1.7954058e-06
RPS11,-1.7970336e-06
PRR14,-1.7973534e-06
PDE7A-DT,-1.7973869e-06
UBAP2,-1.7973907e-06
FHL5,-1.7975228e-06
MYO7A,-1.7982527e-06
KCTD2,-1.7982599e-06
GREP1,-1.7983818e-06
GPR155-DT,-1.7989535e-06
RRM2,-1.7996043e-06
PELI2,-1.8000808e-06
COPE,-1.8004093e-06
ADGRB2,-1.8005935e-06
NR4A2,-1.8018749e-06
RIN2,-1.8019044e-06
CHIC1,-1.8025974e-06
LSM1,-1.8030396e-06
SLC39A4,-1.8031606e-06
RANBP1,-1.8043394e-06
SLC25A3,-1.8045388e-06
CD79B,-1.8050223e-06
SLC45A4,-1.8055434e-06
SNU13,-1.8061336e-06
CASP4,-1.8064674e-06
GAB3,-1.8066991e-06
SCYL2,-1.8077171e-06
RNA5SP317,-1.8101259e-06
CEP85,-1.8106617e-06
UBE2J1,-1.8107215e-06
CABCOCO1,-1.8111607e-06
TRMT112P6,-1.811623e-06
PDK1,-1.8128039e-06
ZNF185,-1.8132422e-06
FCGR2A,-1.814128e-06
LOC124900217,-1.8149967e-06
SNRPB,-1.8158022e-06
NCAPG,-1.817299e-06
EEFSEC,-1.817535e-06
ANGPTL6,-1.8188833e-06
RBM6,-1.8188924e-06
NACA,-1.8198147e-06
TERF2IP,-1.8205744e-06
SPTBN1-AS2,-1.8208478e-06
TFAP2A,-1.8217593e-06
RUBCN,-1.8222399e-06
ACVR2B-AS1,-1.8223412e-06
PROCR,-1.8230115e-06
ARVCF,-1.8232686e-06
PPIAP11,-1.8235768e-06
SAMD5,-1.8241872e-06
RNASEH1,-1.8248824e-06
COL4A2,-1.8251114e-06
CACUL1,-1.8257375e-06
EP400,-1.8267878e-06
FRMD5,-1.8280226e-06
KCNK6,-1.8287535e-06
CAPS,-1.8287558e-06
PSMC3IP,-1.8287809e-06
ARMC2,-1.8296703e-06
MVD,-1.8297937e-06
RBL2,-1.830462e-06
ABI3BP,-1.8310091e-06
RPS20P33,-1.8314126e-06
MSLN,-1.8321513e-06
RPL6P27,-1.832754e-06
GABRG2,-1.832929e-06
FRMPD3,-1.8339596e-06
PER1,-1.835485e-06
PID1,-1.835561e-06
WASH3P,-1.8365484e-06
RGL2,-1.8366895e-06
FBXL17,-1.8382044e-06
WWC2,-1.8389703e-06
TPM1,-1.8390855e-06
NONO,-1.8391668e-06
TMEM278,-1.8440254e-06
DHRS7B,-1.8441975e-06
GMFB,-1.8451507e-06
ASCC2,-1.8454848e-06
TMEM92-AS1,-1.8463394e-06
ZBTB8A,-1.846532e-06
ZDHHC16,-1.8470726e-06
PHLPP2,-1.8473758e-06
TOX4,-1.8474225e-06
ANGPTL4,-1.8499511e-06
DGCR5,-1.8509701e-06
SLC16A13,-1.8512361e-06
RIC8A,-1.851829e-06
AKAP3,-1.8521379e-06
RPS27P4,-1.8531276e-06
CDK19,-1.8548042e-06
TBC1D22A,-1.855924e-06
CCDC28B,-1.8575588e-06
TADA2A,-1.8580813e-06
NAB1,-1.858212e-06
FAM161A,-1.8583255e-06
SKAP2,-1.8599208e-06
MIB2,-1.8601434e-06
UQCRHL,-1.8603338e-06
PDE4DIPP4,-1.8608858e-06
FBXL5,-1.861695e-06
SMIM26,-1.8620802e-06
PBRM1,-1.8622637e-06
RPS18P5,-1.8623624e-06
EPHA4,-1.8628111e-06
MGAT1,-1.8634111e-06
VASP,-1.8647463e-06
RPL14,-1.8647834e-06
SH3BGRL,-1.8655081e-06
NOSIP,-1.8664845e-06
RPL23AP81,-1.8678927e-06
HAPLN3,-1.867918e-06
NOP16,-1.869783e-06
PEX2,-1.8706796e-06
COQ10A,-1.8707542e-06
MRPS34,-1.8711039e-06
ARFRP1,-1.871739e-06
S100A9,-1.8719551e-06
RIPOR3,-1.8721885e-06
TMED2,-1.8726754e-06
EBF1,-1.8734215e-06
DNAJB11,-1.8734474e-06
TCF4,-1.8764919e-06
ZNF229,-1.8767183e-06
B9D2,-1.8768473e-06
MYLK,-1.8777431e-06
BIRC5,-1.8807864e-06
FLVCR1-DT,-1.8808571e-06
ATP13A5-AS1,-1.8814293e-06
ZNF415,-1.8821978e-06
ATP8B2,-1.8832103e-06
MRPL27,-1.8837695e-06
RNU6-1110P,-1.8844809e-06
CINP,-1.8845287e-06
ZFP30,-1.8851343e-06
LMBRD2,-1.8851775e-06
RPL36AL,-1.8871841e-06
ETV5-AS1,-1.8872976e-06
TRIAP1,-1.8874564e-06
KIAA1614,-1.8874748e-06
PPIAP13,-1.8882668e-06
CEP104,-1.8890024e-06
CABP4,-1.8918232e-06
KATNA1,-1.8920559e-06
PHACTR4,-1.8929131e-06
SRGAP3,-1.893917e-06
PIK3CD-AS2,-1.8951752e-06
LRRC4B,-1.895275e-06
ZNF236-DT,-1.8956586e-06
RBX1P2,-1.8957047e-06
MED21,-1.8957687e-06
CEP20,-1.8961533e-06
NDUFA3P4,-1.8962199e-06
RPL8P4,-1.8967094e-06
RPL23AP82,-1.8968486e-06
ACSL6-AS1,-1.8969961e-06
PLIN2,-1.8981484e-06
LCP2,-1.8997425e-06
CDKN2A,-1.9006276e-06
IRF2BPL,-1.9015381e-06
CZIB,-1.9031286e-06
BMP4,-1.9047523e-06
RPL13P12,-1.9056353e-06
TTC9,-1.9063726e-06
LAMTOR4,-1.9065412e-06
RPS26P3,-1.9067386e-06
HPF1,-1.9076201e-06
PKMP4,-1.9077313e-06
BST1,-1.907931e-06
SNORD12C,-1.9079946e-06
U2AF2,-1.9081372e-06
RANBP2,-1.9090628e-06
NEDD8,-1.9092793e-06
PCED1B,-1.909427e-06
MLH3,-1.9096065e-06
CCDC82,-1.91201e-06
NECAP2,-1.9126583e-06
CD79A,-1.912688e-06
ZNF100,-1.9149118e-06
FAUP1,-1.9153708e-06
CD300C,-1.915595e-06
COL4A5,-1.916151e-06
LRP1B,-1.9173979e-06
RAB34,-1.9181366e-06
SKIC2,-1.9190866e-06
HUS1,-1.9192828e-06
HEBP2,-1.9193078e-06
SVEP1,-1.9198262e-06
RPS10P1,-1.9200984e-06
CENPN,-1.9202862e-06
PSMB6,-1.9208128e-06
CACNG4,-1.9215222e-06
FSTL3,-1.9216202e-06
ALDH7A1,-1.9216814e-06
ZNF598,-1.9232862e-06
RHBG,-1.9239244e-06
CSTA,-1.9242402e-06
SYN3,-1.9246597e-06
PYCR1,-1.9250529e-06
ZNF22-AS1,-1.9252066e-06
FABP5P2,-1.9254037e-06
FOXQ1,-1.925863e-06
UBE2Q2,-1.9259805e-06
CRTC1,-1.926066e-06
COX6B1,-1.9263323e-06
TUB,-1.9270299e-06
ABCB10,-1.9272375e-06
RSPH3,-1.9288275e-06
PANX2,-1.9288907e-06
TMEM223,-1.9294268e-06
SNHG12,-1.929431e-06
ZNF675,-1.9306294e-06
ZNHIT1,-1.9308668e-06
EEF1AKMT4,-1.9317908e-06
SOWAHC,-1.9319277e-06
ZFP82,-1.9319496e-06
INPP4A,-1.9321524e-06
FTH1P2,-1.9322167e-06
MAGI2,-1.9323204e-06
FABP5P7,-1.932477e-06
SNHG19,-1.9333077e-06
MRPL58,-1.9333895e-06
GSTM2,-1.9336999e-06
PSMB10,-1.9337617e-06
MED13L,-1.93386e-06
HLA-DPA3,-1.9342306e-06
DNAJC30,-1.934729e-06
SNRPF,-1.935884e-06
LRIG2,-1.9362953e-06
SNORC,-1.9363083e-06
AMZ2,-1.9367276e-06
KBTBD12,-1.936808e-06
MIR9-3HG,-1.9373463e-06
ATP6V1E1,-1.9376705e-06
TAF13,-1.9387096e-06
SYNE1,-1.9392185e-06
TRH,-1.939962e-06
MIS18BP1,-1.9404267e-06
DOCK2,-1.9405097e-06
ASTN2,-1.9412355e-06
KYAT3,-1.9414995e-06
SNHG14,-1.9429856e-06
ARC,-1.9430488e-06
PNPLA2,-1.9439624e-06
SLC34A3,-1.9449246e-06
DPCD,-1.9464674e-06
TYK2,-1.9467748e-06
KCTD16,-1.947292e-06
NFATC4,-1.9480292e-06
CSTF3,-1.9480458e-06
SH3BGR,-1.9482843e-06
RPS15,-1.9490258e-06
MORF4L1,-1.9503482e-06
USP31,-1.9507595e-06
PTPN6,-1.9507943e-06
PTAFR,-1.950829e-06
NAP1L1,-1.9511813e-06
SACK1D,-1.9514325e-06
GNAZ,-1.95161e-06
RPL12P4,-1.9531124e-06
PDSS2,-1.953596e-06
RNU6-322P,-1.9538381e-06
NDUFB5,-1.9545282e-06
ONECUT2,-1.9545566e-06
NIF3L1,-1.9548959e-06
CORO1B,-1.9565366e-06
CDC42,-1.9573229e-06
ARRDC2,-1.958495e-06
ZNF483,-1.9588126e-06
IQSEC1,-1.959465e-06
NBPF9,-1.9595998e-06
ATP1A2,-1.9597114e-06
HAPSTR2,-1.9611787e-06
SLC23A2,-1.9612355e-06
FOXP4,-1.9616157e-06
PKMYT1AR,-1.9619547e-06
TMEM255A,-1.9627246e-06
ZNF626,-1.9631161e-06
TMEM222,-1.9632935e-06
LMNTD2,-1.9634274e-06
RPS26P39,-1.964401e-06
RPS19P1,-1.964587e-06
VPS37D,-1.9647632e-06
PITPNM1,-1.9648285e-06
PXMP2,-1.9649617e-06
COBLL1,-1.9650276e-06
VAMP5,-1.9652066e-06
HGSNAT,-1.966823e-06
WARS2,-1.9671015e-06
PSMA6P1,-1.968753e-06
RNU6-1157P,-1.9689403e-06
ZFPM2,-1.9694053e-06
CXCL2,-1.9695253e-06
PHF10,-1.9716463e-06
SERTAD4BP,-1.9717336e-06
SRSF1,-1.972216e-06
DNAJC25,-1.9732993e-06
PPM1K,-1.9735323e-06
TSFM,-1.9740592e-06
TAF9,-1.9750764e-06
DENND3-AS1,-1.976333e-06
IGKV3-11,-1.9766637e-06
HLF,-1.9786887e-06
FTH1P5,-1.9787667e-06
TRAP1,-1.9790673e-06
RCC2,-1.9792853e-06
ZNF862,-1.9815795e-06
DNAJC8P2,-1.9817353e-06
VSTM4,-1.9818758e-06
MBNL1,-1.9820297e-06
TRIR,-1.9837905e-06
MRFAP1L2,-1.9863712e-06
UBXN8,-1.9864674e-06
PHYHD1,-1.9919764e-06
ZNF496,-1.9925549e-06
NHP2P1,-1.9931122e-06
CHAD,-1.9944002e-06
GALNT6,-1.9948345e-06
LINC01497,-1.995225e-06
SNORD91B,-1.9954455e-06
INMT,-1.997718e-06
LAMB3,-1.998684e-06
RFX2-AS2,-1.9991924e-06
RPS13P2,-1.9998777e-06
CXCR3,-2.0001562e-06
GPR135,-2.000534e-06
IQCB1,-2.0018363e-06
IGFBP4,-2.0025923e-06
FAM177B,-2.0026325e-06
TNRC18,-2.0028738e-06
BRMS1L,-2.0052594e-06
CORO1A,-2.0052707e-06
COPS8,-2.007e-06
MMACHC,-2.007898e-06
SNPH,-2.0081852e-06
DAD1,-2.009846e-06
TBRG4,-2.0111386e-06
LOC124901526,-2.0111495e-06
ATP13A4,-2.0131006e-06
ZNF532,-2.013641e-06
SPECC1-DT,-2.013744e-06
STK4,-2.0139082e-06
C2CD2,-2.014102e-06
ALG1L1P,-2.014191e-06
TES,-2.0142215e-06
CHAF1B,-2.014596e-06
SCARF2,-2.0147181e-06
IGSF9,-2.014847e-06
PSMC6,-2.0149898e-06
IFT122,-2.015163e-06
DHX40,-2.0160965e-06
MIR4257,-2.0162206e-06
RTN3,-2.016846e-06
MAP1S,-2.0179189e-06
SLC7A1,-2.0196949e-06
HPS3,-2.02181e-06
IGHMBP2,-2.0220173e-06
PRRG3,-2.022373e-06
SVBP,-2.023185e-06
SMPDL3A,-2.0233279e-06
SNORA22,-2.023826e-06
RNU4-22P,-2.0240204e-06
PDE6B-AS1,-2.0246487e-06
ZFP62,-2.0247076e-06
VCP,-2.0253833e-06
RPL7AP70,-2.0257826e-06
PRPF3,-2.0264674e-06
ESS2,-2.0271154e-06
FFAR4,-2.027686e-06
PICSAR,-2.028221e-06
VPS54,-2.028308e-06
CD14,-2.0283137e-06
DSCC1,-2.028976e-06
USF2,-2.0304526e-06
ANAPC2,-2.030549e-06
GNG2,-2.0307198e-06
ZNF646,-2.0308676e-06
POLH,-2.0311975e-06
LINC03070,-2.031363e-06
MANEA,-2.0334478e-06
PCDHB2,-2.0337736e-06
CCNB2,-2.0346374e-06
NENF,-2.0355224e-06
SPON1,-2.0361726e-06
TMEM176B,-2.0371401e-06
UTP4,-2.0372047e-06
PPP4C,-2.0383159e-06
F8,-2.0395864e-06
ANXA7,-2.0400375e-06
FZD9,-2.040524e-06
CCN4,-2.0410394e-06
IGFLR1,-2.042147e-06
MAPK7,-2.0422867e-06
PIGC,-2.042485e-06
USPL1,-2.0437096e-06
BPIFB2,-2.0443968e-06
SLC6A16,-2.0445302e-06
TMEM134,-2.044838e-06
LINC01503,-2.0450977e-06
FGD5,-2.0451664e-06
KCNIP4,-2.0457458e-06
MRPL33,-2.0462342e-06
E2F2,-2.0464227e-06
SLC35F5,-2.046555e-06
FGF17,-2.0472326e-06
GNB1L,-2.0476016e-06
TRIM2,-2.048412e-06
SIDT1,-2.0487566e-06
CERS4,-2.0490743e-06
NANOS1,-2.0493767e-06
PLEKHA8,-2.0505158e-06
HMGN2P4,-2.051162e-06
RN7SKP180,-2.051553e-06
TNKS2-DT,-2.0531077e-06
DENND2D,-2.05326e-06
LINC01602,-2.0538293e-06
SRGAP2D,-2.0547905e-06
H1-5,-2.055771e-06
BNIP3P11,-2.0560774e-06
RRP9,-2.056187e-06
MRPL23,-2.0569219e-06
ZCCHC7,-2.0570626e-06
RAE1,-2.0572545e-06
FAM13C,-2.0578968e-06
CLIP3,-2.0590514e-06
ZWINT,-2.0599891e-06
PMF1,-2.0603059e-06
RPL5P9,-2.0610655e-06
BOP1,-2.0611774e-06
XYLT1,-2.0612824e-06
RN7SL399P,-2.061904e-06
QRSL1,-2.0634952e-06
HCG22,-2.0636598e-06
DDIT4,-2.065714e-06
COL25A1,-2.0661068e-06
H4C9,-2.0663852e-06
IFI27L2,-2.0665027e-06
RNGTT,-2.067754e-06
NCAM1-AS1,-2.0680611e-06
ALDH2,-2.0692805e-06
FGL1,-2.0696466e-06
TPP2,-2.070338e-06
DCAF12,-2.0704808e-06
TNRC6C,-2.0706655e-06
NUP88,-2.0722252e-06
FBXL18,-2.0723028e-06
MIR339,-2.0738378e-06
GCSHP5,-2.0740397e-06
ST7,-2.074129e-06
ZFTA,-2.0741895e-06
VPS9D1-AS1,-2.075456e-06
CYB561A3,-2.07566e-06
BCL7C,-2.0757611e-06
MTND4P24,-2.0760717e-06
KLHDC8A,-2.0762488e-06
RPS19,-2.0764962e-06
MIR657,-2.0765597e-06
DBF4,-2.076838e-06
ACTL6A,-2.0772736e-06
DRD1,-2.0781051e-06
DOK2,-2.0782056e-06
KLHL24,-2.07836e-06
PFKP-DT,-2.081951e-06
RNU6-88P,-2.0835193e-06
TAF9P3,-2.0835944e-06
METAP1D,-2.0837224e-06
MTNAP1,-2.0839732e-06
FAM78A,-2.0841435e-06
SIN3B,-2.0842401e-06
DENND6B,-2.0842856e-06
ARSA,-2.0857278e-06
LGR5,-2.08598e-06
NUDT21,-2.0862879e-06
GSTT2,-2.0864468e-06
LOC124904642,-2.0877485e-06
PRSS27,-2.0880486e-06
UBE2S,-2.0880645e-06
IFFO1,-2.0880757e-06
CHMP4C,-2.090293e-06
ABHD13,-2.093478e-06
NPW,-2.0947377e-06
ALOX5,-2.0947798e-06
RMP24,-2.0949417e-06
PPP1R12A,-2.0951966e-06
RECK,-2.0966165e-06
KIF14,-2.097313e-06
PDCD6IP,-2.0977634e-06
TMEM230,-2.09782e-06
TSPAN17,-2.0984387e-06
LATS1,-2.0999416e-06
TUBBP6,-2.1001404e-06
SDHC,-2.1008545e-06
ASCL1,-2.101801e-06
CCNB1,-2.1018618e-06
DYNLT3,-2.1020562e-06
TREML3P,-2.1031124e-06
CENPH,-2.1048959e-06
CFD,-2.1050064e-06
TFDP2,-2.1053022e-06
NADK2-AS1,-2.1056183e-06
FTH1P23,-2.1071478e-06
LINC00853,-2.1072917e-06
JMJD1C,-2.1082722e-06
PLA2G4C,-2.1093276e-06
RAB12,-2.1099218e-06
PNMA8C,-2.111996e-06
C1orf53,-2.1120284e-06
H1-3,-2.11311e-06
MIR4730,-2.1132412e-06
THAP11,-2.1142907e-06
RPL6,-2.1145818e-06
ABCC10,-2.11467e-06
RNU6-574P,-2.1152448e-06
DUSP6,-2.115445e-06
SFXN3,-2.1167493e-06
CENPI,-2.1168341e-06
ZNF627,-2.1168667e-06
MEIS2,-2.117363e-06
ZNF547,-2.1177589e-06
JAK2,-2.1184012e-06
DACH1,-2.1187486e-06
QRICH1,-2.119068e-06
LINC01426,-2.1193596e-06
HDGFP1,-2.1201317e-06
RPL7,-2.121085e-06
KLHDC9,-2.1232781e-06
CWC15,-2.1233825e-06
LRRC32,-2.1240933e-06
SIPA1,-2.1244073e-06
C19orf18,-2.1262647e-06
ILRUN-AS1,-2.126622e-06
S100A8,-2.1267758e-06
MAP3K14,-2.1271337e-06
AP1AR,-2.1273e-06
IGFL3,-2.1273286e-06
VENTX,-2.1274095e-06
ZNF652,-2.1279136e-06
TERF2,-2.1281662e-06
CDC7,-2.1285093e-06
HSPB1P1,-2.1286774e-06
FEZ1,-2.1287779e-06
NF1,-2.129751e-06
PSRC1,-2.1304916e-06
C16orf87,-2.130583e-06
RPS27AP11,-2.1310443e-06
CBLN1,-2.1310839e-06
EEF1A1P38,-2.1320457e-06
TUBGCP3,-2.1326023e-06
CHRNA4,-2.1333203e-06
NUDCD3,-2.1337564e-06
SPR,-2.134305e-06
AASDH,-2.134824e-06
ANKRD30BL,-2.1348937e-06
ADIG,-2.135511e-06
KLF7,-2.1358705e-06
RMC1,-2.136491e-06
ZMYM3,-2.1368355e-06
DNAH10OS,-2.1373564e-06
TAF4,-2.1383096e-06
MPRIPP1,-2.1385717e-06
TACC3,-2.1387657e-06
HOXB3,-2.1392286e-06
CDC42SE1,-2.1394333e-06
ALKBH2,-2.1397097e-06
TMEM170B,-2.1412777e-06
TMEM218,-2.1427468e-06
NEK9,-2.145881e-06
GIMAP1,-2.1459723e-06
CD38,-2.14598e-06
BCCIP,-2.1460166e-06
RPS7P4,-2.1464284e-06
COA4,-2.1475491e-06
C20orf96,-2.1479318e-06
DNAJC15,-2.1480657e-06
TMEM129,-2.1480873e-06
NIP7,-2.148499e-06
RNU6-623P,-2.148849e-06
SLCO4A1-AS1,-2.1489357e-06
NLGN2,-2.1496687e-06
SRRM2,-2.1527353e-06
C1QTNF3,-2.1532796e-06
SESN3,-2.1539001e-06
MLLT3,-2.1540413e-06
SLC25A18,-2.1544665e-06
ZNF620,-2.1549822e-06
C2,-2.1555368e-06
ALDOA,-2.1557246e-06
EIF5-DT,-2.1561139e-06
PHLDB2,-2.1566184e-06
FXYD5,-2.1566827e-06
ITGA4,-2.157691e-06
DCTN6-DT,-2.1578549e-06
RPL12,-2.158041e-06
MINK1,-2.1588073e-06
CD70,-2.159436e-06
FBP1,-2.15976e-06
HJURP,-2.1600201e-06
CHD7,-2.1603394e-06
DUS3L,-2.160878e-06
ELOCP2,-2.161066e-06
C14orf93,-2.16166e-06
ITGB1BP1,-2.1630049e-06
FAM135A,-2.1634721e-06
SLC35H1,-2.1638368e-06
CMTM6,-2.1643752e-06
LINC02939,-2.1651076e-06
PTPRT-DT,-2.1679084e-06
MDGA2,-2.169023e-06
PDCD6P1,-2.170955e-06
QNG1,-2.1720602e-06
SFXN1,-2.172367e-06
MIR23AHG,-2.1728813e-06
UBE2M,-2.1732674e-06
RPL17P39,-2.1736482e-06
TAS2R5,-2.1744943e-06
DAAM2,-2.1747176e-06
IMPA2,-2.1749313e-06
MTND6P22,-2.1762908e-06
LINC01605,-2.1774513e-06
PTPRB,-2.178028e-06
PIK3CG,-2.1780438e-06
RTL10,-2.1789253e-06
HPGDS,-2.1789717e-06
RPL13AP5,-2.180248e-06
TSTD2,-2.1803994e-06
H3P47,-2.1819371e-06
PPARG,-2.182836e-06
S1PR4,-2.183292e-06
WDR11-DT,-2.1833416e-06
PHF12,-2.1836086e-06
HMGA1P8,-2.1843653e-06
RFXAP,-2.1850344e-06
IDH1-AS1,-2.1852336e-06
POLR2L,-2.1853166e-06
R3HCC1,-2.1859094e-06
BAX,-2.1859446e-06
DYNLRB2,-2.186149e-06
PIK3R5-DT,-2.1878298e-06
MBD1,-2.1884675e-06
DGCR6L,-2.1895314e-06
SAMD10,-2.1904384e-06
MNT,-2.1907415e-06
PCBD1,-2.1912606e-06
PXN,-2.193686e-06
H4C2,-2.193754e-06
CCL24,-2.19406e-06
LRFN2,-2.194194e-06
CIPC,-2.1952605e-06
EPOP,-2.1952742e-06
RPS3AP26,-2.1962278e-06
SLC45A3,-2.1968417e-06
PLEKHG2,-2.1973262e-06
LLGL2,-2.1985888e-06
TMEM182,-2.1994235e-06
GRM1,-2.1997666e-06
C1GALT1C1,-2.2002655e-06
COQ10B,-2.201191e-06
MED27,-2.2018924e-06
RPLP1,-2.2019135e-06
CD63-AS1,-2.2019346e-06
COMMD2,-2.2022111e-06
CREBBP,-2.202699e-06
FANCC,-2.2034694e-06
STOM,-2.2036e-06
CEP295,-2.2040208e-06
ZEB1-AS1,-2.204041e-06
EBF4,-2.2048423e-06
RNF113A,-2.2073643e-06
TUSC3,-2.2096872e-06
MALT1,-2.2098043e-06
LOC105373299,-2.210146e-06
DLL1,-2.2107122e-06
C2orf76,-2.210739e-06
ECI1,-2.2121387e-06
NCKAP1L,-2.2122958e-06
AURKC,-2.2134861e-06
LOC119746555,-2.2140377e-06
GRIA1,-2.2159672e-06
SSBP2,-2.2161526e-06
TRIM6,-2.2178922e-06
MMP16,-2.217947e-06
EFNA3,-2.2186289e-06
WNT5A,-2.2188394e-06
ITGA1,-2.2195152e-06
CHML,-2.2201941e-06
PIP4K2B,-2.2212726e-06
C5orf34,-2.2213333e-06
GOLGA7,-2.2217444e-06
RHCG,-2.2221723e-06
CKS1B,-2.2228935e-06
RPL8,-2.2235804e-06
CLEC10A,-2.22381e-06
ADAM8,-2.2243307e-06
GOLGA3,-2.2246663e-06
LINC00578,-2.2262113e-06
SNHG1,-2.2268705e-06
SF3B1,-2.227345e-06
DENND3,-2.22786e-06
ATE1,-2.2307336e-06
RTKN2,-2.2309744e-06
IFITM10,-2.2314757e-06
PRIM2,-2.232019e-06
RLIG1,-2.233e-06
UBE2D4,-2.2330585e-06
PPP1R9B,-2.2333506e-06
ROBO1,-2.2334139e-06
TCP11L2,-2.234168e-06
NBEA,-2.2341833e-06
ALDH1L2,-2.2342365e-06
ACBD6,-2.23595e-06
NDUFC1,-2.2371512e-06
LRRC25,-2.2372408e-06
ALKBH3,-2.2379431e-06
ARF4,-2.238225e-06
TK1,-2.2393363e-06
RNF41,-2.2398904e-06
CIAO2A,-2.2402849e-06
MGC16275,-2.2404608e-06
TSPYL5,-2.2413628e-06
ALG5,-2.2421539e-06
LOC101929130,-2.242198e-06
PEX39,-2.242311e-06
MEIS3P2,-2.2425825e-06
FAM193B-DT,-2.244786e-06
RPL29P26,-2.2448073e-06
PSMA7,-2.2455679e-06
LMF1,-2.2458146e-06
IMMP2L,-2.2462032e-06
RASSF2,-2.246555e-06
DIPK1C,-2.2481931e-06
DCXR-DT,-2.2490249e-06
TXNDC15,-2.25224e-06
TPM3P5,-2.25345e-06
RPS10P22,-2.2537834e-06
RPL28P5,-2.2542085e-06
MT-TL1,-2.2544004e-06
PRRG1,-2.2544355e-06
CXCL12,-2.2544837e-06
PDCD5,-2.2547574e-06
ADCY9,-2.255259e-06
GJA4,-2.2559943e-06
KAT8,-2.2561408e-06
NME9,-2.25646e-06
GSR,-2.2574504e-06
SEC61B,-2.2582426e-06
ZFAND2A,-2.2589984e-06
CPAP,-2.2608879e-06
SAP30-DT,-2.2610482e-06
BIRC6,-2.2616223e-06
RNF216-IT1,-2.2620102e-06
UBE2T,-2.2631605e-06
UXT,-2.2637769e-06
ZDHHC6,-2.2642066e-06
AZGP1,-2.2645286e-06
LINC02361,-2.2662534e-06
CHAC2,-2.2668612e-06
SCN2B,-2.2669094e-06
BTBD6,-2.267041e-06
CASTOR2,-2.2674242e-06
RAPGEF2,-2.2678305e-06
RPL27A,-2.2684505e-06
MTF2,-2.269587e-06
CSK,-2.2706802e-06
LAMTOR5,-2.2720208e-06
MIR4263,-2.2723316e-06
RPS27P17,-2.2732127e-06
SNORA68B,-2.273394e-06
RPL19,-2.2737863e-06
PSD4,-2.2748789e-06
POFUT2,-2.2756617e-06
CHD9,-2.2760692e-06
TEKTIP1,-2.2795125e-06
RAD54L2,-2.2806446e-06
IFI44,-2.2809386e-06
MIR4453HG,-2.280943e-06
TAGAP,-2.281021e-06
ANKRD22,-2.2821123e-06
LINC02762,-2.282505e-06
NR1D2,-2.282798e-06
SIK3,-2.2836462e-06
PTGIR,-2.2837487e-06
C1orf122,-2.2838117e-06
MARF1,-2.284241e-06
MAF1,-2.2848e-06
ECHDC3,-2.2855086e-06
GIMAP2,-2.285747e-06
TTF2,-2.285972e-06
MMADHC,-2.2870647e-06
CD84,-2.288082e-06
TNR,-2.2885777e-06
MIR331,-2.2912352e-06
SMIM14,-2.292689e-06
RGR,-2.2930014e-06
LINC03048,-2.2940308e-06
SLX9,-2.2947274e-06
SPHKAP,-2.2947888e-06
ZC3H3,-2.2948857e-06
LMNB1,-2.2949796e-06
KIF18B,-2.2950426e-06
LSR,-2.2969718e-06
GTF2H5,-2.2988477e-06
NCOR2,-2.2989645e-06
LOC124900516,-2.3003763e-06
PPM1D,-2.3012901e-06
PTGES3P2,-2.301408e-06
SRSF11,-2.302425e-06
PRELP,-2.3032546e-06
MIR3125,-2.3046018e-06
FAM76B,-2.3048603e-06
RPS24,-2.3054645e-06
TUSC2,-2.3069215e-06
SRM,-2.3076527e-06
RPL27AP6,-2.307688e-06
ALPK2,-2.3078144e-06
HMGN1P24,-2.3083571e-06
NCEH1,-2.3083599e-06
ARPC1A,-2.309342e-06
ATOX1,-2.3100556e-06
TTPA,-2.3110854e-06
NEBL-AS1,-2.3114178e-06
ZNF577,-2.3114183e-06
YDJC,-2.3117652e-06
PPIAP22,-2.3124157e-06
KDM7A-DT,-2.3129548e-06
CLTB,-2.313142e-06
GPR37,-2.3145064e-06
TMEM63A,-2.3156053e-06
ENDOG,-2.3163973e-06
TIMM9,-2.316876e-06
TIMM17A,-2.3190853e-06
PRTFDC1,-2.319735e-06
DMRT2,-2.3198154e-06
SELENOP,-2.3199077e-06
GBP3,-2.3201335e-06
GSAP,-2.320145e-06
DYNLL1P1,-2.3210355e-06
MEX3A,-2.3216285e-06
RBM11,-2.325054e-06
SLCO5A1,-2.3265318e-06
ATOSB,-2.328142e-06
SLITRK4,-2.3291004e-06
PROSER3,-2.330071e-06
ATP2A3,-2.3308899e-06
PLBD1,-2.331135e-06
BCAS2,-2.333371e-06
HECA,-2.3336859e-06
C2CD5-AS1,-2.3344742e-06
DNAJC8,-2.335132e-06
FAR1,-2.335167e-06
UBE2SP1,-2.3355142e-06
CUEDC1,-2.3357386e-06
LINC01023,-2.335928e-06
DRC2,-2.336645e-06
SLA,-2.337707e-06
RBM26,-2.3391983e-06
PAFAH1B1,-2.3394086e-06
FMNL3,-2.3395228e-06
BNC2-AS1,-2.3398227e-06
GALNT12,-2.3409068e-06
LINC00920,-2.3417454e-06
MIR4458HG,-2.3419232e-06
PDE6D,-2.3433508e-06
CUL9,-2.3438506e-06
EIF3FP3,-2.3440398e-06
TPCN1,-2.344281e-06
XPA,-2.3446948e-06
MARK4,-2.3458065e-06
CCZ1B,-2.346817e-06
UBE2A,-2.3472e-06
RPL28,-2.3478824e-06
RRP7A,-2.3484245e-06
MIR155HG,-2.3499488e-06
CCDC160,-2.350984e-06
RCSD1,-2.3513655e-06
ZFP37,-2.3517973e-06
BLTP3B,-2.3523355e-06
DSTN,-2.3530229e-06
LINC-PINT,-2.3532712e-06
ZNF529,-2.3544587e-06
CHST8,-2.3558182e-06
BAZ2A,-2.3558719e-06
RPS2P29,-2.356126e-06
GSK3A,-2.3564937e-06
CCDC92,-2.3569332e-06
ADAMTS17,-2.3571067e-06
APOOL,-2.3588154e-06
LINC01765,-2.3595042e-06
AIRE,-2.3597913e-06
ABCB4,-2.359917e-06
AKAP11,-2.360618e-06
GLRX,-2.3609987e-06
OST4,-2.3611722e-06
TSPAN14,-2.3617931e-06
MPG,-2.3624389e-06
SLC26A11,-2.3625705e-06
NOP56,-2.3631935e-06
ZNF121,-2.3633613e-06
PHB2,-2.3636385e-06
SLC2A5,-2.3648538e-06
HSPE1P2,-2.3654443e-06
LYPLA1,-2.365451e-06
PGLS,-2.3655846e-06
MRI1,-2.3656153e-06
SLC37A3,-2.3663188e-06
CCR1,-2.366433e-06
ADRA2C,-2.3673274e-06
LILRA5,-2.3677203e-06
EZH1,-2.368787e-06
QPCTL,-2.369483e-06
GARIN5A,-2.369745e-06
RPS21-DT,-2.3703906e-06
DOC2B,-2.3705059e-06
SPACDR,-2.3708944e-06
TSPAN4,-2.371441e-06
RNU6-45P,-2.3718587e-06
ZNF214,-2.3722735e-06
STMN3,-2.373167e-06
GBGT1,-2.3741713e-06
MRFAP1P1,-2.3743378e-06
PIKFYVE,-2.3748232e-06
ASIC1,-2.3751027e-06
HTRA4,-2.3758205e-06
LNPEP,-2.3764494e-06
IFNG,-2.3765538e-06
ARID1B,-2.3786909e-06
SPINT1,-2.3795794e-06
NDUFV2P1,-2.3797058e-06
PDCD4,-2.3804155e-06
GSTM3,-2.3807183e-06
LINC02283,-2.3807856e-06
EDN3,-2.3809198e-06
PHF2,-2.3810019e-06
RPL10AP2,-2.3817977e-06
MIF4GD,-2.3819684e-06
RNA5SP530,-2.3835528e-06
SH3BP5,-2.3840353e-06
CBR3,-2.38539e-06
LRCH3,-2.3855866e-06
STX10,-2.3879047e-06
OLIG2,-2.3888988e-06
RPL32P18,-2.3898326e-06
TMEM108,-2.3899172e-06
ECHS1,-2.3907612e-06
PLAGL1,-2.3914738e-06
VWA1,-2.391479e-06
JARID2,-2.3926275e-06
GIMAP6,-2.3941288e-06
GSX2,-2.3949535e-06
ST3GAL2,-2.3950727e-06
PRSS35,-2.3952007e-06
CPAMD8,-2.395207e-06
CH25H,-2.3952796e-06
PGK1P1,-2.3960033e-06
GCK,-2.396152e-06
TUBB2A,-2.3963858e-06
TRIM13,-2.3974162e-06
ITM2B,-2.3988816e-06
NRXN1-DT,-2.3990099e-06
IDH2,-2.3992363e-06
SCG3,-2.3994448e-06
POLI,-2.3999464e-06
SEMA7A,-2.4005528e-06
MXRA5,-2.4005592e-06
AOPEP,-2.4009191e-06
DBH-AS1,-2.4011513e-06
RNU5B-4P,-2.4018607e-06
LOC124904152,-2.406104e-06
MIR149,-2.4063522e-06
TMEM38A,-2.4068916e-06
TOPORS,-2.407227e-06
PHB1,-2.4074768e-06
NAA60,-2.40755e-06
GREB1,-2.407556e-06
RPL11,-2.4090764e-06
SNRPEP2,-2.4093085e-06
CYTOR,-2.4102644e-06
ERBB4,-2.4112692e-06
RASAL3,-2.4119447e-06
SERP1,-2.4122494e-06
SLC35E2B,-2.4124781e-06
TAL1,-2.4124884e-06
PDE4DIPP6,-2.4124975e-06
SLC39A9,-2.4129017e-06
SLAMF6,-2.4131805e-06
TBC1D17,-2.4137462e-06
HMGN2,-2.4144151e-06
ZCCHC9,-2.4155115e-06
ZNF45-AS1,-2.4176036e-06
CFAP221,-2.4205494e-06
OLFML1,-2.421494e-06
FSTL4,-2.4223198e-06
ICA1L,-2.422344e-06
HCLS1,-2.4228773e-06
NIN,-2.4229012e-06
TMEM70,-2.4236492e-06
SRSF10,-2.4245223e-06
COG3,-2.4249007e-06
LPAR1,-2.4251326e-06
ZNF274,-2.4255135e-06
RPL6P19,-2.425529e-06
ZNF74,-2.4258745e-06
RFX8,-2.4272902e-06
ASIC4-AS1,-2.4281553e-06
RPS18,-2.429841e-06
RPS15AP6,-2.430526e-06
CDCA2,-2.4326978e-06
RNF5,-2.4328835e-06
KDM5B,-2.4334968e-06
TACO1,-2.4345522e-06
SCAMP1,-2.4347094e-06
SGCA,-2.4351914e-06
PTGER4P2,-2.4367812e-06
IKZF5,-2.4369199e-06
DYDC2,-2.437585e-06
PABPC1L,-2.4394365e-06
ADORA2B,-2.43947e-06
PALD1,-2.4394847e-06
BBS10,-2.4411352e-06
STON1,-2.4424653e-06
CCDC34,-2.4425444e-06
ADCY6-DT,-2.4431035e-06
CDPF1,-2.4435028e-06
LOC124908058,-2.4442525e-06
PRICKLE2,-2.4457488e-06
EMILIN2,-2.4463961e-06
SLC25A33,-2.4478359e-06
C5orf15,-2.4480275e-06
BNIP3L,-2.4486712e-06
NNMT,-2.4495955e-06
FCN1,-2.4513538e-06
ATMIN,-2.451536e-06
FANCE,-2.452431e-06
ODC1,-2.452489e-06
FUT8,-2.4528226e-06
ALDH16A1,-2.453218e-06
DIAPH3,-2.454138e-06
LINC02440,-2.455577e-06
NTNG2,-2.455983e-06
CPSF1,-2.4566596e-06
NR4A1,-2.4581066e-06
PDCL,-2.4589915e-06
PAPOLA,-2.4590754e-06
KLHL22,-2.4592246e-06
RNU6-388P,-2.4593028e-06
LUCAT1,-2.4604856e-06
FBXO5,-2.462223e-06
RNU6-8,-2.4633823e-06
TBR1,-2.4642181e-06
PRKCB,-2.4644335e-06
CENPK,-2.46544e-06
ZSCAN18,-2.4656385e-06
RPS29P8,-2.46642e-06
LSM3,-2.4667054e-06
MIR573,-2.4679382e-06
KATNIP,-2.4687633e-06
CCDC138,-2.4689168e-06
SMPD5,-2.4695446e-06
PPT2,-2.46982e-06
SNHG30,-2.469881e-06
ZNF436-AS1,-2.470846e-06
RPSAP61,-2.4708602e-06
VPS25,-2.471146e-06
RPL13AP16,-2.4712665e-06
DISP3,-2.4714807e-06
SYTL2,-2.4718836e-06
COX7A1,-2.4720794e-06
JADE3,-2.4729852e-06
TOMM22,-2.4731237e-06
PPP2R2A,-2.4732465e-06
STRAP,-2.4740896e-06
BTF3L4,-2.4749042e-06
ADAMDEC1,-2.4749868e-06
FKBP7,-2.475476e-06
CLCA2,-2.4754834e-06
PEX5,-2.4760695e-06
HOXB-AS1,-2.4769759e-06
DDB2,-2.4770259e-06
MRPL3,-2.4770395e-06
RPL17P7,-2.4788949e-06
NT5C2,-2.4794376e-06
HNRNPDL,-2.479713e-06
ADGRE1,-2.4797623e-06
SEZ6L,-2.4805395e-06
RNASEH2C,-2.4806654e-06
MYO5A,-2.4807225e-06
ARHGAP24,-2.4811043e-06
DOCK4,-2.4811825e-06
NNAT,-2.482695e-06
IL24,-2.4831818e-06
IFI27,-2.483478e-06
SF3B5,-2.4845224e-06
DPEP1,-2.4854517e-06
OPTN,-2.4868164e-06
FBXL12,-2.4874776e-06
H4C8,-2.4878677e-06
EIF3EP3,-2.4891995e-06
DCP2,-2.4893766e-06
DNAJC3-DT,-2.4901642e-06
PLK4,-2.4909095e-06
STX12,-2.4921821e-06
UBBP1,-2.4929598e-06
RPL18AP11,-2.4931614e-06
GSE1-AS1,-2.4937033e-06
RPLP1P6,-2.4948317e-06
SUMO1P3,-2.495109e-06
RAN,-2.4959481e-06
RPS28P7,-2.4962828e-06
SLC25A39,-2.4964484e-06
SKA3,-2.496485e-06
MAP7D1,-2.4965198e-06
LAMC1-AS1,-2.4997994e-06
SAMM50,-2.5001657e-06
MRPL41,-2.5005033e-06
FBLIM1,-2.5012446e-06
HSD11B2,-2.5023062e-06
PLCG1-AS1,-2.5038757e-06
FCGR3A,-2.5075346e-06
RNU6-856P,-2.5093284e-06
ARL4D,-2.5101347e-06
DIP2C-AS2,-2.510304e-06
CTNNA1-AS1,-2.5107734e-06
FNIP2,-2.5116096e-06
ZNF501,-2.5127713e-06
RAD52,-2.5129834e-06
ASGR2,-2.5131308e-06
KIF1A,-2.5131997e-06
ZNF184,-2.5137015e-06
ZNF678,-2.514612e-06
CTSV,-2.515453e-06
LOC105374174,-2.5168513e-06
LOC124900442,-2.5177324e-06
ATP5MC3,-2.5179863e-06
SERPINB9,-2.518173e-06
SHARPIN,-2.5200447e-06
SELPLG,-2.5201605e-06
RPS7P1,-2.520803e-06
C19orf81,-2.5220436e-06
NDUFB10,-2.5249092e-06
OFD1,-2.5261231e-06
SH3TC1,-2.5262996e-06
RUNX1T1,-2.5276515e-06
STAT5B,-2.5290965e-06
IVNS1ABP,-2.5293689e-06
ZNF571-AS1,-2.5297372e-06
SLC9A7,-2.5304412e-06
ZNF232,-2.5306283e-06
MSANTD7,-2.5309369e-06
RNU4-78P,-2.5316929e-06
ZFP1,-2.532067e-06
DCXR,-2.5322925e-06
ACTR5,-2.5323845e-06
MIR570,-2.5348568e-06
MTHFD2,-2.5350375e-06
RPL23P8,-2.535288e-06
BZW2,-2.5356837e-06
NFIA-AS2,-2.5386598e-06
ZNF749,-2.5403422e-06
NME2P1,-2.5404288e-06
ARHGAP45,-2.5406544e-06
XAF1,-2.5410895e-06
COMMD8,-2.541828e-06
KIF19,-2.5433742e-06
LOC124909426,-2.5434508e-06
SDAD1P1,-2.54509e-06
YWHAG,-2.5477127e-06
VNN1,-2.5478053e-06
AKR1C1,-2.5481145e-06
SPMIP4,-2.55021e-06
RPL30,-2.5523375e-06
RN7SL752P,-2.5524384e-06
AVIL,-2.5544668e-06
NDUFA3,-2.5557097e-06
RPL13A,-2.5563493e-06
COX7CP1,-2.5563736e-06
RPL7AP64,-2.5569232e-06
RPS27A,-2.5576571e-06
LINC02916,-2.5578215e-06
LINC01778,-2.5579154e-06
TRIM33,-2.5579986e-06
RGS19,-2.5585653e-06
MIR6784,-2.5602728e-06
TPMT,-2.5611796e-06
SDS,-2.5612587e-06
RNPS1P1,-2.5638021e-06
SLC16A10,-2.56383e-06
TENT4A,-2.5656773e-06
VANGL1,-2.566027e-06
SRSF8,-2.5665217e-06
CSNK1E,-2.5669594e-06
EIF3E,-2.5670058e-06
HEY2,-2.5674035e-06
SAT1,-2.5685788e-06
TAFA1,-2.5708375e-06
ASPM,-2.5708619e-06
RNF144A,-2.5714e-06
NHERF1,-2.572186e-06
ZNF543,-2.5723346e-06
SELL,-2.5726986e-06
PCDH19,-2.5731058e-06
IFNGR2,-2.5745062e-06
PRDX2,-2.5748845e-06
RNF135,-2.5750294e-06
SEC11C,-2.5750635e-06
BICD2,-2.5752215e-06
GOLPH3-DT,-2.5759289e-06
CCNY,-2.5760748e-06
SUCLA2,-2.5763316e-06
CDC42SE2,-2.5772647e-06
HOMER2,-2.5777656e-06
BTG3,-2.579081e-06
PADI2,-2.579097e-06
MRNIP-DT,-2.5796305e-06
MBTPS2,-2.5804743e-06
PARK7,-2.581392e-06
SLC25A20,-2.5830436e-06
MBNL2,-2.5834556e-06
CDC37L1,-2.5844563e-06
RPS10P16,-2.585194e-06
AKR1A1,-2.5858133e-06
RPL17P34,-2.5862041e-06
DLGAP1-AS2,-2.5863528e-06
GJB5,-2.5869049e-06
LMTK2,-2.5872107e-06
PERPP2,-2.5877416e-06
USB1,-2.587936e-06
MTA3,-2.5880686e-06
FAM219A,-2.5886995e-06
SOBP,-2.589091e-06
ZNF333,-2.5895185e-06
RWDD4P2,-2.5903898e-06
CELF1,-2.5929637e-06
ACTR3B,-2.593172e-06
NBDY,-2.5947313e-06
CICP14,-2.5953495e-06
KLHL6,-2.5956906e-06
PLEK,-2.597001e-06
POU6F1,-2.5980853e-06
MYOM1,-2.5987474e-06
FLNB,-2.6000114e-06
SHD,-2.6005262e-06
ZNF419,-2.6014811e-06
LRG1,-2.6022115e-06
TCF4-AS1,-2.602796e-06
SLC32A1,-2.6028106e-06
KATNBL1,-2.6030038e-06
STOML2,-2.603096e-06
EEF1B2P3,-2.6033101e-06
FAM78B,-2.6048665e-06
ANKRD6,-2.6048924e-06
BLVRA,-2.6053333e-06
RABGGTB,-2.6059543e-06
DISP2,-2.6064452e-06
MIR145,-2.6066873e-06
BRI3BP,-2.607193e-06
C1orf94,-2.6075559e-06
ZBTB26,-2.6075718e-06
RNU5B-2P,-2.6076802e-06
MBNL3,-2.6083505e-06
PDE8A,-2.6088364e-06
CCDC12,-2.6088821e-06
PIK3R3,-2.609008e-06
SOX18,-2.6098842e-06
FBXO22,-2.6109249e-06
SYMPK,-2.6119067e-06
KCNB1,-2.6129703e-06
LINC03051,-2.6139676e-06
ZFP90,-2.6140037e-06
MARCKS,-2.6141802e-06
PPIAP31,-2.6159041e-06
CYP27C1,-2.6170287e-06
SFT2D1,-2.6171622e-06
PPP1R21-DT,-2.6195085e-06
PROSER1,-2.620534e-06
RPL39P29,-2.6205967e-06
MRPL20,-2.6213202e-06
AKTIP,-2.6225848e-06
SLC27A5,-2.6232487e-06
NET1,-2.625029e-06
P2RY12,-2.625873e-06
TWIST1,-2.6262212e-06
MTAP,-2.6267485e-06
GNA15,-2.628684e-06
CDC37,-2.6288483e-06
MFN1,-2.6288612e-06
SLC12A6,-2.6290356e-06
EHD3,-2.6300004e-06
ERI3,-2.6309626e-06
RFC5,-2.6315595e-06
PTCRA,-2.6319901e-06
FTH1P12,-2.6319976e-06
PPCS,-2.6328778e-06
NR3C1,-2.6334994e-06
MACIR,-2.6355008e-06
SRSF6P2,-2.6361665e-06
HPR,-2.6364544e-06
PPIL4,-2.6365249e-06
NUDT12,-2.6370376e-06
FAM201B,-2.637073e-06
TTC39C-AS1,-2.637177e-06
RPS15AP1,-2.637728e-06
RNF168,-2.6377936e-06
RPS16P1,-2.6382188e-06
PHACTR3-AS1,-2.6386076e-06
GNMT,-2.6396438e-06
DPM1,-2.6397695e-06
LYRM1,-2.6399962e-06
ZBED8L,-2.6407058e-06
DNASE1L1,-2.6411947e-06
GCLC,-2.642427e-06
ZNF793-AS1,-2.6432294e-06
EMB,-2.64339e-06
IKZF4,-2.6434757e-06
PTS,-2.6449698e-06
FUNDC2,-2.6455587e-06
EAF2,-2.6458852e-06
MRPS7,-2.6459963e-06
YIPF2,-2.6462096e-06
TNRC6A,-2.6488408e-06
RPL7AP30,-2.6492332e-06
EEF1AKMT1,-2.649481e-06
DPY30,-2.6495795e-06
RNF224,-2.6498235e-06
LCK,-2.6510097e-06
MAD2L1BP,-2.6511793e-06
TMEM106C,-2.6514595e-06
TRAPPC2L,-2.6535288e-06
NUDT8,-2.655303e-06
SIGLEC10-AS2,-2.6556222e-06
PHKB,-2.6557211e-06
CCDC59,-2.656333e-06
MEIS3P1,-2.6575437e-06
SMYD3,-2.6578862e-06
BORA,-2.6579826e-06
LY6G5C,-2.658068e-06
NIPSNAP1,-2.6585972e-06
UQCRB,-2.6613084e-06
ZBTB34,-2.6615921e-06
FAM20B,-2.6619377e-06
SELENOKP1,-2.6629214e-06
APBA3,-2.6630837e-06
GPR62,-2.665627e-06
CDK17,-2.6664316e-06
IL2RB,-2.6664993e-06
ANKRD65,-2.6674677e-06
VDAC2,-2.667993e-06
CCSAP,-2.668522e-06
DMAC2L,-2.669749e-06
TOP6BL,-2.6706293e-06
FTH1P20,-2.6719729e-06
MIR221,-2.6733096e-06
PCBP2P2,-2.6735515e-06
PKIB,-2.6736523e-06
PECAM1,-2.6754562e-06
THNSL1,-2.675771e-06
MIR4648,-2.6779558e-06
GRIK1,-2.6781665e-06
MYO1G,-2.6786377e-06
EPB41L4A-AS1,-2.6794942e-06
SLC60A1,-2.6800312e-06
SRSF3,-2.6801288e-06
GIMAP7,-2.6805205e-06
FKBP1A,-2.6816087e-06
MSL1,-2.682375e-06
EMX2OS,-2.6845732e-06
SNHG9,-2.6850325e-06
TMEM45B,-2.6859846e-06
TWF2,-2.6875096e-06
TUBGCP2,-2.6878329e-06
LGMN,-2.6884263e-06
EXD2,-2.688994e-06
SP140,-2.6911673e-06
DDX39A,-2.6915457e-06
ZNF461,-2.695826e-06
FBXO44,-2.6960786e-06
FBLN1,-2.6964212e-06
VNN2,-2.6969933e-06
SNHG32,-2.6975604e-06
UNC5B,-2.6982036e-06
WRN,-2.6994014e-06
MCM8,-2.6994956e-06
PSPC1-AS2,-2.7013593e-06
DPP10,-2.7014994e-06
RNU6-1048P,-2.7019496e-06
LINC02798,-2.7021815e-06
HMGB1,-2.7037922e-06
PCK2,-2.7042265e-06
LIN9,-2.7050046e-06
RLBP1,-2.7055082e-06
MACROH2A2,-2.7057213e-06
CBX3,-2.705952e-06
MCUR1P1,-2.7060912e-06
CHIT1,-2.7065948e-06
HAUS8,-2.7070394e-06
CDO1,-2.7075741e-06
AK3,-2.7076906e-06
PPP2R3C,-2.7087726e-06
JOSD2,-2.709962e-06
HROB,-2.7109502e-06
SHTN1,-2.7128885e-06
ZNF700,-2.7148296e-06
CABLES1,-2.7148828e-06
ZNF449,-2.7156207e-06
SETD5,-2.7156611e-06
AZIN2,-2.716625e-06
TCEAL8,-2.717964e-06
SBNO1-AS1,-2.7182818e-06
AFAP1,-2.718975e-06
ZNF880,-2.720318e-06
GPR171,-2.7212304e-06
PIM3,-2.7212868e-06
CLDN11,-2.7218741e-06
GPHN,-2.7239817e-06
UGGT2,-2.7241833e-06
SDHAF3,-2.7248757e-06
METTL2A,-2.7250287e-06
OSTM1,-2.7262952e-06
ZCCHC14,-2.7263663e-06
NDUFC2,-2.7265858e-06
PSMB5,-2.727042e-06
FRMD4A,-2.7277342e-06
GABRQ,-2.727998e-06
GLRA2,-2.7294627e-06
METTL18,-2.7320405e-06
TFPT,-2.7325204e-06
PI3,-2.733887e-06
PDCD10,-2.7340159e-06
TATDN1,-2.7342508e-06
FAM107A,-2.7357407e-06
RPL18,-2.7369122e-06
CA5BP1,-2.737178e-06
SUMO1,-2.7375572e-06
HDGFL3,-2.7384733e-06
ADAP2,-2.7399687e-06
CRYBB2,-2.7412277e-06
ABT1,-2.741324e-06
SPSB4,-2.7418182e-06
SBF2-AS1,-2.7422195e-06
NFU1,-2.7444255e-06
RPS6KA1,-2.7472954e-06
UBE2E1-AS1,-2.747793e-06
RPL27,-2.748785e-06
ZUP1,-2.7502795e-06
SMARCD3,-2.750392e-06
SNX20,-2.7504636e-06
TMEM59L,-2.7507447e-06
CARD16,-2.7508124e-06
DLGAP4,-2.7524495e-06
CAPZA1,-2.752945e-06
MVB12B,-2.7543192e-06
ENO3,-2.7552435e-06
SDR9C7,-2.7559872e-06
S100P,-2.7561134e-06
KANSL1L,-2.756275e-06
GSDME,-2.756725e-06
RPL13AP25,-2.7567457e-06
PRELID3A,-2.7571461e-06
ZNF277,-2.7575688e-06
CYCSP34,-2.759783e-06
DAB2,-2.7607484e-06
SUMO2P21,-2.761085e-06
MED24,-2.7644878e-06
EXOC3L2,-2.764713e-06
GDPD5,-2.7651754e-06
HCFC1-AS1,-2.765683e-06
HERC2P9,-2.7659576e-06
EEF1A1P19,-2.766208e-06
NHP2,-2.7674043e-06
HERPUD1,-2.767603e-06
FOCAD,-2.7704068e-06
LOC124902860,-2.7712908e-06
SLCO5A1-AS1,-2.7724332e-06
BMPER,-2.7734495e-06
MLXIP,-2.773599e-06
CDC16,-2.7737528e-06
GRHPR,-2.7738092e-06
SPRYD7,-2.7745766e-06
H2BP1,-2.7763024e-06
PGAM1,-2.7770714e-06
GIHCG,-2.7775443e-06
B3GALT2,-2.7776814e-06
EDNRA,-2.7787312e-06
ULBP2,-2.7792116e-06
TBC1D7,-2.7798108e-06
PRR3,-2.7799317e-06
NATD1,-2.7810559e-06
RHNO1,-2.7820174e-06
ZNRD2,-2.782043e-06
UBA52,-2.7823962e-06
ZNF589,-2.783112e-06
MIR22HG,-2.7834235e-06
BOLA3,-2.7836481e-06
BAIAP2L1,-2.7842714e-06
ZNF385B,-2.7849837e-06
PQBP1,-2.7849837e-06
NRROS,-2.78696e-06
DUT,-2.7871354e-06
SLC49A3,-2.7893714e-06
NYAP1,-2.7902797e-06
ZNF550,-2.792602e-06
PCSK4,-2.7931253e-06
UQCR10,-2.7947162e-06
ZMIZ1,-2.7949716e-06
CGRRF1,-2.7950584e-06
EVI2B,-2.795163e-06
OSCAR,-2.7958856e-06
SHB,-2.7963765e-06
CAPN9,-2.7964554e-06
DCAF6,-2.7965882e-06
CYSRT1,-2.7967737e-06
MEX3D,-2.7972446e-06
WDR7,-2.7990834e-06
CXCL14,-2.8008917e-06
SERF2,-2.8024938e-06
GFUS,-2.8041745e-06
CYCS,-2.8050547e-06
DCP1A,-2.8054392e-06
SH3KBP1,-2.8056227e-06
GHDC,-2.8056406e-06
ING3,-2.806198e-06
AQP1,-2.8074132e-06
POLR3A,-2.8078148e-06
UQCC3,-2.8079241e-06
RPS3AP5,-2.8082086e-06
SERTAD2-AS1,-2.8087552e-06
LRRC56,-2.8089523e-06
TBX6,-2.8090553e-06
SLC5A11,-2.8096124e-06
COG7,-2.8096363e-06
TMEM107,-2.8104591e-06
AKNAD1,-2.8111017e-06
MCRIP1,-2.8112731e-06
SNRPGP10,-2.811519e-06
PHTF1,-2.8127433e-06
PTMAP4,-2.8129107e-06
NEURL3,-2.8131383e-06
SERPINA5,-2.8135628e-06
CEP192,-2.8160364e-06
ADA2,-2.8167408e-06
TASOR2,-2.817464e-06
MLST8,-2.817651e-06
NPIPB11,-2.8198365e-06
RPSAP9,-2.8205716e-06
RPS15P5,-2.8225822e-06
PRKCD,-2.8226414e-06
THAP12,-2.824081e-06
PI4K2A,-2.8245147e-06
RPSAP47,-2.825244e-06
MYO1D-AS1,-2.8257505e-06
RNF13,-2.8259185e-06
RFNG,-2.8261097e-06
USP21,-2.8269087e-06
MIS18A,-2.827555e-06
IGDCC3,-2.827697e-06
ZNF528-AS1,-2.8288323e-06
HIF1A-AS3,-2.8300449e-06
STC1,-2.8303548e-06
LRRC66,-2.8352265e-06
ZP3,-2.839424e-06
POLR1C,-2.8396987e-06
NFASC,-2.8399393e-06
RPL35,-2.8400464e-06
RPL34P5,-2.8406857e-06
RASSF5,-2.8410539e-06
MATCAP2,-2.8416912e-06
DNAAF9,-2.8424404e-06
PHF11,-2.8425775e-06
R3HDM2,-2.8428426e-06
HCRT,-2.8429959e-06
SLC39A13-AS1,-2.8433415e-06
QTRT1,-2.8438512e-06
LRR1,-2.8455947e-06
GAL3ST4,-2.8456132e-06
MRM3,-2.846417e-06
PIGQ,-2.847288e-06
SOD1,-2.8480406e-06
ZWILCH,-2.850051e-06
RPS26P47,-2.8503857e-06
HTRA2,-2.8510003e-06
NAP1L3,-2.8510306e-06
CENPS,-2.8527045e-06
RPL32P16,-2.8527131e-06
EEF1A1P35,-2.8528545e-06
SELENBP1,-2.8536044e-06
SLC5A9,-2.8538998e-06
PLEKHB1,-2.8543002e-06
KNL1,-2.8543552e-06
CAMSAP1-DT,-2.8544493e-06
DHRS9,-2.8544714e-06
RNU6-1223P,-2.854649e-06
ECHDC2,-2.855372e-06
MED11,-2.8560323e-06
RASSF8-AS1,-2.8561308e-06
GNAO1,-2.858422e-06
ZDHHC11B,-2.858858e-06
HSF2,-2.8596958e-06
CENPA,-2.861223e-06
SNX6,-2.8621012e-06
CHEK2,-2.8634588e-06
DCLK1,-2.8638162e-06
SDHAF2,-2.8638592e-06
PNRC2,-2.8643547e-06
PUF60,-2.8647994e-06
SCN4B,-2.8670272e-06
RPL36AP30,-2.8671805e-06
TYMS,-2.867321e-06
SLC37A4,-2.8675718e-06
LOC124900488,-2.8676022e-06
ADCK1,-2.8676532e-06
LHX5-AS1,-2.868183e-06
TUBD1,-2.8683216e-06
MCHR1,-2.868592e-06
H2BC12,-2.8693844e-06
LSP1P4,-2.8700842e-06
GUCA1B,-2.870279e-06
TLR1,-2.8705308e-06
LOC101929691,-2.8714987e-06
PHF23,-2.8744785e-06
PRR13,-2.8748545e-06
MKRN3,-2.8754862e-06
NDUFA2,-2.8768281e-06
RPL34P18,-2.877864e-06
NCF1B,-2.8782645e-06
MICALL2,-2.8784625e-06
RANBP6,-2.878705e-06
SNAI2,-2.8796414e-06
IL4R,-2.879694e-06
RPL36P14,-2.8800266e-06
ALKBH1,-2.8815036e-06
CD74,-2.8816446e-06
SLC52A3,-2.882524e-06
MIRLET7BHG,-2.8826112e-06
HOXD12,-2.8840752e-06
TEK,-2.885422e-06
OCA2,-2.8858465e-06
GAS2,-2.8858967e-06
PSENEN,-2.8863915e-06
FDXR,-2.886526e-06
ANKRD10,-2.886533e-06
TRAF4,-2.886612e-06
TMEM156,-2.8867055e-06
HNRNPCP7,-2.8868394e-06
BEX3,-2.8871295e-06
ENTPD3,-2.8888699e-06
AMER3,-2.88994e-06
RPS29,-2.8908016e-06
UBN2,-2.8917627e-06
METTL3,-2.8929323e-06
HK3,-2.8936179e-06
SLC25A5-AS1,-2.8939508e-06
CALM2P3,-2.8943637e-06
AFF3,-2.894688e-06
HOXD11,-2.895346e-06
IDH3B,-2.8961888e-06
EPHA5-AS1,-2.8966676e-06
KDM1B,-2.8969014e-06
SLC25A42,-2.8975808e-06
HNMT,-2.8981422e-06
PIP5K1C,-2.898154e-06
LAYN,-2.8987645e-06
GLYCTK-AS1,-2.9005714e-06
PARVB,-2.902274e-06
DTX3,-2.9022945e-06
TMEM126A,-2.9041491e-06
RPL31P46,-2.9043515e-06
NR6A1,-2.904966e-06
H2AC20,-2.9058788e-06
CA10,-2.9071578e-06
TRMT61B,-2.9083194e-06
NPDC1,-2.9091032e-06
CLDN20,-2.9097303e-06
CDCA8,-2.9100572e-06
PRKAR1B,-2.910456e-06
FNDC10,-2.9111682e-06
MAGED4B,-2.9131072e-06
ZNF77,-2.913967e-06
GCNT2,-2.9156024e-06
SCAMP1-AS1,-2.9164516e-06
CCL23,-2.9164903e-06
FBXW4,-2.9170048e-06
CKAP2L,-2.917102e-06
USP53,-2.917242e-06
PARD6A,-2.9174662e-06
INTS10,-2.9187568e-06
NXN,-2.9206305e-06
GPC5,-2.9206738e-06
C15orf62,-2.9244866e-06
CLEC4F,-2.9253392e-06
ZNF710,-2.9256175e-06
DIXDC1,-2.92574e-06
ENKD1,-2.9257726e-06
HDAC2,-2.927436e-06
HOXD9,-2.9283824e-06
AKAP6,-2.9287887e-06
HELLS,-2.9292867e-06
TRAF3IP2-AS1,-2.9332687e-06
IGHV4-4,-2.933319e-06
LOC105371062,-2.935577e-06
POLR3H,-2.935952e-06
ZNF542P,-2.9364865e-06
VAMP4,-2.9367495e-06
ILF2,-2.9372404e-06
SLC25A45,-2.9382802e-06
PDE9A,-2.93991e-06
AURKA,-2.9414734e-06
NUP85,-2.9453213e-06
LOC102723323,-2.9455912e-06
CCNI,-2.9458251e-06
SLC26A4-AS1,-2.9469577e-06
BEND3,-2.9481232e-06
LGALS9,-2.948164e-06
ZFPM1-AS1,-2.94986e-06
IGLV1-44,-2.9501196e-06
ADGRB1,-2.9507262e-06
RCOR2,-2.9512444e-06
LSP1,-2.951444e-06
NAE1,-2.9524572e-06
FAAP100,-2.9534808e-06
PARD3-DT,-2.9547805e-06
ZNF34,-2.9550824e-06
RPL10,-2.955139e-06
CXCR6,-2.9567323e-06
DCBLD2,-2.9578825e-06
TMEM44-AS2,-2.9585453e-06
C1QTNF6,-2.9602513e-06
C19orf47,-2.9612918e-06
EIF3K,-2.9618911e-06
MIB1,-2.9618964e-06
NSMCE2,-2.9625219e-06
INTS7,-2.9643797e-06
FARS2-AS1,-2.9649423e-06
GUCY1A1,-2.9649807e-06
PRF1,-2.9654714e-06
IGLV2-8,-2.9655205e-06
ALG1L11P,-2.9670452e-06
PSMB3,-2.9681912e-06
PCDHGB2,-2.968635e-06
LOC102724289,-2.969384e-06
PARP2,-2.970727e-06
WFDC3,-2.9711205e-06
UPK3A,-2.9714076e-06
TMEM14A,-2.971518e-06
TMSB4X,-2.9719909e-06
PSMC3,-2.9723126e-06
RBP7,-2.9733644e-06
FLRT2,-2.974161e-06
PRR11,-2.9742932e-06
ZNF439,-2.9765656e-06
ACTN2,-2.9779505e-06
SMC6,-2.9790385e-06
CDK20,-2.9812454e-06
UST-AS2,-2.9813896e-06
TMEM235,-2.981582e-06
SLN,-2.9818616e-06
STK32A-AS1,-2.9824075e-06
APOC1P1,-2.9830385e-06
CCS,-2.9832509e-06
COA6,-2.984849e-06
TRGC2,-2.9849148e-06
FTH1P4,-2.9871132e-06
TTC21B,-2.987474e-06
LHFPL3,-2.9887838e-06
PANK4,-2.9889031e-06
METTL23,-2.9892326e-06
XKR7,-2.9896296e-06
CCR5AS,-2.9905862e-06
BTNL9,-2.9906873e-06
RCOR3,-2.9911307e-06
RASSF3,-2.9923926e-06
ZMYND8,-2.9932498e-06
C1orf216,-2.9933783e-06
IGFL4,-2.9940966e-06
FAM221A,-2.9941727e-06
HBQ1,-2.9944727e-06
TMSB4XP4,-2.9952623e-06
RINL,-2.9966398e-06
ZBTB8OS,-2.9983196e-06
P4HTM,-2.998638e-06
DYRK3-AS1,-2.9990454e-06
GNAL,-2.9996181e-06
GPANK1,-2.999801e-06
MIR4740,-3.0006843e-06
RNY3P16,-3.001097e-06
DCST1-AS1,-3.001284e-06
PLXDC2,-3.0012902e-06
C1orf162,-3.001396e-06
FUZ,-3.0020885e-06
HNRNPL,-3.0023034e-06
LINC02897,-3.0023443e-06
DCC,-3.0024723e-06
RPS3,-3.0026138e-06
TMSB4XP1,-3.003527e-06
UQCC1,-3.0036213e-06
PCBP2,-3.0036852e-06
COX8A,-3.0040653e-06
POPDC1,-3.0040812e-06
FGF20,-3.0041397e-06
CEP162,-3.0041474e-06
RPL10P16,-3.0053197e-06
SNORA31,-3.006852e-06
TMEM101,-3.0069612e-06
RTRAF,-3.0074336e-06
RMND5A,-3.0080078e-06
MGST2,-3.0082463e-06
NCF1C,-3.0092597e-06
RNU4-1,-3.0097954e-06
ROBO3,-3.0101196e-06
SH3D21,-3.0107017e-06
CHSY3,-3.0110107e-06
ZNF331,-3.0117894e-06
MAPT,-3.0128388e-06
TFAM,-3.0131243e-06
EIF1B,-3.013504e-06
TSHZ2,-3.0148574e-06
SUCNR1,-3.015655e-06
ATP11C,-3.018928e-06
RNASEH1-DT,-3.019395e-06
STXBP1,-3.0197132e-06
NUDT15,-3.020033e-06
ZDHHC11,-3.0241636e-06
RPS16P7,-3.024446e-06
ZC3H7A,-3.0255208e-06
RPL10P8,-3.0266233e-06
PIH1D1,-3.0269493e-06
VCF2,-3.0277645e-06
DCTN2,-3.0278031e-06
ENTR1,-3.028454e-06
RCL1,-3.0292913e-06
SCRT2,-3.0297065e-06
HSCB,-3.030371e-06
GINS3,-3.0321764e-06
HINT1,-3.0324422e-06
MAL2,-3.0325853e-06
TMOD1,-3.0330066e-06
RNU6-181P,-3.0332421e-06
ARHGAP30,-3.0336391e-06
A4GALT,-3.0339545e-06
PLEKHM3,-3.0349386e-06
PDCD2,-3.035107e-06
LIG1,-3.035577e-06
RPS3P4,-3.036155e-06
REPIN1-AS1,-3.036267e-06
CCKBR,-3.0377566e-06
STING1,-3.0385454e-06
RPS20P14,-3.0393742e-06
CLDND2,-3.0398105e-06
CLCA4,-3.0403696e-06
KCNMA1,-3.040433e-06
CLCN4,-3.0413016e-06
EHBP1L1,-3.0418885e-06
IL7,-3.0423446e-06
CDC20,-3.0429755e-06
NMRAL1,-3.0429874e-06
TMEM231P1,-3.0433514e-06
NT5C3B,-3.0439212e-06
GPX4,-3.0443216e-06
MSRB1,-3.0446222e-06
ATP5PO,-3.044849e-06
DCST2,-3.0459476e-06
FADS3,-3.045967e-06
KNSTRN,-3.0461595e-06
TLCD5,-3.0465976e-06
SLX4IP,-3.046702e-06
PRDM11,-3.047108e-06
RYK,-3.0486656e-06
RPS3AP6,-3.0490505e-06
FCER1A,-3.0490576e-06
MIR4530,-3.0509113e-06
CXCL10,-3.0513552e-06
SLC39A8,-3.0526462e-06
PILRB,-3.0528838e-06
STUB1,-3.0531237e-06
NOCT,-3.0539652e-06
DYNLT1,-3.0547203e-06
ZNF213,-3.0553806e-06
AGMAT,-3.0560302e-06
AZIN1,-3.0562846e-06
RPL29,-3.0571157e-06
AKAP1-DT,-3.0584456e-06
MT1L,-3.0592985e-06
TXNDC9,-3.059614e-06
SERPINB1,-3.059641e-06
GTF2A2,-3.0605675e-06
RPL9P32,-3.0607016e-06
KBTBD11-AS1,-3.061576e-06
RPL21P16,-3.0622484e-06
LINC02035,-3.063491e-06
RPL7AP6,-3.063828e-06
OTUD1,-3.0642411e-06
BLNK,-3.0643173e-06
SDHAF1,-3.064885e-06
PLXDC1,-3.0649746e-06
GHR,-3.0652948e-06
ATOX1-AS1,-3.0667838e-06
DCHS1,-3.0672697e-06
RPL7AP11,-3.0674291e-06
RAD9A,-3.0676306e-06
RNA5SP202,-3.0680173e-06
MRS2,-3.0697174e-06
COQ9,-3.0698156e-06
FBN3,-3.070022e-06
MIX23,-3.0701465e-06
TRAPPC12,-3.0705328e-06
CLEC1A,-3.071128e-06
PISD,-3.0719775e-06
H2AC8,-3.072115e-06
SLC9A1,-3.0724652e-06
RHCE,-3.0729705e-06
KIFC1,-3.0730441e-06
UHRF2,-3.0738736e-06
POLR2F,-3.0739093e-06
SEMA3A,-3.0745396e-06
COX5BP6,-3.0746546e-06
KDM6B,-3.0757235e-06
C3AR1,-3.0758647e-06
PPP1R1B,-3.076941e-06
LOC124900430,-3.0783149e-06
PCNT,-3.0791578e-06
ARHGEF2,-3.0802746e-06
LDLRAD4,-3.0810604e-06
ARRDC4,-3.082359e-06
ACOT2,-3.08289e-06
CARTPT,-3.082906e-06
GDF10,-3.0831548e-06
NINL,-3.0839547e-06
TRMT1,-3.084258e-06
ARB2A,-3.0851274e-06
WDR25,-3.0851995e-06
VPS13A,-3.0852982e-06
GEMIN8,-3.0866886e-06
ZNF730,-3.0871292e-06
ING4,-3.0883368e-06
RPL13AP14,-3.0892309e-06
ADPGK,-3.0897172e-06
RBM48,-3.0919118e-06
ITSN1,-3.0934082e-06
ETFA,-3.0934207e-06
SLC44A5,-3.094067e-06
CEP170,-3.0948368e-06
RPL18A,-3.0948966e-06
BCL6-AS1,-3.0968351e-06
MEX3B,-3.098193e-06
HOXC8,-3.0985082e-06
RPS7P10,-3.0986832e-06
NFAM1,-3.0989193e-06
TRMT6,-3.0990223e-06
TMEM169,-3.0998285e-06
HMGN2P28,-3.1001557e-06
COMMD10,-3.1037364e-06
CEP57,-3.1044221e-06
IGSF9B,-3.1047944e-06
GPC2,-3.1048153e-06
AMIGO2,-3.1051445e-06
BIRC7,-3.1053464e-06
LCNL1,-3.1053787e-06
PACRGL,-3.1056277e-06
IGLV1-40,-3.1065863e-06
SLAMF8,-3.107491e-06
PATJ-DT,-3.1091454e-06
COA5,-3.1098648e-06
LINC02610,-3.1106395e-06
RBM4,-3.111094e-06
RPL24P4,-3.1111178e-06
AJM1,-3.1124166e-06
BAD,-3.1137322e-06
SDHB,-3.113778e-06
KIF2A,-3.113964e-06
FTH1P11,-3.1151912e-06
HASPIN,-3.1166128e-06
MRPL57,-3.1169895e-06
DNHD1,-3.1177137e-06
MRPL42,-3.1188677e-06
CSRNP2,-3.1189415e-06
SYT7,-3.119262e-06
MRPS23,-3.119802e-06
TRIM8-DT,-3.1205932e-06
LINC00928,-3.1209788e-06
EEF1B2P6,-3.1219747e-06
RTL8C,-3.1223585e-06
RTCB,-3.1227862e-06
EXOSC4,-3.123384e-06
BHLHE22,-3.1234745e-06
ZNF682,-3.124055e-06
ANKRD46,-3.1250356e-06
SIGLEC8,-3.1254147e-06
MRPL13,-3.1255327e-06
ZSCAN30,-3.126603e-06
SOX4,-3.1267612e-06
DAP3P1,-3.1267919e-06
DYSF,-3.128218e-06
H2BC5,-3.1282211e-06
MIR616,-3.1282646e-06
MERTK,-3.1284706e-06
SIGLEC9,-3.128621e-06
CYCSP3,-3.1288573e-06
TUBA1B,-3.1289294e-06
NDUFB4,-3.1290515e-06
WSB2,-3.131067e-06
LAMTOR3,-3.1310858e-06
LRRC20,-3.134161e-06
PXMP4,-3.1343461e-06
ZNF697,-3.134491e-06
PIMREG,-3.135102e-06
MIR4733HG,-3.1354716e-06
CYTIP,-3.1358152e-06
PLIN5,-3.1372308e-06
RGS17,-3.1372751e-06
ANXA11,-3.1378381e-06
FIS1,-3.138185e-06
PRKACB,-3.139567e-06
TMEM25,-3.1424306e-06
SDK2,-3.1440327e-06
DZIP1L,-3.1442235e-06
RARG,-3.1442987e-06
ACOT9,-3.1452212e-06
EMC4,-3.1462641e-06
VN1R83P,-3.1476686e-06
ASPRV1,-3.1485106e-06
RPL18AP3,-3.1496197e-06
GNL3,-3.1502586e-06
SNORA59A,-3.1510706e-06
CCDC117,-3.1511897e-06
BLZF1,-3.1524214e-06
MAP2K7,-3.1529275e-06
FOXO6,-3.1529294e-06
ZNF594,-3.1538398e-06
HAX1,-3.1539705e-06
NGEF,-3.1542986e-06
CASP6,-3.1546306e-06
HNRNPH1,-3.154675e-06
ABCA7,-3.1559402e-06
PLEKHJ1,-3.156057e-06
LTN1,-3.156121e-06
VASH1,-3.1561797e-06
COQ2,-3.1562722e-06
RAP2B,-3.1565842e-06
TXNDC17,-3.1591524e-06
TGM2,-3.1610496e-06
AQP5,-3.161144e-06
MRPL14,-3.1615214e-06
GABRE,-3.1619445e-06
STAM,-3.1625075e-06
PPP1R14C,-3.1625607e-06
GLRX3,-3.1634934e-06
PCMTD2,-3.164131e-06
POU2F1,-3.164224e-06
TSNAX,-3.164794e-06
FCGR1A,-3.164895e-06
LARRPM,-3.1658005e-06
NT5C,-3.1658174e-06
VWA2,-3.1664456e-06
HBA2,-3.1670425e-06
C4orf46,-3.1671418e-06
RPS13,-3.1673405e-06
IRAG1,-3.1675086e-06
GASK1B,-3.1678583e-06
RPL24,-3.1678658e-06
FIGNL1,-3.1695304e-06
BID,-3.1702723e-06
IKBKE,-3.1720717e-06
SRPK1,-3.1722027e-06
KLHL13,-3.1734917e-06
FTLP2,-3.174256e-06
GSK3B,-3.1747381e-06
TMEM268,-3.1754541e-06
MBTPS1,-3.1767092e-06
CENPU,-3.1770032e-06
RP2,-3.1776196e-06
CHCHD5,-3.1777902e-06
SRR,-3.178749e-06
RN7SL521P,-3.1793968e-06
C5AR2,-3.1797633e-06
DPH3,-3.1800996e-06
DEF6,-3.1803293e-06
RPL15P7,-3.1811337e-06
DDN,-3.1814152e-06
SELENOM,-3.1817933e-06
ADRB1,-3.1834415e-06
GPER1,-3.1835887e-06
EFHD2,-3.184024e-06
SGO2,-3.1840414e-06
EXO1,-3.1843435e-06
WDR6,-3.1859995e-06
PPIH,-3.186299e-06
NPHP4,-3.1881798e-06
MYO1F,-3.1884947e-06
CD37,-3.1887273e-06
KIAA1549L,-3.1887275e-06
MACROD1,-3.1906325e-06
MIEN1,-3.1915147e-06
SENP1,-3.1915813e-06
CACFD1,-3.1925754e-06
TRMO,-3.1929492e-06
ABCC1,-3.193273e-06
SLFN12,-3.1936625e-06
NR2C2,-3.193709e-06
SNRPE,-3.1948648e-06
DEDD2,-3.1950763e-06
MYOM2,-3.1966615e-06
TFAP2E,-3.197054e-06
RBPJ,-3.1996542e-06
C1QC,-3.19996e-06
TOP2A,-3.2009389e-06
CDK1,-3.2009905e-06
TIMM50,-3.2009918e-06
HEXA,-3.2012222e-06
RIN3,-3.2012308e-06
RPS12P4,-3.201851e-06
ERO1B,-3.2019698e-06
PFAS,-3.2020753e-06
ATRX,-3.2041141e-06
ZBTB12,-3.205244e-06
VMO1,-3.205722e-06
LOC105369885,-3.2058613e-06
RASGRF1,-3.2067946e-06
MRPL28,-3.2072187e-06
LHFPL1,-3.2079286e-06
SORCS1,-3.2080775e-06
CACNB3,-3.2084263e-06
NUPR1,-3.2085793e-06
EMSY-DT,-3.2094476e-06
LSM7,-3.2094576e-06
BCAN-AS2,-3.2115836e-06
LINC03013,-3.2124747e-06
SYT6,-3.21439e-06
GALNT15,-3.2147223e-06
SNRPGP2,-3.214984e-06
ZNF133,-3.2154355e-06
IGLV2-14,-3.2164753e-06
RPL10AP6,-3.2167302e-06
KIF11,-3.2170224e-06
SIRPB2,-3.2178843e-06
LINC01003,-3.218604e-06
TTC23L-AS1,-3.218781e-06
DRAXIN,-3.2191977e-06
WHR1,-3.2192136e-06
UBE2SP2,-3.2200728e-06
LOC283387,-3.221419e-06
TMA16,-3.2214323e-06
ATP5MF,-3.2217074e-06
PPP4R1,-3.221791e-06
MT1H,-3.2222226e-06
KCNG2,-3.2224307e-06
RNASE6,-3.2227335e-06
TANC1,-3.2234634e-06
C5,-3.2234855e-06
USP12,-3.2236069e-06
TAB3,-3.2241321e-06
SUGP2,-3.2241674e-06
TLNRD1,-3.225099e-06
ZNF70,-3.2274831e-06
SPHK1,-3.2276198e-06
PTMA,-3.2291664e-06
TBC1D10B,-3.2294379e-06
RPL13,-3.2300659e-06
TMSB10P1,-3.2304613e-06
CALM2P2,-3.2304947e-06
MAP2,-3.231175e-06
TTC12-DT,-3.231718e-06
GLCCI1,-3.232029e-06
ZNF580,-3.2330943e-06
RPS7P3,-3.2332282e-06
PTPN22,-3.2336245e-06
C17orf114,-3.2336256e-06
ADPRS,-3.2342573e-06
ACSL5,-3.235374e-06
DTL,-3.2358803e-06
RBM24,-3.2360872e-06
GCFC2,-3.2371697e-06
FBRS,-3.237784e-06
ACOT4,-3.2378684e-06
MICOS10P2,-3.2381438e-06
C1QBP,-3.2381452e-06
LAMTOR1,-3.238438e-06
SFMBT2,-3.2398386e-06
COX19,-3.2405833e-06
PRRG4,-3.2407152e-06
CREBL2,-3.2408702e-06
FCGR2C,-3.2410221e-06
RNU5A-1,-3.2416142e-06
NDOR1,-3.2419337e-06
LINC02883,-3.2422279e-06
NDUFV1,-3.2430846e-06
ZNF138,-3.243237e-06
C16orf95-DT,-3.2447601e-06
AGO3,-3.2455787e-06
RPS12,-3.2456696e-06
RPL26L1,-3.2457597e-06
HAND2,-3.246026e-06
CEBPA,-3.2470136e-06
PGLS-DT,-3.2471107e-06
TIFA,-3.2495195e-06
MYH7B,-3.2502376e-06
DUSP11,-3.2506991e-06
VWF,-3.2507855e-06
IGLC3,-3.2530595e-06
RPL13AP11,-3.2534297e-06
SLC7A3,-3.2539763e-06
COL14A1,-3.254986e-06
LOH12CR2,-3.255786e-06
CRADD,-3.256668e-06
SIGLEC11,-3.257429e-06
GAS6,-3.257587e-06
DMPK,-3.258622e-06
TMEM259,-3.260027e-06
GPR160,-3.2601577e-06
NSMCE4A,-3.2604028e-06
FOXF2,-3.2616308e-06
PAIP2,-3.261703e-06
SOD3,-3.262879e-06
TMPRSS5,-3.2630646e-06
ZFP69B,-3.2644498e-06
LRRC46,-3.2645196e-06
ZNF365,-3.2650237e-06
AHSA1,-3.2651108e-06
ANKRD36C,-3.2652115e-06
ANXA6,-3.2654734e-06
ALDOC,-3.265965e-06
RPS26P6,-3.2671953e-06
UAP1,-3.2678224e-06
DAZAP2P1,-3.2679118e-06
MSANTD2,-3.2682049e-06
RNF14,-3.268408e-06
FAM98C,-3.268463e-06
PKD1P6,-3.2689145e-06
TFAP4,-3.2689609e-06
GLTC1,-3.2690207e-06
ADCY5,-3.2691007e-06
ADAMTS14,-3.2697435e-06
RPL38,-3.270086e-06
PEX19,-3.2733433e-06
ARHGEF15,-3.2735281e-06
EMG1,-3.2740297e-06
DPYSL4,-3.2742723e-06
FTH1P15,-3.2744617e-06
DSC2,-3.2760395e-06
RNF7,-3.2762405e-06
TPRKB,-3.2770822e-06
ZMYND19,-3.277586e-06
WDR27,-3.27807e-06
RPS3AP47,-3.279017e-06
C1QTNF2,-3.2791254e-06
EBLN3P,-3.2793598e-06
KCNK13,-3.2797627e-06
TNS2,-3.2799037e-06
RPS5P8,-3.2802557e-06
GAA,-3.2806145e-06
MYL6B,-3.2815444e-06
MED19,-3.2816763e-06
LINC01561,-3.2817707e-06
FCGR1BP,-3.2822015e-06
SNHG20,-3.282399e-06
MAFB,-3.2827134e-06
ARPC4,-3.2835164e-06
DPF1,-3.2847283e-06
ALOX12-AS1,-3.2848523e-06
RPL12P47,-3.2852356e-06
MCOLN2,-3.285487e-06
DOCK11,-3.2855403e-06
RPA3,-3.285773e-06
CCNDBP1,-3.2869261e-06
PNPLA4,-3.2883077e-06
USP46,-3.2886264e-06
ESPL1,-3.2887185e-06
RIPK2,-3.2908201e-06
UBQLN1-AS1,-3.2932917e-06
ZBTB17,-3.294637e-06
C9orf40,-3.297483e-06
MICU1,-3.297796e-06
DUSP12,-3.298656e-06
AJAP1,-3.2989929e-06
KCNA5,-3.2992975e-06
KPNA5,-3.299566e-06
KRT10,-3.2997445e-06
ZNF691,-3.3009824e-06
BTG1,-3.3010076e-06
USP16,-3.301403e-06
WAC-AS1,-3.3020062e-06
LINC02450,-3.3024273e-06
RPL34P24,-3.302437e-06
ITFG1,-3.3036174e-06
SSBP3,-3.3036356e-06
TTK,-3.3046854e-06
PSMA3,-3.3049862e-06
NAA30,-3.3052404e-06
OCIAD1-AS1,-3.306385e-06
TPT1,-3.3073895e-06
HNRNPD,-3.3080514e-06
PLIN4,-3.308164e-06
MIEF2,-3.3085273e-06
RSBN1L,-3.3090334e-06
MVB12A,-3.310433e-06
CDT1,-3.3105323e-06
BKGD,-3.310583e-06
POLR1D,-3.3110716e-06
ZNF704,-3.311828e-06
TRIM32,-3.3119686e-06
SNHG16,-3.3122728e-06
DHX33,-3.3123072e-06
ANKRD49,-3.3123963e-06
ZNF175,-3.312674e-06
BRD8,-3.3130225e-06
RNF2,-3.3131032e-06
S100B,-3.3156625e-06
MFSD2A,-3.315911e-06
PAGR1,-3.3179087e-06
CLUL1,-3.3186654e-06
FAR2,-3.319638e-06
UBE2E3-DT,-3.320983e-06
RGS9,-3.321024e-06
DCPH1,-3.3214835e-06
POU3F4,-3.3218391e-06
SETD1B,-3.323354e-06
AKAP19,-3.3233953e-06
NRXN2,-3.3242957e-06
RNU6-9,-3.3266958e-06
KLHL11,-3.327694e-06
ERH,-3.3299202e-06
TRIP4,-3.3307076e-06
METTL24,-3.3310566e-06
RILP,-3.331602e-06
ENC1,-3.3326046e-06
EML4,-3.333046e-06
HS3ST1,-3.3332806e-06
EIF2A,-3.3333504e-06
ZCWPW1,-3.3360786e-06
CREB3,-3.337694e-06
BLCAP,-3.3386293e-06
EFNA5,-3.3400252e-06
RBM3,-3.3400313e-06
TMEM106B,-3.3400788e-06
PCTP,-3.3404467e-06
TBC1D2,-3.3419117e-06
HMGN2P7,-3.343041e-06
ADGRA2,-3.3439514e-06
PHLDB1,-3.3440779e-06
LAMC3,-3.344973e-06
FAHD1,-3.3458032e-06
GPR183,-3.347106e-06
KMT2A,-3.3476892e-06
COX7B,-3.3481492e-06
LOC100288637,-3.3482731e-06
ABCA5,-3.3488081e-06
CREBZF,-3.3505053e-06
SOWAHD,-3.3506294e-06
ACAP2,-3.3510014e-06
ATP1B3,-3.3512738e-06
LINC01411,-3.3517442e-06
SLC25A41,-3.3524652e-06
STK36,-3.353022e-06
MEIS3,-3.3561043e-06
TBC1D12,-3.3567198e-06
RPS15AP19,-3.3567285e-06
LINC02606,-3.357217e-06
UTP23,-3.3574834e-06
GOLGA7B,-3.3576848e-06
MYOZ2,-3.3585502e-06
MNDA,-3.3593356e-06
SLIT2,-3.3601414e-06
LTV1,-3.3601605e-06
RNASE1,-3.3605165e-06
TVP23A,-3.361041e-06
PDCD6IPP2,-3.361165e-06
ENPP7P4,-3.3620674e-06
NTHL1,-3.3627318e-06
SMOC1,-3.36363e-06
RPL15P2,-3.3651409e-06
GEMIN2,-3.3655379e-06
ZNF69,-3.366235e-06
RPL24P2,-3.367683e-06
EXTL2,-3.3677886e-06
METTL17,-3.3691176e-06
RNU2-22P,-3.3692559e-06
IQSEC3-AS1,-3.371452e-06
AIM2,-3.3730187e-06
ZNF814,-3.3734843e-06
MRPL16,-3.373614e-06
NCF1,-3.3739984e-06
ZNF266,-3.374297e-06
CLIC2,-3.3748602e-06
SECISBP2,-3.3754825e-06
MRPL10,-3.375735e-06
DYNLL1P2,-3.3762444e-06
MRPL22,-3.3766535e-06
CHMP6,-3.3772972e-06
RNU6-30P,-3.3777133e-06
MDGA1,-3.3780655e-06
UNKL,-3.3783972e-06
EZH2,-3.3789431e-06
CCDC125,-3.3794404e-06
MLX,-3.3796555e-06
ADRB2,-3.3800645e-06
PLCB2,-3.3814215e-06
UQCRQ,-3.381601e-06
PTTG1,-3.3819654e-06
ZNF669,-3.3839851e-06
PRKCE,-3.3845968e-06
RPL26,-3.3853455e-06
MRPL11,-3.3860726e-06
FILIP1L,-3.386366e-06
POLR2E,-3.386621e-06
ZNF843,-3.3871613e-06
ZNF205,-3.3872727e-06
RASAL1,-3.387494e-06
HDAC9,-3.388097e-06
EXOSC10-AS1,-3.3884976e-06
GGTA1,-3.389096e-06
MFF,-3.3895985e-06
GZMH,-3.3897575e-06
YBEY,-3.3919566e-06
CASS4,-3.3920128e-06
RAB39A,-3.3953054e-06
SUSD1,-3.397019e-06
FGR,-3.3971476e-06
LYPLAL1,-3.3985286e-06
RAD51AP1,-3.4003672e-06
PHKA2,-3.4010786e-06
HUNK,-3.4011455e-06
FERMT3,-3.4017328e-06
BLOC1S6,-3.402194e-06
TMEM117,-3.4032807e-06
C1orf52,-3.4038928e-06
RRAD,-3.4041586e-06
SOX17,-3.4042196e-06
VAV1,-3.4045725e-06
MTFR1L,-3.4046907e-06
ZNF714,-3.4053912e-06
RFC4,-3.405542e-06
LOC122513141,-3.4062525e-06
CCNA2,-3.4070868e-06
TMTC2,-3.4071224e-06
LAIR1,-3.4077675e-06
PPP1R2,-3.409799e-06
CIP2A,-3.4098077e-06
KRT10-AS1,-3.4106843e-06
SNAPC4,-3.4107557e-06
YTHDF3-DT,-3.4110044e-06
PEX3,-3.4110376e-06
FAUP4,-3.4114712e-06
MIR29B2CHG,-3.4116224e-06
RNA5SP44,-3.4139557e-06
RPL37A,-3.4143468e-06
ATP5MC2,-3.414729e-06
PLEKHB2,-3.4147936e-06
MICAL2,-3.41559e-06
TSTD1,-3.416692e-06
CXCR4,-3.4168752e-06
ARF5,-3.418284e-06
EMP2,-3.419229e-06
TSPAN12,-3.4203058e-06
BOLA1,-3.4213506e-06
AIP,-3.4233192e-06
CTNS-AS1,-3.4234733e-06
NECTIN1,-3.4237526e-06
RBIS,-3.4253671e-06
KLHDC4,-3.4275633e-06
KIF20A,-3.4287627e-06
SMYD5,-3.4299321e-06
RERE,-3.430051e-06
RDH13,-3.43089e-06
NUTF2,-3.430939e-06
TMEM198B,-3.431123e-06
EOLA1,-3.4349146e-06
RPS3AP20,-3.4364775e-06
RDM1,-3.4368836e-06
RPS19BP1,-3.4378747e-06
RWDD2A,-3.4379418e-06
GLRB,-3.4398126e-06
RABGGTA,-3.4400666e-06
EFCAB7,-3.4418322e-06
ADNP2,-3.4430734e-06
RPS7P11,-3.4431068e-06
GSDMD,-3.4432142e-06
ARMC12,-3.4448667e-06
NAA16,-3.446565e-06
SGK1,-3.4477719e-06
TNFSF12,-3.448403e-06
CPNE8,-3.448569e-06
GPRIN3,-3.4487173e-06
BMI1,-3.4496823e-06
FPR1,-3.449691e-06
CENPW,-3.4500868e-06
SINHCAF,-3.4510956e-06
KLC1-AS1,-3.4537568e-06
RPL31P49,-3.454526e-06
CYTH4,-3.4546524e-06
LINC00706,-3.4547584e-06
SNX14,-3.455308e-06
TTC5,-3.4553136e-06
CFL1,-3.4553407e-06
DCK,-3.4553675e-06
NCOA4,-3.4563052e-06
TDG,-3.4564223e-06
TRPV2,-3.457122e-06
PITPNM2,-3.4579236e-06
ETNPPL,-3.458472e-06
SH2D5,-3.4587622e-06
LINC01686,-3.4588315e-06
NT5M,-3.4588961e-06
SUMO2P1,-3.4603731e-06
LTO1P1,-3.4622658e-06
SEPTIN10,-3.4625189e-06
ACAD10,-3.4638078e-06
LINC02980,-3.463818e-06
ZNF224,-3.4653835e-06
LOC103344931,-3.4663485e-06
SRGAP3-AS4,-3.4663583e-06
INPP5A,-3.4663656e-06
TUBBP1,-3.466447e-06
OTUB1,-3.4667178e-06
CCT8,-3.4681711e-06
MIR4512,-3.4689426e-06
DAPP1,-3.4693842e-06
CHADL,-3.4708169e-06
PRPF39,-3.4712457e-06
MAP1LC3B,-3.4721686e-06
ZBTB37,-3.4723391e-06
RPL8P3,-3.4745744e-06
COMP,-3.475329e-06
CREM,-3.4763532e-06
RPS27P2,-3.4765005e-06
ZSWIM5,-3.4767909e-06
CCDC15-DT,-3.4774228e-06
SNORD124,-3.4774569e-06
CACNG7,-3.4778836e-06
PLCH1,-3.479089e-06
GRID2,-3.4791415e-06
RNF144B,-3.4811007e-06
CCNG1,-3.4811192e-06
GRPEL2,-3.481504e-06
SOX2-OT,-3.4815193e-06
HSD17B11,-3.4833076e-06
XTBD1,-3.4837387e-06
KIF22,-3.4838804e-06
DUSP7,-3.484478e-06
TASOR,-3.4854543e-06
HLA-DRB5,-3.4854736e-06
RNF112,-3.4856766e-06
RPA2,-3.4859877e-06
LSM6,-3.4864318e-06
BLOC1S4,-3.4865022e-06
PRELID3B,-3.4869108e-06
PPM1M,-3.4869715e-06
IGLV4-69,-3.4881689e-06
CD69,-3.4885786e-06
TMEM187,-3.4888942e-06
SNRK,-3.4889213e-06
ULK3,-3.4889533e-06
AKIRIN2,-3.4889933e-06
DUSP1,-3.4891023e-06
TMEM50B,-3.489387e-06
CDH23,-3.4896593e-06
SLC50A1,-3.4899795e-06
FTH1P16,-3.4902382e-06
URB1-AS1,-3.4904783e-06
RPL21P97,-3.490718e-06
GOLGA6L9,-3.4909845e-06
SIRT6,-3.4916795e-06
SMU1,-3.4922098e-06
SIRT1,-3.4930197e-06
CHN1,-3.4933187e-06
NPC2,-3.4945008e-06
PRELID1,-3.4954246e-06
ZNF517,-3.4958375e-06
ZNF783,-3.4968991e-06
PEX5L,-3.4969846e-06
NUP43,-3.4972286e-06
RPL21P80,-3.4973423e-06
MIDEAS-AS1,-3.4973855e-06
NCOA5,-3.497501e-06
PKD1-AS1,-3.4975146e-06
TCEAL1,-3.4978855e-06
MATN3,-3.4984328e-06
TUBA1A,-3.4987354e-06
GUK1,-3.4989794e-06
CACNA2D4,-3.499494e-06
ANKRD35,-3.5001676e-06
FGD6,-3.5004175e-06
GAL,-3.5011615e-06
RIMKLA,-3.5012508e-06
ANKRD33B,-3.5025344e-06
ADRA2B,-3.5025996e-06
SYK,-3.5038552e-06
CMTM7,-3.5039836e-06
LINC00511,-3.5042062e-06
KMT5A,-3.5046714e-06
REV1,-3.5054484e-06
CDHR1,-3.5056814e-06
LGI1,-3.5075125e-06
PLXNA2,-3.5078951e-06
PDSS1,-3.5082305e-06
NTPCR,-3.5083788e-06
GRAMD1B,-3.5086493e-06
COX4I2,-3.5090147e-06
KCNE4,-3.5110488e-06
RASGRF2,-3.5120854e-06
MHENCR,-3.5121109e-06
RPL26P4,-3.5122166e-06
SCIMP,-3.5128542e-06
NBPF15,-3.5128946e-06
RPL31,-3.5139026e-06
GK,-3.5155203e-06
MTHFD2L,-3.5164492e-06
ARIH2,-3.516659e-06
KBTBD6,-3.5173075e-06
FER1L4,-3.5175535e-06
ZNF311,-3.518663e-06
RPL24P8,-3.519155e-06
FMO4,-3.5195753e-06
MRPS28,-3.5198482e-06
DDX55,-3.519966e-06
BATF,-3.5208311e-06
OCIAD1,-3.52163e-06
ZNF91,-3.5226656e-06
RNU6-137P,-3.522784e-06
CSF2RA,-3.5229034e-06
CLN8-AS1,-3.5231226e-06
MICALL1,-3.5243684e-06
TMEM208,-3.524523e-06
RNU4-82P,-3.5248368e-06
CLCN5,-3.525443e-06
RNF123,-3.5261612e-06
IGLV2-23,-3.5265307e-06
KCNK3,-3.5267826e-06
ARFGEF2,-3.5290848e-06
RPS3P3,-3.529187e-06
SPPL3,-3.5298021e-06
LHFPL3-AS2,-3.5320056e-06
RAP1GDS1,-3.5321739e-06
STUM,-3.5338464e-06
GAPLINC,-3.5340163e-06
GFM2,-3.5340954e-06
RNU6-323P,-3.5342157e-06
RPL7AP50,-3.5344174e-06
NMNAT3,-3.5364951e-06
GEMIN8P4,-3.5368819e-06
FAM86HP,-3.5386788e-06
AIF1,-3.538728e-06
FKBP3,-3.5396356e-06
SNORD59A,-3.5403066e-06
MIR581,-3.5404155e-06
PLAAT5,-3.540711e-06
EGR3,-3.5408596e-06
NSUN5,-3.5414391e-06
C1orf21-DT,-3.5417374e-06
GAK,-3.5425487e-06
MYL12B,-3.5425633e-06
SMYD4,-3.5429914e-06
AUP1,-3.5438227e-06
NPIPB4,-3.5438602e-06
CYRIA,-3.5441738e-06
NR2C1,-3.5449339e-06
PPP1R17,-3.5452015e-06
PIGV,-3.545475e-06
NAT1,-3.546207e-06
GRIA4,-3.547009e-06
HBS1L,-3.549688e-06
MTLN,-3.5529292e-06
MYO7B,-3.5530531e-06
ITGB3BP,-3.5541136e-06
PSMB7,-3.554585e-06
NT5DC3,-3.5549429e-06
CUTALP,-3.5549895e-06
STXBP2,-3.5550588e-06
SYN3-AS1,-3.5567145e-06
DZANK1,-3.5583014e-06
TFR2,-3.5598953e-06
RNU6-36P,-3.56228e-06
POLR3G,-3.5629032e-06
PNKD,-3.56336e-06
C8G,-3.5661585e-06
DSN1,-3.5665607e-06
ZNF582-DT,-3.5674243e-06
CUTC,-3.5682217e-06
H2BC11,-3.5689236e-06
DGKB,-3.5706323e-06
SLC51B,-3.5715582e-06
PRR18,-3.571816e-06
TTC3,-3.5726803e-06
FOXG1,-3.5736434e-06
PIGF,-3.573783e-06
FBXL2,-3.5743692e-06
OLFM3,-3.5743951e-06
ZKSCAN7,-3.5752857e-06
NEIL1-AS1,-3.5758592e-06
REC8,-3.5772716e-06
P2RX7,-3.5777045e-06
MAZ,-3.5781318e-06
PRDX3,-3.578962e-06
ADI1,-3.5789865e-06
KMT5C,-3.5800808e-06
SFXN4,-3.5800965e-06
DEAF1,-3.580255e-06
EPOR,-3.580501e-06
TRNAU1AP,-3.5808032e-06
SRA1,-3.5809983e-06
RPL10P3,-3.5810958e-06
ERMP1,-3.5814192e-06
TMEM51-AS2,-3.5831151e-06
POMK,-3.5843402e-06
STK16,-3.58553e-06
POLR3K,-3.5856385e-06
WASHC1,-3.5868577e-06
C1QA,-3.5875055e-06
SNORA66,-3.5884875e-06
NKIRAS1,-3.5893327e-06
TET3,-3.5908697e-06
SNORD114-3,-3.593334e-06
IGLV2-11,-3.593547e-06
LINC00938,-3.5938465e-06
PET100P1,-3.5939406e-06
FRY,-3.5947635e-06
USP51,-3.5968123e-06
RPL9,-3.5970163e-06
WASH8P,-3.597939e-06
FLYWCH2,-3.5986006e-06
CPE,-3.6001334e-06
RNU6-33P,-3.601143e-06
SFSWAP,-3.6013794e-06
PPWD1,-3.601553e-06
TRCR1,-3.6018064e-06
GTF3C5,-3.6020647e-06
RGS10,-3.6021163e-06
ANO4,-3.602703e-06
BET1-AS1,-3.6037145e-06
ZNF561-AS1,-3.603876e-06
WDTC1,-3.6039708e-06
RGS20,-3.6047652e-06
CD4,-3.6054685e-06
TLE5,-3.6059168e-06
RPS4XP16,-3.6062424e-06
PSTPIP2,-3.6069368e-06
IRGQ,-3.6073507e-06
ZNF354A,-3.6079211e-06
CDH24,-3.607947e-06
CYTH3,-3.6087088e-06
GABRA1,-3.6090044e-06
FAM217B,-3.6093734e-06
SEC14L5,-3.609633e-06
EEF1DP1,-3.610671e-06
ZNF226,-3.6107538e-06
ZBTB44,-3.6108745e-06
TRAPPC4,-3.6113329e-06
BRF2,-3.6119432e-06
PLEKHG3,-3.6147715e-06
HOXD8,-3.6149747e-06
LRRC71,-3.6154352e-06
ZSCAN12P1,-3.6154386e-06
ATP5F1EP2,-3.6160664e-06
BTN2A3P,-3.6166512e-06
RPL21P105,-3.617278e-06
HMGN2P6,-3.617659e-06
CD3E,-3.6176696e-06
SEMA4C,-3.6185145e-06
CALHM6,-3.6208294e-06
POLR2J4,-3.6229549e-06
TLE6,-3.6230635e-06
PSD2,-3.6233193e-06
TRAC,-3.625555e-06
APIP,-3.6283877e-06
HIKESHI,-3.628667e-06
IRF8,-3.6289116e-06
SOX1-OT,-3.6289446e-06
LINC00639,-3.629912e-06
VASH2,-3.6308002e-06
FHDC1,-3.6309266e-06
CDNF,-3.6310093e-06
SPAG4,-3.6314627e-06
SHISAL1,-3.6317667e-06
NKD1,-3.6334552e-06
UBAP1,-3.6337515e-06
CPPED1,-3.633873e-06
THBS3,-3.6359943e-06
TLE4,-3.637058e-06
CCNA1,-3.6377544e-06
COQ4,-3.6378456e-06
MMP9,-3.6382037e-06
CRMA,-3.6384783e-06
SLC37A2,-3.638799e-06
SHROOM4,-3.6393224e-06
UBE2N,-3.6398735e-06
ZNF397,-3.640293e-06
RPS8P8,-3.641549e-06
ST20,-3.6416893e-06
RPL13AP8,-3.6431832e-06
RADX,-3.6436059e-06
PNISR,-3.6438475e-06
UBQLN2,-3.644186e-06
KCNH1-IT1,-3.644659e-06
SLC39A12,-3.6459135e-06
ZNRF2,-3.6466397e-06
MYL3,-3.646752e-06
NDUFAF4,-3.6468236e-06
CCL3L3,-3.6474187e-06
PLD3,-3.647838e-06
PRICKLE1,-3.6479767e-06
FAF1,-3.649788e-06
UQCRC2,-3.6498316e-06
FAAP20,-3.650175e-06
LUC7L3,-3.6533456e-06
NCAN,-3.6538622e-06
MINCR,-3.6545891e-06
ATP5F1C,-3.6550905e-06
RNU6-483P,-3.6558952e-06
CAB39L,-3.656297e-06
TXNL4B,-3.6572835e-06
ZNF354B,-3.6579252e-06
RRAGB,-3.6581882e-06
KCNIP3,-3.658608e-06
OSTF1,-3.6608799e-06
PLXDC2-AS1,-3.6616977e-06
FPR3,-3.6618967e-06
GGH,-3.6621716e-06
RERG,-3.6621784e-06
GSCAR,-3.662945e-06
ATP23,-3.6632077e-06
TIAM1,-3.6636875e-06
RPS6P10,-3.6642737e-06
CYYR1,-3.6643196e-06
SLC1A2-AS2,-3.6656254e-06
PAN2,-3.6659071e-06
CD93,-3.6665926e-06
TAC3,-3.6666265e-06
MTUS1,-3.668379e-06
PROK2,-3.6694466e-06
TRIM23,-3.671325e-06
ESRRA,-3.6736135e-06
ZNHIT3,-3.6739884e-06
RPL32,-3.6740826e-06
SNORD19,-3.6746417e-06
STAT6,-3.675303e-06
DNA2,-3.6770743e-06
POLR3F,-3.6779347e-06
EN2,-3.677935e-06
ITPKA,-3.6787076e-06
MEF2A,-3.678924e-06
FBXW7,-3.6794422e-06
H2AZ1,-3.6802635e-06
HPS5,-3.6816778e-06
COX7A2,-3.6819038e-06
FAM229A,-3.68196e-06
MAP3K2-DT,-3.6824013e-06
VPS41,-3.6831789e-06
FANCA,-3.684368e-06
ADISSP,-3.6845995e-06
NPRL2,-3.685052e-06
C19orf38,-3.6869703e-06
SVIL-AS1,-3.688885e-06
LINC03010,-3.689342e-06
NECAP1,-3.6905167e-06
RNU6-925P,-3.6928895e-06
LOC105377779,-3.6929039e-06
MIR378H,-3.6931176e-06
MIR3605,-3.693886e-06
RNU6-689P,-3.6940905e-06
PALS2,-3.6954114e-06
KCNJ11,-3.6962122e-06
GABARAPL2,-3.696374e-06
B4GALNT4,-3.6969784e-06
RN7SL473P,-3.6971944e-06
PRKAA1,-3.6971953e-06
ST14,-3.6973638e-06
SBK1,-3.6975787e-06
KNTC1,-3.6975903e-06
CTTNBP2,-3.6976226e-06
DNAJC19P9,-3.6978295e-06
DPP3-DT,-3.6982767e-06
CD2AP-DT,-3.7005457e-06
SKP1,-3.7024372e-06
RPS3A,-3.7028374e-06
DLGAP1-AS4,-3.7030436e-06
TIGD3,-3.7045306e-06
EGLN2,-3.7055086e-06
ATP6V1G1,-3.705947e-06
RNU6-1123P,-3.7073535e-06
RCE1,-3.707553e-06
NLRC4,-3.7076313e-06
RPS24P9,-3.7094028e-06
COMMD5,-3.7094933e-06
TMEM183A,-3.7113775e-06
ZSWIM7,-3.7118318e-06
PHIP,-3.7121638e-06
BUD23,-3.714849e-06
HEIH,-3.7150865e-06
ABI1,-3.7161997e-06
HSD11B1,-3.7163284e-06
LILRB2,-3.716581e-06
COPG2IT1,-3.7167908e-06
EMCN,-3.717851e-06
LRRC49,-3.7179527e-06
PPIA,-3.7181699e-06
CDC20-DT,-3.7182294e-06
PBLD,-3.719101e-06
RNY3P8,-3.719576e-06
LOC101928893,-3.720079e-06
ATP2B3,-3.7200882e-06
PRMT6,-3.7218576e-06
VAX2,-3.7220047e-06
KHDC4,-3.7221776e-06
CNNM1,-3.7229352e-06
TRMT1L,-3.723268e-06
INPP5J,-3.7233328e-06
MRPL1,-3.725023e-06
MRPS15,-3.7256768e-06
ZNF513,-3.7271896e-06
EIF5AP4,-3.7280993e-06
LINC02282,-3.728225e-06
SGF29,-3.7282387e-06
ATP2B2,-3.7300906e-06
LINC02100,-3.7302655e-06
RPLP2,-3.7308546e-06
GSE1,-3.7314805e-06
IDI1,-3.732605e-06
MYBL1,-3.7341656e-06
ECSIT,-3.7351767e-06
TSC1,-3.7354346e-06
IPMK,-3.735488e-06
ZBTB18,-3.7357988e-06
CLIC3,-3.736388e-06
RPL13AP6,-3.736414e-06
SELENOW,-3.736776e-06
AQP9,-3.739603e-06
DIPK1A,-3.7407628e-06
ATXN7L2,-3.7416812e-06
MIR1244-3,-3.7419818e-06
CNTN1,-3.7423224e-06
SAMD14,-3.7429445e-06
HACL1,-3.7438224e-06
RPL7AP76,-3.7439768e-06
ZNF84,-3.7441228e-06
SUB1,-3.7446323e-06
LMTK3,-3.7446928e-06
CCDC126,-3.7449083e-06
HMGCLL1,-3.7462764e-06
DDX11L2,-3.7473765e-06
ZNF518A,-3.7479633e-06
KIF24,-3.7488576e-06
YAE1,-3.7490238e-06
UBE2F,-3.7507043e-06
FLI1,-3.7507111e-06
RPL34P16,-3.7508262e-06
C12orf57,-3.7516254e-06
ZNF793,-3.7516331e-06
METTL26,-3.7518469e-06
RPL36AP26,-3.754399e-06
ELAPOR1,-3.7545124e-06
DOP1A,-3.7545278e-06
DMTF1-AS1,-3.7547422e-06
LOC105375130,-3.7561906e-06
IFT25,-3.757447e-06
GPR155,-3.757532e-06
CDKN3,-3.7577665e-06
RAB32,-3.7588984e-06
ELP6,-3.7599004e-06
NUDT17,-3.7599016e-06
LINC01976,-3.7600164e-06
DIPK1B,-3.7609634e-06
MAGI2-AS3,-3.7612383e-06
UBE2E4P,-3.761435e-06
MGST1,-3.7620498e-06
AP3S1,-3.7626858e-06
SCIN,-3.763756e-06
FABP6,-3.7642394e-06
FAIM2,-3.7659058e-06
CAMK1D,-3.7660575e-06
VPS29,-3.7660934e-06
SNRPGP4,-3.766724e-06
DCAF10,-3.767034e-06
DOCK9,-3.7675538e-06
CLTA,-3.7687985e-06
C21orf91,-3.7689458e-06
TSHZ1,-3.7691873e-06
PELI1,-3.7728807e-06
PLA1A,-3.772898e-06
MTND4P35,-3.7736067e-06
RPL34P33,-3.775724e-06
NDUFB9,-3.7765085e-06
SAT2,-3.7767834e-06
CACNA2D2,-3.7768486e-06
ATOSA,-3.7780385e-06
CARD11,-3.7783739e-06
SIGLEC14,-3.7790753e-06
COPS3,-3.77999e-06
H4C11,-3.7800944e-06
AXIN2,-3.780275e-06
VN1R42P,-3.7806756e-06
RPL5P5,-3.7819757e-06
EBPL,-3.7820887e-06
H1-2,-3.7830562e-06
RASSF1,-3.786522e-06
GSTT2B,-3.786641e-06
SLC43A1,-3.7879433e-06
IRF9,-3.7879915e-06
CCNC,-3.7881998e-06
SMAD7,-3.7888653e-06
RPL37AP1,-3.7902844e-06
ZBED8,-3.7909526e-06
GABRA4,-3.791209e-06
VMA21,-3.791867e-06
TFB1M,-3.7922166e-06
PPP1R35-AS1,-3.792342e-06
CCRL2,-3.7930402e-06
PPP1R8,-3.794695e-06
STEAP1,-3.7961552e-06
ABCG1,-3.7961859e-06
PSMD10P1,-3.7969355e-06
SLC43A3,-3.797106e-06
PLEK2,-3.7995937e-06
TMEM116,-3.8002338e-06
TPPP,-3.801912e-06
KIFC3,-3.8034136e-06
PFDN2,-3.804062e-06
UBE2V2,-3.8084995e-06
PYM1,-3.8087023e-06
SLC38A2,-3.8087628e-06
CRIPT,-3.808946e-06
GJB2,-3.8100202e-06
TSC2,-3.8120995e-06
NTAQ1,-3.812288e-06
CCDC152,-3.8131943e-06
PCDHB7,-3.813285e-06
PLCH2,-3.8140995e-06
MYCN,-3.8142368e-06
MEF2C,-3.815344e-06
GABBR2,-3.8158946e-06
LIPE,-3.816532e-06
ANAPC7,-3.8170774e-06
KCNJ4,-3.8193293e-06
ZNF256,-3.8196667e-06
SEM1,-3.820587e-06
FCHO2,-3.820628e-06
RGS5,-3.8207445e-06
LANCL1,-3.8213147e-06
IRF5,-3.8221738e-06
ARL10,-3.8232497e-06
PYCARD,-3.8232524e-06
PDE4A,-3.8237927e-06
EYA1,-3.825502e-06
POP5,-3.8259013e-06
ANAPC16,-3.827264e-06
RARRES2P1,-3.8275884e-06
TTC19,-3.827746e-06
MAPK11,-3.8284234e-06
RAB11FIP4,-3.829445e-06
CKAP2,-3.830928e-06
PTPN4,-3.831862e-06
SCARNA5,-3.8323415e-06
TRGV7,-3.832729e-06
PRAM1,-3.8331864e-06
RPL35P5,-3.8337275e-06
STARD10,-3.836539e-06
RBFOX3,-3.8371377e-06
H2BC18,-3.837545e-06
LINC01535,-3.837795e-06
TBX15,-3.8392354e-06
LITAF,-3.8392586e-06
C1D,-3.8395806e-06
LMO1,-3.8399044e-06
ZNF182,-3.8399367e-06
CLGN,-3.8403423e-06
BANK1,-3.8405406e-06
C1QB,-3.8411645e-06
NDUFA12,-3.8415837e-06
SLC38A7,-3.8416174e-06
C9orf72,-3.8419325e-06
RBM4B,-3.8420485e-06
ATG14,-3.8428116e-06
LRRC37A5P,-3.8455255e-06
DESI1,-3.846617e-06
UBXN2B,-3.847906e-06
ATP5PF,-3.8483677e-06
RNF149,-3.848859e-06
IFNGR1,-3.849285e-06
FRMD4B,-3.85082e-06
BCAR1,-3.850875e-06
UBA52P5,-3.852777e-06
UQCC4,-3.852916e-06
CEP126,-3.853073e-06
SNORA71B,-3.8551416e-06
KIAA0513,-3.855189e-06
FUNDC2P1,-3.856493e-06
TRAM1L1,-3.8564976e-06
VSIG4,-3.856716e-06
CACNG8,-3.8571015e-06
NUF2,-3.8573726e-06
KLHL23,-3.858419e-06
RNY4P19,-3.8594653e-06
MCTP1,-3.8606363e-06
CYC1,-3.8614517e-06
CASP3,-3.86281e-06
SIGLEC7,-3.8629273e-06
TGDS,-3.8642333e-06
UBP1,-3.8647117e-06
SLC30A10,-3.865215e-06
PPP1R16B,-3.8661397e-06
GTF2E2,-3.8668777e-06
TMEM14C,-3.8674934e-06
ITGB8-AS1,-3.8679204e-06
ZDHHC15,-3.868866e-06
MTCYBP18,-3.8698304e-06
ACO1,-3.8704975e-06
SNRPA1,-3.870658e-06
CEL,-3.8708085e-06
GAR1-DT,-3.870944e-06
BPHL,-3.872278e-06
TSC22D3,-3.8729027e-06
CLSTN2,-3.873439e-06
RAC3,-3.8745857e-06
FABP5,-3.875039e-06
LARGE1,-3.8773805e-06
EIF1P6,-3.87748e-06
RPS27L,-3.877558e-06
SLC6A15,-3.878727e-06
CLN8,-3.881723e-06
CDH13,-3.8818594e-06
POLA2,-3.8838452e-06
PARPBP,-3.886092e-06
TPD52L2,-3.88656e-06
ARPC3,-3.886597e-06
ERHP1,-3.8881444e-06
RPL34P34,-3.888267e-06
MTHFD1L,-3.8883463e-06
ZNF429,-3.888399e-06
SLC9A9,-3.888805e-06
L3HYPDH,-3.8888616e-06
MAP6,-3.8892535e-06
TTYH2,-3.889343e-06
BOD1,-3.890139e-06
ARSF,-3.8902313e-06
SAMTOR,-3.8905687e-06
ZNF292,-3.8909634e-06
PKD1,-3.893698e-06
PITRM1,-3.8937565e-06
LRRC40,-3.894372e-06
ZNF771,-3.897488e-06
CACNG2-DT,-3.8979324e-06
ASS1,-3.8979592e-06
CETP,-3.900677e-06
BNAT1,-3.9022443e-06
RFLNB,-3.902279e-06
SPAG9,-3.9028278e-06
ZNF440,-3.9037996e-06
TBL1XR1,-3.9040415e-06
MKRN5P,-3.9041593e-06
RABGEF1P1,-3.905591e-06
GPX3,-3.9059864e-06
C1QL3,-3.906358e-06
NPTN,-3.909654e-06
GKAP1,-3.9098445e-06
TAF1A-AS1,-3.9100714e-06
CEP290,-3.910721e-06
LINC03124,-3.911111e-06
OR7E7P,-3.911158e-06
E2F1,-3.9113606e-06
NIPSNAP3A,-3.913382e-06
MYRIP,-3.913619e-06
SLC1A1,-3.915012e-06
RPL21P119,-3.9157667e-06
RPS29P11,-3.9161723e-06
MIRLET7A1HG,-3.9162087e-06
TXNL4A,-3.916626e-06
NFX1,-3.917163e-06
TMEM254-AS1,-3.917736e-06
NEK2,-3.918322e-06
PRR19,-3.9197257e-06
THAP9,-3.9203837e-06
CMTM8,-3.921021e-06
TRMU,-3.921301e-06
P2RY13,-3.921331e-06
FOXL1,-3.923415e-06
ZNF488,-3.9262754e-06
SULF2,-3.9269266e-06
DPM3,-3.9291526e-06
ASRGL1,-3.9293477e-06
MIS12,-3.9293586e-06
OCIAD2,-3.9305387e-06
RN7SL600P,-3.9314273e-06
PLPPR3,-3.9327933e-06
MYO16,-3.9328424e-06
ZNF595,-3.9329557e-06
MYO1D,-3.9331285e-06
NRIP2,-3.933338e-06
EMC8,-3.934125e-06
SYNJ1,-3.935498e-06
RHBDL3,-3.936245e-06
RPL26P19,-3.936792e-06
LZTR1,-3.9377273e-06
FTSJ1,-3.9388824e-06
FANCD2,-3.939211e-06
RPL31P4,-3.9395763e-06
PHF21B,-3.9404285e-06
ABHD14A,-3.9406177e-06
TMEM167B-DT,-3.9412807e-06
SLC38A10,-3.941485e-06
LRP12,-3.942492e-06
ZNF497-AS1,-3.942969e-06
MRPL45,-3.9444085e-06
BIN1,-3.944915e-06
RNU4-47P,-3.9449833e-06
B3GAT1,-3.9466195e-06
ASIC3,-3.9468564e-06
GALNT16,-3.947551e-06
FAM89A,-3.94837e-06
TCEA3,-3.9485794e-06
PRKCQ,-3.9495835e-06
RALYL,-3.94967e-06
ZNF736,-3.9509305e-06
HMGB2,-3.951154e-06
H2BC6,-3.951817e-06
PCMTD1-DT,-3.953773e-06
CDIP1,-3.95426e-06
ATAD2B,-3.9549586e-06
LINC01896,-3.9561464e-06
HERC1,-3.9591273e-06
FBXO15,-3.9617826e-06
LINC01974,-3.961881e-06
POLR2I,-3.963084e-06
ST3GAL1,-3.9633705e-06
SERGEF,-3.963408e-06
HCK,-3.9637594e-06
RNU6-658P,-3.963905e-06
BAZ2B,-3.964511e-06
RET,-3.964687e-06
FGL2,-3.965305e-06
MAP3K8,-3.9657143e-06
RXRG,-3.9665256e-06
LIPT2-AS1,-3.9694737e-06
SLC2A13,-3.970248e-06
RPL26P6,-3.9704155e-06
ISCU,-3.9704933e-06
ZSCAN26,-3.970869e-06
DZIP1,-3.973214e-06
HLA-DPB1,-3.9750694e-06
HMGN1P37,-3.9756933e-06
MYH3,-3.9757088e-06
MIR7848,-3.9759902e-06
SPRN,-3.9771107e-06
LY86,-3.9778656e-06
DCLRE1A,-3.978003e-06
HHAT,-3.978089e-06
RNU6-1262P,-3.978278e-06
ARHGEF11,-3.979219e-06
CD2BP2-DT,-3.979808e-06
SLC26A10P,-3.979952e-06
PRKACB-DT,-3.982293e-06
APP-DT,-3.9836505e-06
HACL2,-3.984174e-06
SLC6A1,-3.9848437e-06
HLA-DRB6,-3.985697e-06
LSM4,-3.9866454e-06
HDAC5,-3.9875786e-06
FMNL1,-3.9877455e-06
SNRNP70,-3.988991e-06
SSH2,-3.9908778e-06
CLVS2,-3.9913675e-06
LRTM2,-3.991789e-06
NAA38,-3.992526e-06
AVPI1,-3.993159e-06
RPS4XP22,-3.99338e-06
PLCXD3,-3.993508e-06
RNVU1-31,-3.9940296e-06
TMCC3,-3.9955826e-06
POM121L9P,-3.9955876e-06
NDRG3,-3.995791e-06
SNORD14E,-3.996094e-06
TMEM138,-3.9970387e-06
HPCAL1,-3.9972833e-06
CREG2,-3.9972874e-06
H2AZ2-DT,-3.997587e-06
HOXD10,-3.9982233e-06
LINC01736,-3.9986357e-06
POGLUT1,-3.9993083e-06
LGI4,-3.999842e-06
CCL25,-4.000633e-06
RNU6-118P,-4.0007803e-06
BIVM,-4.002023e-06
NAXD,-4.00269e-06
BCAN,-4.0030172e-06
DHRS7,-4.003187e-06
LINC02166,-4.0033765e-06
RPS23,-4.0037503e-06
APRT,-4.004262e-06
AP2S1,-4.00528e-06
RPL29P19,-4.00658e-06
SNAI1,-4.0082227e-06
RNU5E-8P,-4.0086147e-06
EPHB1,-4.009939e-06
CEP72,-4.0102686e-06
POPDC2,-4.0113714e-06
C19orf25,-4.0116524e-06
ADORA3,-4.0132904e-06
RPS20P6,-4.0139053e-06
SLC40A1,-4.01646e-06
ZNF512,-4.0165783e-06
UBA7,-4.0177492e-06
MORF4L2,-4.01785e-06
NEUROD2,-4.018121e-06
LOC105378268,-4.0215646e-06
LINC00926,-4.0216332e-06
ATG4C,-4.023264e-06
PCNA,-4.0239966e-06
KCNJ8,-4.024238e-06
RN7SL81P,-4.024363e-06
R3HDM1,-4.025663e-06
SAMSN1,-4.0258033e-06
ATL2,-4.0259783e-06
APOC1,-4.0262134e-06
CELF5,-4.026426e-06
HEPH,-4.027765e-06
POLQ,-4.028022e-06
RNU6-850P,-4.0295936e-06
TEX29,-4.0296045e-06
RGS14,-4.031547e-06
MAP3K7CL,-4.0320406e-06
LOC100131785,-4.032351e-06
TNFSF8,-4.033505e-06
SUPT20H,-4.0337445e-06
ADAMTSL2,-4.034065e-06
ARPC2,-4.0340756e-06
RPL21,-4.034925e-06
TRAPPC3,-4.0352197e-06
ANKRD13A,-4.035858e-06
ZNF841,-4.036642e-06
RAP2A,-4.0367067e-06
RASL11B,-4.0367245e-06
JCAD,-4.0368013e-06
AGO2,-4.0377463e-06
LOC124901827,-4.038049e-06
AKNA,-4.0388495e-06
AKIP1,-4.0389623e-06
HCP5,-4.040847e-06
LYL1,-4.0416735e-06
PHF5A,-4.0417112e-06
SPATA24,-4.041754e-06
RGCC,-4.0431237e-06
BIN2,-4.0436657e-06
WBP4,-4.0436903e-06
ZNF431,-4.0458663e-06
NUP107,-4.04651e-06
AAAS,-4.0473547e-06
HSPB3,-4.0498485e-06
RASSF4,-4.0502186e-06
DHRSX,-4.051245e-06
ABR,-4.05189e-06
CBX7,-4.052536e-06
ZDHHC22,-4.0543287e-06
RN7SL145P,-4.054543e-06
UQCR11,-4.054757e-06
LOC124904027,-4.0555683e-06
SS18L2,-4.0567284e-06
JAK3,-4.0577306e-06
LYPD3,-4.0580094e-06
TTC28-AS1,-4.0594045e-06
LPCAT2,-4.0596183e-06
USP43,-4.060197e-06
ASL,-4.0607893e-06
TESK2,-4.060877e-06
LINC02768,-4.061483e-06
LOC124902204,-4.061717e-06
PDZK1IP1,-4.0617533e-06
SMIM19,-4.06211e-06
CDRT15P1,-4.062275e-06
SLC25A11,-4.0637105e-06
GPX1,-4.0641876e-06
CTNNA2,-4.064331e-06
RPS20P10,-4.0647988e-06
ZNF596,-4.064983e-06
HACD4,-4.065592e-06
SKA2,-4.0656587e-06
DSTNP1,-4.066286e-06
TBXAS1,-4.0678765e-06
IL12RB1,-4.068393e-06
FRG1CP,-4.0685663e-06
RFC3,-4.0692457e-06
EVA1A,-4.0706527e-06
PIBF1,-4.07218e-06
COMMD7,-4.0734562e-06
NDUFS3,-4.0747145e-06
VAMP2,-4.075362e-06
CABLES2,-4.0756054e-06
CDR2L,-4.077023e-06
ITSN2,-4.0779505e-06
NXF1,-4.0803197e-06
LOC105373334,-4.081072e-06
HNRNPA0,-4.0818154e-06
PFN1,-4.081955e-06
UCKL1,-4.082043e-06
POLE2,-4.083802e-06
RPS12P29,-4.084535e-06
DDX11,-4.0846803e-06
CSF3R,-4.0854356e-06
PDE4D,-4.0857262e-06
CEACAM4,-4.0861405e-06
PGAM5,-4.087227e-06
KCTD17,-4.0883497e-06
DDX39BP2,-4.088889e-06
GTF2IRD2B,-4.089322e-06
BLOC1S1,-4.090673e-06
SPOPL,-4.091147e-06
SUDS3,-4.091394e-06
WDR37,-4.091613e-06
RN7SL566P,-4.0927043e-06
FANCL,-4.092785e-06
CBR4,-4.09302e-06
CA11,-4.096741e-06
RNU7-171P,-4.0972313e-06
FNBP1P1,-4.097478e-06
PDE6B,-4.0979867e-06
SNORD19C,-4.098017e-06
MED23,-4.098396e-06
CREB3L4,-4.0996424e-06
LOC124903031,-4.100812e-06
COL11A2,-4.102386e-06
FAM110B,-4.10276e-06
ZNF41,-4.103772e-06
JAGN1,-4.1071794e-06
ANO5,-4.1073617e-06
OSGEPL1,-4.108637e-06
JCHAIN,-4.1086764e-06
C1orf54,-4.108834e-06
PLAC9,-4.1095304e-06
NPM3,-4.1103253e-06
ZFHX2,-4.1120175e-06
TUBA4A,-4.1127732e-06
BNIP3P27,-4.1127864e-06
COMTD1,-4.1128937e-06
CLDN5,-4.113293e-06
NEK7,-4.113749e-06
HERPUD1-IT1,-4.115091e-06
RPL15P3,-4.1157928e-06
ZNF75A,-4.116251e-06
MARCHF6,-4.116931e-06
MYH7,-4.1176845e-06
C5orf63,-4.117822e-06
PTPN5,-4.118141e-06
HDDC2,-4.1206426e-06
RPL10A,-4.1209014e-06
WDR53,-4.1210533e-06
SENP7,-4.121274e-06
PROCA1,-4.1214325e-06
LINC00609,-4.1230223e-06
JRK,-4.1234193e-06
CRBN,-4.123913e-06
THTPA,-4.1266553e-06
CNTFR,-4.127162e-06
SMIM8,-4.1298026e-06
KIF2C,-4.130357e-06
MASTL,-4.131498e-06
PAN3,-4.132031e-06
ZNF544,-4.132627e-06
OSER1,-4.1343505e-06
SNX10-AS1,-4.1345875e-06
H2AX,-4.134737e-06
CISD1,-4.1350036e-06
PWWP2B,-4.1358435e-06
POGZ,-4.136122e-06
LYPD5,-4.137639e-06
TMEM97,-4.1388885e-06
OLA1,-4.139717e-06
SCML2,-4.1413487e-06
SPEG,-4.141899e-06
FAUP2,-4.1419034e-06
ST8SIA3,-4.142139e-06
TPRG1L,-4.142388e-06
LAPTM5,-4.1428707e-06
NCOA2,-4.1439343e-06
TECTA,-4.144552e-06
MIR6797,-4.144706e-06
TMEFF2,-4.145198e-06
CDK18,-4.1454036e-06
RCN2,-4.1479684e-06
IL2RG,-4.148147e-06
RPS26P58,-4.1499416e-06
LOC102723566,-4.1501994e-06
MIR378B,-4.1503577e-06
PSMA4,-4.1508656e-06
MYSM1,-4.1509265e-06
RPL19P6,-4.153769e-06
CNTROB,-4.1544304e-06
IRAK1BP1,-4.154532e-06
CCDC167,-4.155511e-06
RPL9P27,-4.1555277e-06
TIGD1,-4.155843e-06
CERS6,-4.1567155e-06
OBI1,-4.1569688e-06
UBL7,-4.1579724e-06
DAXX,-4.1581234e-06
PTBP2,-4.158684e-06
HOXB2,-4.160338e-06
LOC124904154,-4.161851e-06
LRCH4,-4.1620974e-06
PTPRT,-4.1627463e-06
DCAF4,-4.1628778e-06
PASK,-4.1631542e-06
INCA1,-4.1631774e-06
CSF2RB,-4.163644e-06
ATP5F1E,-4.164645e-06
MS4A4A,-4.1649596e-06
ECRG4,-4.1654584e-06
DUSP9,-4.1661665e-06
PFDN4,-4.1667563e-06
NEURL4,-4.1683093e-06
SASH3,-4.1686285e-06
LINC02993,-4.1695826e-06
PGAP1,-4.169892e-06
NCAPH2,-4.169982e-06
VAMP8,-4.1718326e-06
DUSP2,-4.172571e-06
LIPT1,-4.173174e-06
TONSL,-4.173405e-06
AP5Z1,-4.173804e-06
RPS2P32,-4.1739786e-06
CBX2,-4.1740923e-06
GLCE,-4.174382e-06
CGAS,-4.17507e-06
RPS3AP49,-4.1755466e-06
FCHSD1,-4.175656e-06
IL11RA,-4.176289e-06
ZNF319,-4.176983e-06
ZNF506,-4.1796548e-06
TMIGD3,-4.1807266e-06
SPAG5,-4.180992e-06
LRRC55,-4.1838102e-06
RPL37P23,-4.1846197e-06
MCRS1,-4.185354e-06
NBPF3,-4.186938e-06
RPL24P7,-4.1871244e-06
CCDC28A,-4.188184e-06
HDAC4-AS1,-4.189264e-06
USP49,-4.189464e-06
TRAF5,-4.192021e-06
POU2F2,-4.192907e-06
BTF3P10,-4.193481e-06
B3GALT5-AS1,-4.193894e-06
SLC7A14,-4.1947005e-06
NCS1,-4.196357e-06
GSKIP,-4.1964613e-06
MARCKSL1,-4.1975245e-06
METTL5,-4.198412e-06
RPL34,-4.1992944e-06
CLEC2D,-4.200331e-06
CFAP300,-4.20094e-06
PSMG2,-4.2010083e-06
LRFN1,-4.2012584e-06
ZNF605,-4.202661e-06
BRD1,-4.2027705e-06
MYT1,-4.2029574e-06
RPL34P27,-4.202997e-06
SLC24A3,-4.203173e-06
MAP3K7,-4.205311e-06
APLNR,-4.2072693e-06
DTD1,-4.2079964e-06
MYT1L,-4.209166e-06
PLK1,-4.2093884e-06
CCDC120,-4.2094534e-06
ANKRD36,-4.2096367e-06
SETD6,-4.211892e-06
LOC100132249,-4.2121937e-06
OTUD7A,-4.2145944e-06
COMMD4,-4.2146216e-06
ATAD1,-4.2155552e-06
B3GNT2,-4.215725e-06
RGS1,-4.215953e-06
ARHGAP9,-4.2161932e-06
RMI1,-4.217824e-06
DENND1C,-4.220745e-06
NDUFB3,-4.2211673e-06
ZFAS1,-4.2224897e-06
RAD51-AS1,-4.2227357e-06
SLC43A2,-4.2227916e-06
ALPL,-4.2232246e-06
SUGP1,-4.2241563e-06
NDUFB6,-4.224402e-06
PAPSS2,-4.224701e-06
CMTM1,-4.225424e-06
TNFSF4,-4.226576e-06
RNVU1-27,-4.2271163e-06
SLC7A7,-4.2274814e-06
TIMM10,-4.2275674e-06
NEMP2-DT,-4.2282904e-06
SEMA3F,-4.228645e-06
NUDT16L2P,-4.2294346e-06
TMPO,-4.2294546e-06
TMEM242,-4.2300317e-06
CCL5,-4.2306883e-06
RAI14,-4.2308693e-06
RPL35AP36,-4.2308775e-06
PBX2,-4.231537e-06
ADARB1,-4.2317174e-06
GOLT1B,-4.2318375e-06
TUFT1,-4.2320303e-06
MTA1,-4.232085e-06
LOC728743,-4.233627e-06
PDE5A,-4.234549e-06
TNK2,-4.234884e-06
RPS18P9,-4.2352235e-06
LRRC37A3,-4.235518e-06
KCNQ2,-4.23682e-06
KCNT2,-4.23731e-06
DPH6-DT,-4.23767e-06
C16orf54,-4.2378365e-06
SNORD69,-4.238188e-06
RPS26P11,-4.2386314e-06
CYLD,-4.239825e-06
FOSB,-4.240086e-06
CBX3P2,-4.240156e-06
PSPC1,-4.2411493e-06
GPR173,-4.241789e-06
MSH5,-4.2429947e-06
RBMX,-4.244181e-06
ZC3H8,-4.2443935e-06
CIDECP1,-4.2463375e-06
ATP8B4,-4.2467823e-06
PHF6,-4.2469687e-06
NOL6,-4.2478723e-06
PNRC1,-4.2486845e-06
UBA3,-4.2489432e-06
PPIL3,-4.249529e-06
IFT52,-4.2504257e-06
CYP24A1,-4.2505876e-06
NFYA,-4.250751e-06
STK26,-4.2518955e-06
FAM27B,-4.252058e-06
ZSCAN16,-4.252138e-06
TMEM126B,-4.25559e-06
FZD2,-4.257118e-06
LINC02975,-4.2571946e-06
PNOC,-4.2582337e-06
SNORD9,-4.258336e-06
CTXND1,-4.2585666e-06
MIR4666A,-4.2588044e-06
RPS13P8,-4.259555e-06
LINC01558,-4.2600195e-06
HAUS1,-4.2600227e-06
HRCT1,-4.2617035e-06
HLA-DQB1,-4.26237e-06
RNU1-67P,-4.2634542e-06
MS4A6E,-4.26668e-06
MSANTD3,-4.2669835e-06
LACC1,-4.267302e-06
IGKV1-5,-4.2677434e-06
BFSP1,-4.268744e-06
UCN,-4.268885e-06
GPR153,-4.2701236e-06
RSRP1,-4.270334e-06
KIAA0930,-4.2705897e-06
GLOD4,-4.2711426e-06
ABHD6,-4.2711818e-06
RPL18AP6,-4.272748e-06
IL17RB,-4.273271e-06
HBA1,-4.274081e-06
NCKAP5L,-4.274633e-06
MIR600HG,-4.2758534e-06
RHPN1,-4.2765514e-06
CRAMP1,-4.276895e-06
NSMCE1,-4.27694e-06
THAP2,-4.277043e-06
HOXD3,-4.2771676e-06
ZNF493,-4.2772353e-06
CLDN10,-4.2794068e-06
DNAJA1,-4.2796028e-06
KCNA6,-4.279728e-06
BANF1,-4.2800566e-06
ZNF137P,-4.283884e-06
PHETA2,-4.28427e-06
CCDC24,-4.28457e-06
GASK1A,-4.285038e-06
STX8,-4.2853135e-06
PLEKHH2,-4.285849e-06
EMC1-AS1,-4.2860474e-06
ERLN,-4.2860675e-06
GMPR2,-4.286163e-06
ELFN2,-4.2862075e-06
TTBK1,-4.286302e-06
RPS14,-4.2863635e-06
PTH1R,-4.286723e-06
CRYZL2P,-4.287471e-06
PELP1-DT,-4.287655e-06
FAM171A1,-4.2885817e-06
PRKCQ-AS1,-4.2902975e-06
NQO1,-4.291927e-06
AK9,-4.293186e-06
CTU2,-4.2937418e-06
NIT2,-4.2952174e-06
NKTR,-4.2956576e-06
CCL3,-4.29567e-06
SPAST,-4.295697e-06
ATP6AP1-DT,-4.295822e-06
ZNF30-AS1,-4.296215e-06
RPL17,-4.300015e-06
SUMO2,-4.303104e-06
PYCR3,-4.3032164e-06
RPS17P16,-4.3035056e-06
ELP5,-4.3045993e-06
SEM1P1,-4.305317e-06
RPL37,-4.3057e-06
HADH,-4.3064356e-06
ZNF140,-4.3064865e-06
DRG1,-4.3072405e-06
SCRG1,-4.307891e-06
DRAM2,-4.3094456e-06
NDUFAF8,-4.3099703e-06
FHOD3,-4.3106124e-06
HS6ST3,-4.3114064e-06
MAGEL2,-4.312201e-06
PAAF1,-4.3137043e-06
PTPN18,-4.3143555e-06
COMMD6,-4.3159444e-06
IL18,-4.3163263e-06
PIWIL2-DT,-4.316365e-06
MTMR12,-4.317248e-06
TPGS1,-4.3180257e-06
ARHGAP18,-4.318889e-06
ZNF578,-4.3192617e-06
DIO2,-4.3203345e-06
CARD19,-4.3225896e-06
DOCK3,-4.325206e-06
RASGRP4,-4.325715e-06
ANK3,-4.326718e-06
COA8,-4.3269415e-06
OGA,-4.3284113e-06
SHISA6,-4.3304185e-06
PDLIM4,-4.3304985e-06
BBLN,-4.3315067e-06
AURKB,-4.3320156e-06
PRRT4,-4.332826e-06
LINC02977,-4.332895e-06
TLR8,-4.3343202e-06
MARCHF9,-4.3351256e-06
RNU6-5P,-4.3353702e-06
SLC37A1,-4.33566e-06
SHLD3,-4.3382224e-06
ZFAND3-DT,-4.3394425e-06
MTUS1-DT,-4.3394693e-06
DPY19L2P4,-4.339618e-06
PDPK1,-4.3397154e-06
SNRPB2,-4.3402274e-06
PXDN,-4.340433e-06
RNU6-1136P,-4.3439063e-06
ATP5MC1,-4.344797e-06
LOC107986777,-4.345756e-06
CBS,-4.3486725e-06
RMI2,-4.348694e-06
SF1-DT,-4.3496693e-06
OXLD1,-4.350907e-06
RPL26P32,-4.3512446e-06
ZC3HAV1L,-4.3518303e-06
CYBC1,-4.3528576e-06
MXI1,-4.353848e-06
HEY1,-4.3545006e-06
SYNGR2,-4.354954e-06
RPL13P8,-4.3551386e-06
TRIM59,-4.3556147e-06
COMMD1,-4.3561135e-06
CFAP20,-4.3562873e-06
MAGI3,-4.3565847e-06
C17orf113,-4.3573336e-06
ORC4,-4.358343e-06
PLXNB3,-4.3586124e-06
HMSD,-4.3595064e-06
SYNDIG1L,-4.3599384e-06
SF3A2,-4.360072e-06
PI4KAP1,-4.360718e-06
KLHL9,-4.3608566e-06
MICOS10,-4.3612786e-06
SRGAP1,-4.361436e-06
CBARP-DT,-4.36247e-06
COX5B,-4.362846e-06
RPS3P6,-4.363073e-06
CHRD,-4.364037e-06
CD1D,-4.3645846e-06
GABRB3,-4.365136e-06
FTH1P8,-4.3668833e-06
MIAT,-4.3669365e-06
RNF150,-4.367554e-06
OVGP1,-4.367819e-06
ADARB2,-4.3688433e-06
CACYBP,-4.3691416e-06
SNTG1,-4.370939e-06
RNU6-807P,-4.3736018e-06
ARPC3P1,-4.3737914e-06
CIBAR1,-4.3744467e-06
NINJ2-AS1,-4.3756168e-06
MT-ND5,-4.3771433e-06
MID2,-4.378266e-06
ITGA10,-4.3784285e-06
ZNF738,-4.378512e-06
MRPS31,-4.3794353e-06
SHISAL2B,-4.379456e-06
SNORD11,-4.380812e-06
LOC124902769,-4.381845e-06
ZNF32-AS1,-4.382299e-06
P2RY14,-4.3824525e-06
XCL2,-4.3831574e-06
NANOS3,-4.384065e-06
SCARB1,-4.3846053e-06
PPP4R1-AS1,-4.3848404e-06
FAM124B,-4.3848545e-06
NUDT22,-4.3852647e-06
PTPRC,-4.385637e-06
MIR3677,-4.3868367e-06
FBXO10,-4.3899922e-06
RICTOR,-4.3901696e-06
MAGOHB,-4.3902774e-06
HS6ST2,-4.390631e-06
APOO,-4.3907853e-06
SMYD2,-4.3920913e-06
PNP,-4.3926775e-06
MMRN1,-4.3934615e-06
ESM1,-4.3937025e-06
ETFB,-4.3961754e-06
NLRP3,-4.3965533e-06
PIN1,-4.3966975e-06
RNU4-52P,-4.396883e-06
COQ7,-4.397333e-06
SFPQ,-4.3976765e-06
RAC2,-4.398357e-06
MPV17L,-4.3984965e-06
GPN3,-4.3992322e-06
STAB1,-4.400503e-06
STOX1,-4.4006247e-06
SFI1,-4.403102e-06
HLX,-4.403857e-06
LYN,-4.4046305e-06
MRPL39,-4.4055014e-06
RPS15A,-4.4061085e-06
IMPDH1,-4.407081e-06
ZSWIM1,-4.408669e-06
MED30,-4.4088983e-06
YPEL3-DT,-4.409235e-06
CRMP1,-4.4097856e-06
SCAND1,-4.4103604e-06
SLC75A1,-4.4104604e-06
LGALS8,-4.410572e-06
TMEM14B,-4.41061e-06
DECR2,-4.410856e-06
PMPCB,-4.4111944e-06
MYPOP,-4.4121407e-06
COA6-AS1,-4.4129974e-06
SEMA3B-AS1,-4.413846e-06
CYB5R2,-4.4162875e-06
LIFR-AS1,-4.4166272e-06
CD2,-4.417086e-06
PTEN,-4.4173016e-06
BRINP3,-4.418009e-06
GSTA4,-4.419251e-06
AIG1,-4.4201074e-06
EEF1B2,-4.4211483e-06
KBTBD3,-4.4211874e-06
NDUFB11,-4.4215267e-06
FBF1,-4.4220706e-06
PRKX,-4.422999e-06
ARIH2OS,-4.425234e-06
SEMA4G,-4.4260332e-06
RPL37P19,-4.4261947e-06
ERAP2,-4.4264266e-06
SNRPA,-4.428381e-06
ACSL1,-4.4285257e-06
PLAAT1,-4.428775e-06
ZNF202,-4.429015e-06
TRPT1,-4.4309636e-06
CEP70,-4.431069e-06
KRCC1,-4.432269e-06
LINC01637,-4.4344793e-06
ACBD7,-4.435272e-06
CMKLR1,-4.4356843e-06
CBFA2T2,-4.4377202e-06
TMEM165,-4.437859e-06
RCBTB1,-4.438407e-06
TMEM219,-4.438571e-06
H4C12,-4.4386525e-06
CHL1-AS2,-4.439266e-06
NPTX1,-4.439583e-06
MPEG1,-4.439858e-06
RNVU1-3,-4.440104e-06
TPT1P4,-4.4406156e-06
SLC38A6,-4.4411577e-06
KCNJ3,-4.4417266e-06
PIK3AP1,-4.443728e-06
SPAG8,-4.44473e-06
NT5DC2,-4.4448325e-06
H2BC9,-4.4454387e-06
ATP6V1B2,-4.446505e-06
FTLP3,-4.4475937e-06
PTDSS2,-4.4477315e-06
FN1-DT,-4.4478143e-06
PPIEL,-4.4484905e-06
NDUFAF3,-4.4492713e-06
BLOC1S2,-4.450036e-06
BRI3,-4.4519616e-06
GFER,-4.452433e-06
AATK,-4.4540866e-06
FES,-4.4546496e-06
ARHGDIB,-4.454799e-06
HIP1R,-4.4556878e-06
MIR138-1,-4.456624e-06
CXXC4,-4.457648e-06
RPL10AP9,-4.458455e-06
ADHFE1,-4.460035e-06
CRYL1,-4.4603753e-06
FGD5-AS1,-4.4612952e-06
H2AC14,-4.4616854e-06
RNF152,-4.463269e-06
NCBP3,-4.464205e-06
LINC01150,-4.464332e-06
CDKN2C,-4.4647e-06
ATP2B1,-4.465999e-06
SULT1A1,-4.4664635e-06
CYSLTR2,-4.4665635e-06
TMEM106A,-4.466718e-06
MAP3K5-AS2,-4.4671356e-06
LIN52,-4.4679846e-06
RNU7-49P,-4.4682074e-06
C8orf48,-4.4687004e-06
KIF6,-4.46915e-06
ANGPT2,-4.4692765e-06
CAMTA1,-4.4705716e-06
LOC112268270,-4.4726676e-06
DUSP23,-4.472775e-06
FTH1P3,-4.4730177e-06
FAM169A-AS1,-4.4739895e-06
RPS3AP21,-4.474798e-06
LOC100287808,-4.4748826e-06
EP300-AS1,-4.475641e-06
ARHGAP15,-4.4756525e-06
GLYR1,-4.475697e-06
PIGP,-4.475908e-06
MUC20,-4.476251e-06
LINC03143,-4.476782e-06
BUB1,-4.477151e-06
RNLS,-4.4772505e-06
WNK2,-4.4783674e-06
PLPPR5,-4.478694e-06
MRPL21,-4.4797034e-06
DEPDC1B,-4.480108e-06
ALOX15B,-4.4810454e-06
LBR,-4.481053e-06
RPL9P28,-4.481683e-06
HES6,-4.4823464e-06
DAND5,-4.483103e-06
ETNK1,-4.4832523e-06
NT5DC1,-4.483502e-06
CTSW,-4.48393e-06
MIR5689HG,-4.4847297e-06
ATP1B1,-4.487291e-06
RPL17P5,-4.4873955e-06
LRRC37B,-4.4877706e-06
RPS27P13,-4.490108e-06
PI4KAP2,-4.4922936e-06
KCNK9,-4.4924495e-06
LOC124904434,-4.492691e-06
GZMA,-4.4959324e-06
DUSP5P1,-4.4980925e-06
GNG11,-4.498148e-06
HOXA3,-4.4981757e-06
CDC25C,-4.50066e-06
MED4,-4.5010684e-06
DNER,-4.501686e-06
MIR6514,-4.5019956e-06
RGS18,-4.5021e-06
MRPL12,-4.5022903e-06
NFIB,-4.50301e-06
CDK8,-4.5046154e-06
CIMIP2B,-4.5049387e-06
BCL2A1,-4.505358e-06
HAUS4,-4.506268e-06
RNU6-3P,-4.5075026e-06
MSR1,-4.5096976e-06
DDX12P,-4.510114e-06
TOLLIP-DT,-4.511522e-06
RWDD4,-4.511724e-06
PPM1F,-4.5117376e-06
SPTBN2,-4.511836e-06
RBMS3,-4.5118763e-06
PCSK2,-4.5119464e-06
BTN2A1,-4.512173e-06
ATP2A1-AS1,-4.512249e-06
LRMDA,-4.512327e-06
RPL21P98,-4.5128077e-06
ZBED5-AS1,-4.5132933e-06
LAT2,-4.513299e-06
C22orf23,-4.5142915e-06
ZNF528,-4.5147162e-06
GGACT,-4.515452e-06
ARL6,-4.5156303e-06
RHOBTB1,-4.5168485e-06
STX7,-4.5170787e-06
CECR7,-4.518194e-06
MAT2B,-4.5187717e-06
SNAPC5,-4.518834e-06
TRAK1,-4.5195684e-06
RAB5IF,-4.519581e-06
SNORA80E,-4.5197676e-06
PCDHGB7,-4.5197776e-06
SEPTIN3,-4.5204674e-06
CCDC89,-4.520998e-06
CD86,-4.5219585e-06
BCL6B,-4.5226107e-06
TMEM42,-4.5226675e-06
SAXO4,-4.5227134e-06
TALDO1,-4.522921e-06
DDX17,-4.523213e-06
USP34-DT,-4.523751e-06
MRPS10,-4.52465e-06
TMEM100,-4.524717e-06
GPR141,-4.525129e-06
ISOC2,-4.5265037e-06
DNAJC6,-4.5274955e-06
PTPRD,-4.529272e-06
BEND5,-4.5294537e-06
LST1,-4.5297315e-06
UBE2C,-4.529846e-06
LINC01521,-4.5298925e-06
TNFRSF14,-4.531755e-06
NCDN,-4.532659e-06
ZFR2,-4.5327065e-06
MEAF6,-4.53301e-06
GPX1P1,-4.5336483e-06
SGSM2,-4.5349866e-06
TIPRL,-4.5370125e-06
YJU2B,-4.5377724e-06
ACSL6,-4.5390084e-06
ZMPSTE24-DT,-4.539101e-06
RPL13AP20,-4.5391757e-06
LINC02488,-4.539208e-06
FAM89B,-4.5409074e-06
ZNF667,-4.542126e-06
NECTIN1-DT,-4.5425254e-06
ZNF536,-4.544108e-06
WASHC2C,-4.544432e-06
PEG3,-4.5457405e-06
CTBP1,-4.5460265e-06
SLC39A10,-4.5461684e-06
BRINP3-DT,-4.5466763e-06
HOXA4,-4.547654e-06
PALMD,-4.5478837e-06
SAA1,-4.548049e-06
ZNF37BP,-4.54842e-06
CLK4,-4.5484494e-06
ATP5MKP1,-4.548491e-06
ZNF236,-4.549882e-06
SUCLG1,-4.552675e-06
RPS18P2,-4.553276e-06
SSR4,-4.553845e-06
LOC107985688,-4.5540996e-06
EXOSC9,-4.554857e-06
LY96,-4.5568017e-06
CD53,-4.558251e-06
ARHGAP22,-4.5585834e-06
RPS16,-4.5595125e-06
TRBV7-2,-4.5601605e-06
YEATS2,-4.560607e-06
XRCC4,-4.5618895e-06
IGSF5,-4.563589e-06
KLHL35,-4.5659267e-06
LNP1,-4.566669e-06
ELAPOR2,-4.5669444e-06
USF1,-4.568056e-06
UBE2CP5,-4.5684324e-06
SNHG11,-4.5684646e-06
ZDHHC2,-4.5691477e-06
AGAP3,-4.5704237e-06
HLA-DPA1,-4.5730435e-06
POPDC3,-4.5749225e-06
ARG2,-4.575334e-06
LINC03007,-4.576042e-06
MYBPC1,-4.577036e-06
GIGYF1,-4.5778006e-06
ENY2,-4.5796705e-06
FCER1G,-4.580114e-06
LOC124906144,-4.580853e-06
IGHV3-23,-4.5809493e-06
COG6,-4.5816523e-06
NDC80,-4.581677e-06
GAS5-AS1,-4.5836236e-06
ZNF557,-4.584089e-06
ADA,-4.5842507e-06
BMF,-4.5846728e-06
ULK2,-4.587336e-06
RNU6-1189P,-4.58746e-06
MINPP1,-4.587948e-06
POLG2,-4.5893776e-06
HLA-DRB1,-4.589624e-06
RPL31P17,-4.59003e-06
APOBEC3H,-4.5913e-06
EPN1,-4.592822e-06
PDGFRA,-4.5955526e-06
CBLB,-4.5961756e-06
LINC03022,-4.59664e-06
ECSCR,-4.5981747e-06
EIF3J-DT,-4.5986344e-06
KIZ,-4.5986417e-06
DIO3OS,-4.598844e-06
DVL2,-4.599196e-06
RB1CC1,-4.6008836e-06
COQ3,-4.6013683e-06
PLCG2,-4.6019204e-06
C11orf71,-4.602711e-06
EPHB2,-4.6029513e-06
SNORA28,-4.6032155e-06
LOC100288123,-4.6036103e-06
ZBTB47-AS1,-4.6046403e-06
UNK,-4.605236e-06
PRADC1,-4.6054583e-06
MORN4,-4.6055548e-06
ADAM33,-4.6057708e-06
RPL7AP66,-4.6057826e-06
SLC16A7,-4.605996e-06
RPL36AP54,-4.6078644e-06
RNA5S9,-4.608304e-06
INKA1,-4.611235e-06
ISCA1,-4.6121204e-06
NUDT16L1,-4.612586e-06
STAC2,-4.6129194e-06
GSG1L,-4.6136943e-06
R3HCC1L,-4.6163705e-06
SDC2,-4.6173614e-06
KCNAB1,-4.6185564e-06
GTF2IP13,-4.6197333e-06
TULP4,-4.6204214e-06
RNU6-1085P,-4.620652e-06
HES4,-4.6211576e-06
CCDC69,-4.621255e-06
ANAPC15,-4.6245837e-06
NBPF11,-4.624872e-06
TNFAIP8L2,-4.624961e-06
GRAMD1A,-4.625288e-06
MGMT,-4.6253663e-06
ANKRD10-IT1,-4.625497e-06
SLITRK1,-4.625913e-06
CLEC4E,-4.6261757e-06
RPL12P12,-4.6266996e-06
SLITRK5,-4.6270434e-06
PEX16,-4.6278965e-06
ZNF33A,-4.6290884e-06
RPL9P7,-4.629991e-06
RIOX1,-4.630715e-06
PIWIL4,-4.631016e-06
FCHO1,-4.6314117e-06
TCP1,-4.632239e-06
H3P36,-4.632661e-06
H2AC21,-4.6327373e-06
ABRACL,-4.633725e-06
ROMO1,-4.633847e-06
IGKV4-1,-4.633932e-06
UBE2D3-AS1,-4.63424e-06
CCP110,-4.6355794e-06
GEMIN6,-4.6356527e-06
ATP5ME,-4.636352e-06
CLDN15,-4.636652e-06
GPR180,-4.6380137e-06
MMP15,-4.6386335e-06
TDRKH,-4.6390687e-06
IGKC,-4.6395453e-06
KITLG,-4.6405294e-06
LCMT1,-4.6431624e-06
DDX56,-4.6453524e-06
HMGB3,-4.646181e-06
WDR62,-4.646253e-06
MIR210,-4.6463942e-06
RNU6-6P,-4.647473e-06
C14orf119,-4.648132e-06
GNLY,-4.6481855e-06
JDP2,-4.6486007e-06
MAPKAPK5-AS1,-4.649391e-06
RBM22P2,-4.650079e-06
RPS6P1,-4.6507344e-06
LOC107986163,-4.650976e-06
ETFDH,-4.6523455e-06
MIR99AHG,-4.653222e-06
POMZP3,-4.653265e-06
ACOT1,-4.65547e-06
BAK1,-4.656686e-06
SLC7A5,-4.657172e-06
NPL,-4.6572027e-06
TCERG1,-4.658774e-06
SLC2A8,-4.6631353e-06
KLHL7,-4.664737e-06
ADGRL3,-4.664861e-06
GPRC5C,-4.6652713e-06
LOC124900537,-4.6662744e-06
SNHG10,-4.671902e-06
LRCH2,-4.6726313e-06
CD300H,-4.673987e-06
UQCC6,-4.674031e-06
MAP4K1,-4.674514e-06
LRP1-AS,-4.67559e-06
RPS26P2,-4.675869e-06
FAM222A,-4.677175e-06
AP4S1,-4.6775e-06
CHM,-4.6775904e-06
SH3BP1,-4.6776454e-06
ZNF143-AS1,-4.6780438e-06
BRCA1P1,-4.6803584e-06
MIR26A2,-4.680433e-06
DHRS1,-4.680465e-06
DYNLT2,-4.681128e-06
FAM53B,-4.682167e-06
NAT16,-4.682352e-06
CLEC12A,-4.6855703e-06
FAM86B2-DT,-4.6855794e-06
HLA-DQB2,-4.6859723e-06
ABCG2,-4.6892064e-06
RPS15AP24,-4.68928e-06
TMEM98,-4.6894875e-06
PDLIM1,-4.690874e-06
CYB5D2,-4.6916166e-06
MIRLET7IHG,-4.6918685e-06
PARM1,-4.6919317e-06
LOC101929609,-4.69257e-06
ZNF711,-4.6954674e-06
ATP6V0D1,-4.696315e-06
KIF21B,-4.6967866e-06
VPS28,-4.69706e-06
MRPL48,-4.6984946e-06
FGD2,-4.6992154e-06
APBA1,-4.699341e-06
UNC5CL,-4.7004974e-06
PDE6G,-4.7006274e-06
ZNF780B,-4.7011804e-06
GPSM3,-4.7019666e-06
FLCN,-4.7029807e-06
COG4,-4.7035646e-06
QPRT,-4.7058375e-06
FAM117B,-4.705886e-06
TIMM23,-4.7058948e-06
ATP5PD,-4.7060853e-06
SLC25A14,-4.7068593e-06
WDR17,-4.7071926e-06
SYT9,-4.7074604e-06
LYSMD2,-4.707838e-06
CLEC7A,-4.708254e-06
TRIM36,-4.7103135e-06
DYNC1I1,-4.7106755e-06
NDUFB4P12,-4.7108924e-06
PFN2,-4.711082e-06
HMBS,-4.7113904e-06
PGLYRP1,-4.711668e-06
ZNF286A,-4.711815e-06
MTRF1,-4.713979e-06
SNORD83A,-4.7141016e-06
RPS27P21,-4.714447e-06
ACE,-4.7147287e-06
RN7SL767P,-4.7152857e-06
LOC105371414,-4.716412e-06
GET1,-4.716413e-06
GTPBP3,-4.7165827e-06
DCAF16,-4.717734e-06
GRIK2,-4.717939e-06
NICOL1,-4.719665e-06
SCRN2,-4.7198255e-06
DSCAM,-4.7220037e-06
CD3D,-4.7228477e-06
CNTN2,-4.7233293e-06
UCP2,-4.724527e-06
FOLR2,-4.724723e-06
ZNF10,-4.7252183e-06
CXCL9,-4.7257595e-06
TRPC6P10,-4.726383e-06
CCDC71,-4.727327e-06
LHFPL4,-4.730305e-06
PACS2,-4.730569e-06
WDR24,-4.731797e-06
CTSK,-4.7324197e-06
TYSND1,-4.7328954e-06
SNRNP25,-4.734528e-06
SNHG6,-4.734622e-06
MON1B,-4.735048e-06
TFIP11-DT,-4.7356325e-06
C1QL2,-4.7359626e-06
DGKZ,-4.7364865e-06
SLC38A11,-4.736995e-06
ATP8A2,-4.73928e-06
SERPINE2,-4.7425133e-06
ZDHHC17,-4.7433673e-06
POMC,-4.744053e-06
MESP1,-4.745422e-06
CAMK2B,-4.745774e-06
CYFIP2,-4.7457993e-06
CHFR,-4.749607e-06
PLLP,-4.750042e-06
ADGRE4P,-4.7501353e-06
E2F4,-4.7516696e-06
KLC4,-4.7520275e-06
ST8SIA1,-4.7521653e-06
MSTN,-4.7525627e-06
ARRDC1,-4.7528424e-06
SNHG5,-4.7538347e-06
INVS,-4.754751e-06
JKAMP,-4.7547933e-06
ANO8,-4.7553876e-06
KBTBD7,-4.7557796e-06
PAQR3,-4.759839e-06
LDAF1,-4.760132e-06
SNORD104,-4.760515e-06
ZNF846,-4.7613094e-06
NECAB3,-4.7634812e-06
TMEM258,-4.765472e-06
SERINC2,-4.7665685e-06
CEP170B,-4.7683166e-06
ZRANB2,-4.7687427e-06
PIK3IP1,-4.769501e-06
RERGL,-4.7695044e-06
MAP3K4-AS1,-4.770028e-06
PSMB8-AS1,-4.772483e-06
LDHB,-4.7739813e-06
SLC35A1,-4.7748467e-06
GYPC,-4.7761537e-06
WNT7B,-4.776523e-06
PRKAR1A,-4.7765743e-06
FNTA,-4.777092e-06
PSMD13,-4.777226e-06
SPI1,-4.7772905e-06
THOC7,-4.777638e-06
TMEM179,-4.7785124e-06
TPT1P9,-4.7785684e-06
RPS29P17,-4.7789194e-06
GPM6A-AS1,-4.779269e-06
GABRA3,-4.7792882e-06
YTHDC2,-4.7795515e-06
ACRBP,-4.7797807e-06
SLC30A6-DT,-4.7798594e-06
TAFA5,-4.780122e-06
RNF207-AS1,-4.780668e-06
RPS26P15,-4.781301e-06
COPS9,-4.7816593e-06
GINS2,-4.7819326e-06
SKIC8,-4.782378e-06
PTPRN2-AS1,-4.7823955e-06
MS4A4E,-4.782421e-06
NFKB1-AS1,-4.782726e-06
SPMIP6,-4.7830317e-06
TUBGCP6,-4.783539e-06
PCGF2,-4.7835633e-06
AKAP17A,-4.7838253e-06
NOVA1,-4.7838676e-06
NUMB,-4.7846506e-06
SEC14L6,-4.7850767e-06
MST1,-4.7852354e-06
LNMICC,-4.785336e-06
SMDT1,-4.7860744e-06
LOC100506235,-4.786987e-06
ATP5MG,-4.7884073e-06
TOP3A,-4.7886438e-06
DSCAML1,-4.788898e-06
CACNA1E,-4.7894346e-06
TRIT1,-4.7908775e-06
NELFE,-4.7910853e-06
B9D1,-4.7923436e-06
XKR4,-4.7933795e-06
RNU6-94P,-4.794506e-06
MRPL18,-4.796112e-06
LINC02716,-4.7961644e-06
HERC2P3,-4.796212e-06
SIT1,-4.7969393e-06
RASGRP2,-4.7974117e-06
S1PR5,-4.798845e-06
ZNF407-AS1,-4.7991507e-06
GTF2IP23,-4.799811e-06
MARCHF2,-4.799972e-06
ENHO,-4.8001175e-06
CA14,-4.80067e-06
SGO1,-4.8011857e-06
SPIN3,-4.801283e-06
DSTNP3,-4.8019756e-06
RPL15,-4.8022553e-06
VPS26A,-4.802317e-06
CAPS2,-4.8032975e-06
ARTN,-4.804696e-06
RPL7P38,-4.8053066e-06
NGRN,-4.805571e-06
TINAGL1,-4.8061183e-06
RIMS2,-4.8067345e-06
NBPF12,-4.807733e-06
EXOSC8,-4.8100305e-06
USE1,-4.8104e-06
PFN4,-4.810498e-06
SGSM2-AS1,-4.811794e-06
ALCAM,-4.8124643e-06
LRRC47,-4.812582e-06
PTPRM,-4.813373e-06
TGFBRAP1-AS1,-4.814383e-06
ENPP5,-4.8148595e-06
FUOM,-4.814966e-06
CNOT8,-4.816756e-06
AFG3L1P,-4.817147e-06
HMGB3P24,-4.817151e-06
SUMO3,-4.818529e-06
LOC105376805,-4.8192865e-06
MIR4326,-4.81995e-06
ZDHHC21,-4.8205657e-06
ANKS1B,-4.8207753e-06
MTERF3,-4.8212346e-06
RNA5SP474,-4.821334e-06
PPIAP20,-4.822725e-06
C11orf58,-4.8242296e-06
NELL2,-4.826335e-06
MYRF,-4.8266575e-06
GRP,-4.8268944e-06
TFEC,-4.8270895e-06
H3C2,-4.8285006e-06
RPL15P18,-4.829309e-06
PLEKHO1,-4.8306583e-06
ZNF708,-4.830935e-06
LOC101929667,-4.8325714e-06
PRKAB1-AS1,-4.83317e-06
ZCCHC18,-4.8341712e-06
DXO,-4.8346074e-06
ELOC,-4.8370734e-06
ANKRD17-DT,-4.8379293e-06
SYNPO2,-4.838639e-06
VPS53,-4.839429e-06
EIF5A,-4.8428815e-06
RPL9P21,-4.8436673e-06
FKBP8,-4.8441443e-06
RPL8P1,-4.844213e-06
SRGN,-4.846121e-06
CHST1,-4.8467937e-06
SLC24A2,-4.8471234e-06
EOGT,-4.848561e-06
CCL4,-4.848881e-06
PTPN7,-4.850498e-06
TLR4,-4.850824e-06
ZDHHC20,-4.8522184e-06
PLPP6,-4.854289e-06
CMAS,-4.856559e-06
CBX8,-4.856628e-06
CKS2,-4.8566667e-06
SGMS1,-4.857208e-06
NAP1L5,-4.8582688e-06
FERRY3,-4.86051e-06
H3C3,-4.861012e-06
TSPAN11,-4.8614625e-06
OSER1-DT,-4.8615643e-06
TMEM14DP,-4.8628162e-06
ELAVL2,-4.863412e-06
PPP2R3A,-4.8641778e-06
MIR3671,-4.864365e-06
AUTS2,-4.865079e-06
ADGRL4,-4.8653314e-06
LOC101927712,-4.865756e-06
COX4I1,-4.8661273e-06
B3GALT9,-4.866153e-06
DEPDC7,-4.8663487e-06
LINC01431,-4.868044e-06
ZNF281,-4.869431e-06
LCDR,-4.8697752e-06
RARRES1,-4.870313e-06
C4orf33,-4.8709653e-06
PM20D1,-4.8709785e-06
SUV39H2,-4.872283e-06
GMFG,-4.8727184e-06
CAMK1G,-4.8735587e-06
FAM131A,-4.8753805e-06
LHPP,-4.875832e-06
ADGRF5,-4.8769075e-06
RESF1,-4.8788097e-06
IMPA1P1,-4.8796815e-06
SLC29A1,-4.8827314e-06
RPS26P31,-4.884767e-06
SPATC1L,-4.8848106e-06
ARFGAP1,-4.885095e-06
DPH1,-4.8853067e-06
EFS,-4.886526e-06
OSBPL7,-4.887752e-06
TMEM128,-4.8891293e-06
SNHG17,-4.8908537e-06
WDR11,-4.8909546e-06
ARHGAP25,-4.891505e-06
B3GAT2,-4.891906e-06
ZNF551,-4.8926267e-06
HEMK1,-4.8948596e-06
LRRC43,-4.8949837e-06
SIGLEC10,-4.8960983e-06
FAM204A,-4.8989564e-06
ZKSCAN2-DT,-4.9011546e-06
HAGH,-4.9041987e-06
RPL36AP28,-4.9042255e-06
ZMYM5,-4.904638e-06
DPY19L2P1,-4.9046484e-06
TROAP,-4.9060645e-06
NDUFAB1,-4.9077125e-06
SMIM24,-4.9082787e-06
HEMK2,-4.90899e-06
MIIP,-4.909484e-06
COQ5,-4.910946e-06
MPHOSPH9,-4.911036e-06
FGF12,-4.9112086e-06
HSPA12B,-4.9113087e-06
HSD17B14,-4.9113937e-06
NPEPL1,-4.911805e-06
GATD1,-4.9118394e-06
HSPA12A,-4.911982e-06
LDAH,-4.9127443e-06
MTSS1,-4.9128726e-06
BRSK2,-4.9130686e-06
AP3M2,-4.9149103e-06
PLA2G6,-4.9165787e-06
TMEM39A,-4.9183836e-06
NAA20,-4.918588e-06
RHOBTB2,-4.9191135e-06
MIR3117,-4.9210166e-06
PAIP2B,-4.9217447e-06
MRPL9,-4.923296e-06
LINC00404,-4.9238897e-06
LINC03002,-4.9241357e-06
RPL27P11,-4.924386e-06
OSBPL8,-4.9245473e-06
EDA2R,-4.9264254e-06
RNU6-833P,-4.9292908e-06
NETO1,-4.9301166e-06
RN7SL674P,-4.9305163e-06
NECAB2,-4.930518e-06
CASTOR3P,-4.931301e-06
ACTR3-AS1,-4.9314476e-06
LINC02981,-4.9320174e-06
OAZ1,-4.932369e-06
ZNF250,-4.9326427e-06
ERG,-4.934064e-06
HSPA7,-4.9342057e-06
FTL,-4.9348423e-06
DIP2A,-4.9366367e-06
ALYREF,-4.9372316e-06
FAM241B,-4.9373393e-06
CSDC2,-4.939854e-06
NEDD4L,-4.9402456e-06
GHITM,-4.9413825e-06
TMC8,-4.941705e-06
EIF1P5,-4.9421715e-06
PRR16,-4.943564e-06
AK3P3,-4.9437244e-06
PTGDS,-4.943811e-06
ABHD8,-4.9459536e-06
CREG1,-4.9465802e-06
H2AC4,-4.948103e-06
CABP7,-4.949932e-06
MIR933,-4.9517726e-06
FGF13,-4.952993e-06
ADRA1B,-4.953333e-06
ID3,-4.9537557e-06
RNA5SP515,-4.953819e-06
NR1H3,-4.954075e-06
EGFL8,-4.9548175e-06
HIF3A,-4.9548544e-06
POLR2K,-4.955376e-06
KCNE5,-4.95644e-06
STAG3L5P,-4.9569294e-06
IGHG1,-4.9572086e-06
UNKL-AS1,-4.95758e-06
PPP1R12C,-4.9576674e-06
RNF227,-4.958244e-06
COXFA4L2,-4.960057e-06
SYT17,-4.9600762e-06
TTC8,-4.9605087e-06
FSD1,-4.961324e-06
PCDHB16,-4.965127e-06
SLC35B3,-4.9662167e-06
ZMYM1,-4.9665373e-06
MAN2C1,-4.967847e-06
RCHY1,-4.968314e-06
CETN3,-4.9685705e-06
WDR5B,-4.969084e-06
IFITM4P,-4.969856e-06
TBPL1,-4.9705877e-06
RNA5SP242,-4.9708874e-06
PIR,-4.9732625e-06
PREB,-4.973291e-06
GTF3A,-4.974351e-06
ARHGAP33,-4.974658e-06
SMIM18,-4.9755627e-06
TP53INP1,-4.975964e-06
BCL7A,-4.977364e-06
NFIB-AS1,-4.97829e-06
CD72,-4.978411e-06
THEMIS2,-4.978731e-06
PNPLA7,-4.980046e-06
EXOC3L1,-4.9804676e-06
PCMT1,-4.9806313e-06
ANKRD13B,-4.9817772e-06
FAM131B-AS1,-4.982015e-06
ARRDC1-AS1,-4.984826e-06
NEU3,-4.9852338e-06
LOC124904686,-4.9872265e-06
TRMT13,-4.9884698e-06
NKAIN1,-4.988686e-06
ENGASE,-4.989654e-06
USP32P3,-4.991005e-06
EXTL1,-4.991212e-06
LY75,-4.991291e-06
ABCD4,-4.992386e-06
FLAD1,-4.9928967e-06
CUEDC2,-4.9932737e-06
GCA,-4.9937025e-06
LOC102724768,-4.9938617e-06
MGST3,-4.9954965e-06
RIMS1,-4.998292e-06
GNGT2,-4.9984637e-06
ARMC1,-5.000426e-06
NUDT2,-5.0010754e-06
CAVIN2,-5.002938e-06
WDR45P1,-5.0031895e-06
SYPL1P2,-5.003906e-06
RNF125,-5.004441e-06
CCNH,-5.0050007e-06
RAB40C,-5.006131e-06
H2AZP3,-5.0065582e-06
GPX1P2,-5.0085914e-06
KCNA2,-5.0091994e-06
PXDNL,-5.009511e-06
LOC124902824,-5.0099397e-06
TMEM120B,-5.010012e-06
ZNF75D,-5.0104586e-06
SLC25A35,-5.0105764e-06
COA1,-5.0121084e-06
C4orf46P3,-5.012481e-06
TYROBP,-5.0126655e-06
CMAHP,-5.0135172e-06
TMEM145,-5.013694e-06
RPS3AP44,-5.014676e-06
ITGB2-AS1,-5.0168387e-06
CHMP5,-5.017219e-06
BTRC,-5.017304e-06
NEGR1,-5.0177e-06
DCTN3,-5.0177186e-06
CIAO2B,-5.019708e-06
MRPL32,-5.020749e-06
ACP1,-5.0225235e-06
SH3BGRL2,-5.022812e-06
CHL1,-5.025998e-06
PTMAP1,-5.027431e-06
SSTR2,-5.0287267e-06
CD33,-5.0291283e-06
WASHC2A,-5.0297285e-06
RPL17P18,-5.031348e-06
DGAT1,-5.033538e-06
NSUN7,-5.0342205e-06
CPNE1,-5.0363387e-06
MIR34AHG,-5.037013e-06
LOC124900922,-5.037728e-06
SNORD94,-5.0378244e-06
SENP3,-5.0390718e-06
SYCE2,-5.03931e-06
LINC00863,-5.0399663e-06
ARL16,-5.0408853e-06
DCUN1D2,-5.041129e-06
LAMA5-AS1,-5.0421113e-06
ZBED5,-5.04226e-06
SH3YL1,-5.0432295e-06
NFYB,-5.04733e-06
SNX11,-5.048026e-06
NHLRC1,-5.04812e-06
FLVCR1,-5.0482267e-06
ZNF655,-5.050415e-06
PTGIS,-5.0506455e-06
HEYL,-5.051209e-06
H3C6,-5.0520043e-06
PREPL,-5.0523713e-06
MTFR2,-5.0539134e-06
ADAT1,-5.0540766e-06
LRRC45,-5.0550548e-06
SLC6A7,-5.0552335e-06
PROK2-DT,-5.0552453e-06
ADAMTS5,-5.0556037e-06
RBM12B-AS1,-5.056307e-06
NCALD,-5.058724e-06
IDUA,-5.0590133e-06
SYCP2,-5.0604954e-06
DBNDD2,-5.0625163e-06
TRIM45,-5.0644885e-06
MIR219A1,-5.0650583e-06
AHR,-5.06543e-06
TRBC1,-5.0710073e-06
RND3,-5.071246e-06
RND1,-5.072076e-06
CDK5RAP3,-5.072706e-06
EXOG,-5.0730214e-06
ATM,-5.073346e-06
RNF126,-5.0745016e-06
NXPH1,-5.0767476e-06
NKX2-2,-5.0768504e-06
KAZALD1-DT,-5.078601e-06
SUPV3L1,-5.079236e-06
RANP4,-5.0818185e-06
IPCEF1,-5.081964e-06
HS3ST4,-5.0825224e-06
LTB,-5.084779e-06
CXCL8,-5.085231e-06
SRPK2,-5.0856297e-06
PIK3R5,-5.0888493e-06
DOK3,-5.0889566e-06
FAS,-5.0896388e-06
NBEAP2,-5.0904578e-06
SLC12A8,-5.090501e-06
OXSM,-5.091591e-06
CSRP1-AS1,-5.092539e-06
CHFR-DT,-5.0956273e-06
PEMT,-5.0962594e-06
BRIP1,-5.099004e-06
NALCN,-5.099228e-06
H1-9P,-5.099632e-06
FAM167B,-5.1007232e-06
FTLP5,-5.101831e-06
AASDHPPT,-5.1022134e-06
PPIAP6,-5.102264e-06
PLPP2,-5.1025327e-06
RN7SL535P,-5.1026855e-06
LOC105371689,-5.102815e-06
EIPR1,-5.1035995e-06
CYP26B1,-5.104459e-06
RPL9P18,-5.104713e-06
ADNP-AS1,-5.1051684e-06
CENPX,-5.1056513e-06
C17orf100,-5.106023e-06
LOC124903750,-5.1068423e-06
BMP2,-5.1070606e-06
RNPS1,-5.1071233e-06
PPFIBP1,-5.1075717e-06
ASB13,-5.1077195e-06
ERBB3,-5.1080165e-06
MYL5,-5.10914e-06
TOM1L2,-5.109554e-06
ZNF587,-5.1103475e-06
RPS29P16,-5.1105994e-06
SPIN4,-5.11078e-06
MOAP1,-5.111329e-06
WASHC3,-5.1127904e-06
P2RX6P,-5.1148236e-06
TRIM52,-5.1174425e-06
TARBP2,-5.11905e-06
NOS3,-5.119066e-06
AOAH,-5.1197617e-06
UNC80,-5.1207376e-06
SPDL1,-5.1224624e-06
CCDC90B,-5.1243387e-06
NXPH4,-5.1252937e-06
TNFSF10,-5.126394e-06
CIAPIN1,-5.126617e-06
SNRPG,-5.1274037e-06
HSPA14,-5.128592e-06
MARCHF4,-5.1301467e-06
CRACR2B,-5.1312763e-06
UPK3BL3P,-5.1314937e-06
LOC124900469,-5.1319116e-06
CDK9,-5.1326706e-06
RNU6-97P,-5.1345023e-06
RPUSD1,-5.1357347e-06
C14orf132,-5.1360876e-06
KLHL2,-5.1364323e-06
GNG4,-5.137222e-06
SCGB1B2P,-5.13887e-06
ABCA8,-5.139136e-06
PRR5,-5.139401e-06
SNRPN,-5.139446e-06
UQCRBP1,-5.140692e-06
RPL39L,-5.1419247e-06
REXO5,-5.1421152e-06
MDM4,-5.1431325e-06
SMIM45,-5.14357e-06
CCDC50,-5.144569e-06
MRPL43,-5.14471e-06
ZNF775-AS1,-5.1462857e-06
DCUN1D4,-5.1471425e-06
GRK6,-5.14744e-06
ARHGEF9,-5.148869e-06
IGFBPL1,-5.1489646e-06
TLE2,-5.148987e-06
TATDN3,-5.1500365e-06
COA3,-5.1504294e-06
PAXBP1,-5.150718e-06
SLC4A7,-5.151257e-06
TSPYL1,-5.1515176e-06
CTSH,-5.1523825e-06
FKBP11,-5.1531274e-06
SLX4,-5.153397e-06
ITIH5,-5.154425e-06
RTL8B,-5.1547136e-06
RNU6-4P,-5.155523e-06
RHBDL1,-5.156965e-06
ZMYND15,-5.1573006e-06
RNU6-1238P,-5.157695e-06
SYNGAP1,-5.158602e-06
PKD1P3,-5.15992e-06
DEF8,-5.160531e-06
MIR181A2HG,-5.161315e-06
IFT74-AS1,-5.1615425e-06
PUS1,-5.1625493e-06
METTL1,-5.1635407e-06
NAALADL1,-5.1657594e-06
RN7SL665P,-5.1658953e-06
WAS,-5.1663446e-06
DCBLD1,-5.1669404e-06
DHPS,-5.1671295e-06
RNASET2,-5.1673496e-06
NOTCH4,-5.16973e-06
CXADR,-5.171406e-06
STXBP5L,-5.171818e-06
ECM1,-5.1719053e-06
POC5,-5.172658e-06
SPCS3,-5.1746333e-06
PDGFB,-5.1762154e-06
KAT2A,-5.17809e-06
LRRC39,-5.1796187e-06
LOC124901020,-5.1805237e-06
RPS15AP11,-5.182869e-06
CYBA,-5.183687e-06
MOSPD1,-5.1852103e-06
BTK,-5.186589e-06
EIF4A2,-5.1879665e-06
SCNM1,-5.188558e-06
ZNF195,-5.189061e-06
LOC105374338,-5.1890734e-06
SLC25A12,-5.1895727e-06
COX11,-5.190448e-06
MIR765,-5.190979e-06
ATPSCKMT,-5.191242e-06
FAM50B,-5.1913016e-06
NPIPB5,-5.1929833e-06
ZNF618,-5.193427e-06
MALAT1,-5.197204e-06
SEPTIN6,-5.1983448e-06
CARD8-AS1,-5.198555e-06
TIGD2,-5.1987495e-06
RASGEF1B,-5.20086e-06
CDH10,-5.201751e-06
ZNF154,-5.2017954e-06
KLRA1P,-5.202658e-06
MIR4489,-5.2036935e-06
LINC02381,-5.2041614e-06
MYORG,-5.204331e-06
RN7SL3,-5.2071746e-06
LOC107985433,-5.2074565e-06
AHSA2P,-5.208295e-06
ZNF681,-5.2088435e-06
CEP97,-5.209687e-06
ZNF514,-5.2135333e-06
LOC100652758,-5.2157857e-06
MIR5010,-5.2165033e-06
LINC01816,-5.2167225e-06
LINC01569,-5.2170844e-06
TSPAN2,-5.2176665e-06
TSPAN31,-5.2178457e-06
MAPK13,-5.2179366e-06
COTL1,-5.2188484e-06
SDHAF4,-5.220273e-06
RCAN2,-5.2204496e-06
MAP3K4,-5.2205623e-06
COX7A2L,-5.2205846e-06
AGTPBP1,-5.2207574e-06
CNFN,-5.22076e-06
KREMEN2,-5.222527e-06
MIR6835,-5.222811e-06
DTNB,-5.2234095e-06
RECQL4,-5.225361e-06
CAVIN4,-5.2291566e-06
SRRM4,-5.231799e-06
FNBP4,-5.232075e-06
GPR143,-5.2326495e-06
ALPK1,-5.2326745e-06
LOC102724023,-5.232707e-06
LAS1L,-5.233331e-06
ATP6V1A,-5.234029e-06
RAB6B,-5.235087e-06
TOX,-5.2355817e-06
TUBA5P,-5.2366886e-06
CTIF,-5.237109e-06
ANXA9,-5.237234e-06
TREM2,-5.2389873e-06
ATP10B,-5.2393216e-06
POLR2H,-5.239425e-06
SGK3,-5.2400446e-06
SLC25A29,-5.2402243e-06
RNF217,-5.241283e-06
MASP1,-5.2427e-06
CEACAM21,-5.243244e-06
HAUS5,-5.2454893e-06
LINC03011,-5.245725e-06
ATCAY,-5.2465625e-06
TMCC2,-5.246681e-06
LMO7,-5.246798e-06
RASA2,-5.247085e-06
RNVU1-15,-5.247591e-06
TTI1,-5.2478445e-06
ZGPAT,-5.2484074e-06
CLK2,-5.248872e-06
TCEAL2,-5.249433e-06
APLN,-5.249649e-06
MRE11,-5.250281e-06
SLC25A51,-5.2509718e-06
LTC4S,-5.2515866e-06
MED31,-5.2518035e-06
LOC124901051,-5.253266e-06
RPS6KB2,-5.253643e-06
CRIP2,-5.2551495e-06
CDCA3,-5.2560504e-06
RN7SL23P,-5.2562673e-06
G2E3,-5.256913e-06
ZC4H2,-5.2596165e-06
RPL36P7,-5.261168e-06
PLCL2,-5.262578e-06
LINC01918,-5.2642554e-06
AQP3,-5.2643895e-06
ELOB,-5.2650303e-06
TMEM256,-5.2672344e-06
PTMS,-5.268e-06
MACROH2A1,-5.268691e-06
SUB1P1,-5.2691926e-06
GNE,-5.2700184e-06
RN7SL477P,-5.2700284e-06
ARL2BP,-5.2709825e-06
GUCY1A2,-5.2711803e-06
PCAT6,-5.273559e-06
CPEB1,-5.276135e-06
CRTAC1,-5.2767314e-06
SCARNA20,-5.2774194e-06
U2SURP,-5.278115e-06
GPALPP1,-5.2787436e-06
TMSB4XP2,-5.279523e-06
ADCY10P1,-5.2839932e-06
ZNF486,-5.2861224e-06
COL7A1,-5.286283e-06
CLASRP,-5.2867113e-06
H3P6,-5.2874866e-06
GNPTAB,-5.2887403e-06
IL32,-5.2891633e-06
LOC101927143,-5.289425e-06
GREM2,-5.290574e-06
OLIG1,-5.2912214e-06
AMPD3,-5.291313e-06
EBI3,-5.293412e-06
FZD6,-5.2941027e-06
TAF11,-5.2942e-06
THY1,-5.2954497e-06
MAGEE1,-5.29546e-06
RPP25L,-5.2957253e-06
GAS5,-5.297627e-06
IFT43,-5.2978485e-06
MMRN2,-5.299061e-06
AP1S1,-5.3003596e-06
RASL10A,-5.3003905e-06
SHLD1,-5.304646e-06
NUDT7,-5.3049253e-06
FAM120A2P,-5.3079557e-06
MTERF2,-5.308163e-06
NOL4L,-5.308713e-06
SUGT1-DT,-5.310135e-06
SMARCAD1,-5.312518e-06
BICRAL,-5.3127746e-06
ZNF821,-5.314007e-06
YPEL5,-5.314428e-06
VPS36,-5.3145827e-06
PDZD4,-5.3152494e-06
RFX5,-5.315292e-06
ZFC3H1,-5.3153562e-06
ARMCX4,-5.31551e-06
PCID2,-5.3162603e-06
MTBP,-5.3163017e-06
ITGAX,-5.3164526e-06
CST7,-5.3189087e-06
PPIAP29,-5.319232e-06
COX6A1,-5.3196295e-06
HOXC4,-5.320148e-06
ACTR1B,-5.320351e-06
CACNA1G-AS1,-5.320406e-06
MLLT10,-5.320501e-06
RN7SL608P,-5.3208596e-06
BTF3-DT,-5.3228327e-06
GALNT8,-5.3237836e-06
RCCD1,-5.3245417e-06
PPA1,-5.324934e-06
FMR1,-5.325518e-06
UBAP1L,-5.3263207e-06
FGD4,-5.327356e-06
SNORD17,-5.327599e-06
FBXO2,-5.3285644e-06
KIRREL3,-5.3299086e-06
FAM133A,-5.3318067e-06
MMD2,-5.3337208e-06
GOPC,-5.3338035e-06
UFD1,-5.33517e-06
MPP1,-5.3383574e-06
GPR137C,-5.3395556e-06
FAM107B,-5.341241e-06
NBL1,-5.341355e-06
BOLA2P2,-5.34222e-06
LINC02893,-5.342928e-06
RNU6-1337P,-5.344567e-06
ARL6IP1,-5.345183e-06
SEMA3C,-5.3461604e-06
SIVA1,-5.3472427e-06
HMGA1P4,-5.3474546e-06
RNU6-516P,-5.3475437e-06
ZSCAN1,-5.3476792e-06
CCNJ,-5.3483573e-06
P2RX4,-5.3484814e-06
EXOC1,-5.3486224e-06
LRP3,-5.3490576e-06
ZMYM2,-5.3514173e-06
RNU6-762P,-5.352238e-06
RALGPS2,-5.3528274e-06
SESN1,-5.3531903e-06
EXOSC5,-5.3592444e-06
KIF17,-5.362659e-06
IGLC2,-5.362875e-06
CA5B,-5.3636545e-06
FMR1-IT1,-5.364077e-06
ZNF511,-5.3646813e-06
JTB,-5.364876e-06
RPL27P4,-5.3652275e-06
MIR6503,-5.3663007e-06
SMUG1,-5.3663102e-06
RNF181,-5.3674908e-06
ALG9,-5.3685153e-06
RNU6-510P,-5.3698345e-06
IRX1,-5.3708923e-06
ETS1,-5.371071e-06
SOWAHA,-5.3712633e-06
CNIH2,-5.3716553e-06
CADM2,-5.37187e-06
EEF1E1,-5.3740728e-06
ANKH,-5.3743647e-06
MST1P2,-5.3758954e-06
RAB11FIP1P1,-5.3770627e-06
ZNF674-AS1,-5.377559e-06
CMIP,-5.377805e-06
GPR4,-5.3790795e-06
THAP9-AS1,-5.3806066e-06
ANXA2R-OT1,-5.3835283e-06
ZSWIM6,-5.383984e-06
SKIL,-5.3841736e-06
FOXN2,-5.384397e-06
LOC121725015,-5.3846798e-06
HLA-DMB,-5.3850245e-06
RPL35A,-5.389932e-06
MCEE,-5.3907756e-06
SRC,-5.3909575e-06
RNA5SP498,-5.3915724e-06
RNU6-418P,-5.3916074e-06
GSTZ1,-5.3919252e-06
PMS1,-5.392223e-06
CD8A,-5.3936046e-06
TPRG1-AS1,-5.393619e-06
SGPP2,-5.394607e-06
PTP4A2P2,-5.3946305e-06
SRPK3,-5.3950553e-06
RNF130,-5.395621e-06
LOC285097,-5.3960666e-06
PMS2P4,-5.398471e-06
SCX,-5.398562e-06
CEP15,-5.3999825e-06
UBE2Q2P2,-5.400021e-06
TMEM175,-5.400812e-06
LINC02585,-5.4050606e-06
LINC01315,-5.4067527e-06
DRD2,-5.4069174e-06
RPL29P33,-5.4069333e-06
CDH20,-5.4079096e-06
ANKRD36B,-5.40864e-06
RNU6-945P,-5.4094257e-06
MACORIS,-5.4125962e-06
MXD3,-5.413425e-06
GALNT14,-5.4140633e-06
CDK4,-5.414272e-06
MAPK3,-5.415126e-06
RPS29P3,-5.4163247e-06
IGF2BP3,-5.4165093e-06
LINC01117,-5.416857e-06
YPEL1,-5.4168577e-06
ZNF320,-5.4191764e-06
PGRMC1,-5.4196157e-06
MIR378J,-5.420554e-06
RPS26,-5.4206316e-06
RAMP3,-5.4217835e-06
HOXA5,-5.4235147e-06
TMEM186,-5.4245525e-06
FA2H,-5.425187e-06
MECOM,-5.4253915e-06
SNORA15B-2,-5.4257416e-06
THUMPD2,-5.425812e-06
PPP6R2,-5.4263214e-06
RNU6-1053P,-5.4265697e-06
MCAM,-5.4271363e-06
GPR19,-5.430551e-06
MBTD1,-5.430963e-06
IFITM3P5,-5.4311913e-06
H2BW3P,-5.431489e-06
INF2,-5.433795e-06
ADCY1,-5.4345214e-06
SPTLC1P1,-5.4353895e-06
POMP,-5.4363422e-06
TSC22D2,-5.4366496e-06
ATXN1-AS1,-5.4371967e-06
TMX4,-5.4377224e-06
ATG4A,-5.438149e-06
MINDY3,-5.4386646e-06
IQGAP3,-5.439e-06
KCNH8,-5.4390116e-06
OPCML,-5.440135e-06
SFR1,-5.440373e-06
RPRM,-5.441016e-06
NINJ1,-5.4417974e-06
DCAF15,-5.4436464e-06
ZNF335,-5.443977e-06
EPM2AIP1,-5.4446464e-06
LINC00324,-5.4461493e-06
RNU2-38P,-5.4472002e-06
CNTNAP2,-5.448945e-06
LRRC8D-DT,-5.44922e-06
SPACA6,-5.450429e-06
LOC124900452,-5.4507036e-06
HAVCR2,-5.4514107e-06
SNORA5A,-5.4515185e-06
H2AC6,-5.4519464e-06
NREP,-5.4521965e-06
SH3BP5-AS1,-5.452294e-06
LRRTM4,-5.4524403e-06
STEAP1B,-5.453793e-06
UBXN2AP1,-5.453832e-06
FLT4,-5.4549864e-06
RASSF7,-5.4573648e-06
HLA-DQB1-AS1,-5.4615475e-06
DICER1-AS1,-5.4633747e-06
RPL39P6,-5.4641287e-06
TNFAIP8L1,-5.464421e-06
FCGR1CP,-5.4657844e-06
RPS21,-5.4659963e-06
CCNE1,-5.467236e-06
NKAIN2,-5.4683806e-06
TMPO-AS1,-5.468764e-06
C2orf49-DT,-5.4689212e-06
KPTN,-5.469163e-06
SMAD9,-5.471238e-06
PLAC1,-5.47147e-06
MFAP2,-5.472492e-06
CRYM,-5.4733073e-06
SIMC1,-5.4736997e-06
GPR27,-5.474603e-06
TIAM2,-5.4747634e-06
SNX22,-5.4748743e-06
LINC01291,-5.4757393e-06
TNS2-AS1,-5.476309e-06
PTPRD-AS1,-5.477195e-06
ANKRD18EP,-5.4776583e-06
PURG,-5.477738e-06
LRRK2,-5.477919e-06
SWT1,-5.477972e-06
CRYBA2,-5.478814e-06
SYBU,-5.479077e-06
ILF3-DT,-5.4796033e-06
ADAMTS4,-5.4800075e-06
G0S2,-5.4818192e-06
SNORA65,-5.4824036e-06
GDPD1,-5.4832813e-06
TRAIP,-5.48338e-06
RPS17,-5.48703e-06
TSPYL4,-5.487051e-06
CENPV,-5.487119e-06
BCAS4,-5.48982e-06
HMGN3,-5.4907014e-06
ZFAND2A-DT,-5.4909992e-06
OTULINL,-5.49296e-06
ALG13-AS1,-5.4934967e-06
ANAPC5,-5.4942225e-06
RPS7,-5.49503e-06
RNVU1-4,-5.4953694e-06
RNA5SP118,-5.49591e-06
ARL14EP,-5.496386e-06
RNU6-387P,-5.497324e-06
VSIR,-5.498065e-06
MPV17,-5.499308e-06
HSBP1,-5.5012765e-06
TEDC1,-5.501552e-06
BTBD17,-5.501724e-06
CPQ,-5.5020214e-06
CASP10,-5.502114e-06
CTNNBIP1,-5.502907e-06
TMEM176A,-5.5039823e-06
EME1,-5.504349e-06
KBTBD8,-5.5061337e-06
NOC4L,-5.5081982e-06
KLC1,-5.5091955e-06
ENPP6,-5.5100754e-06
CCER2,-5.5117484e-06
RPL10P15,-5.5125192e-06
LINC01141,-5.514892e-06
SPOCK1,-5.5152454e-06
CEP95,-5.516663e-06
LOC102724323,-5.5187143e-06
TTC21A,-5.5200203e-06
HCST,-5.520196e-06
RXRB,-5.5209653e-06
LINC01410,-5.5227383e-06
GRIPAP1,-5.523192e-06
C19orf73,-5.523387e-06
TELO2,-5.5239093e-06
MROH6,-5.5254786e-06
RGN,-5.5256846e-06
KLHDC1,-5.526185e-06
ZNF239,-5.5290166e-06
TMEM163,-5.53044e-06
ZKSCAN7-AS1,-5.530553e-06
ZFYVE28,-5.5313085e-06
PSMA1,-5.532771e-06
SNORD3C,-5.534348e-06
ZFYVE16,-5.53455e-06
MIR7-3HG,-5.535053e-06
MORC3,-5.535817e-06
D2HGDH,-5.5393284e-06
STAG2-AS1,-5.540138e-06
LPAR6,-5.542568e-06
SHOC2,-5.54352e-06
REPS2,-5.543569e-06
APOD,-5.545316e-06
ZNF518B,-5.5460946e-06
CDKL2,-5.546835e-06
TRAF7,-5.5473142e-06
CSMD2,-5.5507944e-06
POLR2C,-5.551564e-06
TPT1P6,-5.5526025e-06
CYRIB,-5.553239e-06
ROBO4,-5.5551945e-06
ANLN,-5.555533e-06
FAM216A,-5.557013e-06
CCNQ,-5.557194e-06
EXOC1-AS1,-5.55791e-06
ATAT1,-5.5579485e-06
FTLP17,-5.558818e-06
UNC13D,-5.5595406e-06
YWHAH,-5.5605424e-06
CD27-AS1,-5.561231e-06
CYP3A5,-5.561761e-06
RN7SL664P,-5.5626583e-06
CD48,-5.5636806e-06
CCNL2,-5.5641754e-06
WDR59,-5.5656274e-06
RAB35-AS1,-5.566968e-06
MPLKIP,-5.5684695e-06
WASH9P,-5.5689047e-06
FATE1,-5.5689493e-06
HSPA2,-5.570852e-06
RNFT1,-5.5720507e-06
SLAMF7,-5.572266e-06
N4BP2,-5.572725e-06
H2AJ,-5.5748537e-06
FPGS,-5.5753408e-06
MZF1-AS1,-5.5757396e-06
TMEM177,-5.5769488e-06
ZSCAN9,-5.577319e-06
SPTBN4,-5.578102e-06
ZNF586,-5.5783134e-06
PPP4R4,-5.578936e-06
HOOK2,-5.579864e-06
SESTD1,-5.579975e-06
COX7C,-5.5807177e-06
AMER2,-5.5812507e-06
KCNJ16,-5.582672e-06
TOMM40P4,-5.5829914e-06
RPH3A,-5.5830337e-06
GARIN1A,-5.583298e-06
CCDC3,-5.583452e-06
SH3GL3,-5.585356e-06
CCT6P1,-5.5863584e-06
PABIR2,-5.5879414e-06
PWWP3A,-5.5886344e-06
HCFC1R1,-5.590171e-06
HLA-DMA,-5.590297e-06
PLCXD1,-5.5908667e-06
LINC01871,-5.592577e-06
GSTO1,-5.592955e-06
LUC7L,-5.593386e-06
PODXL2,-5.593923e-06
CDKN2D,-5.5945757e-06
TRAPPC12-AS1,-5.5946016e-06
TIAM1-AS1,-5.5963765e-06
KLK14,-5.5967225e-06
SLC16A8,-5.5968094e-06
TNFSF13B,-5.5970327e-06
ELOBP2,-5.6019903e-06
MTATP8P1,-5.603253e-06
TMIGD2,-5.604049e-06
LINC02082,-5.604998e-06
NUBP2,-5.6053273e-06
MDFI,-5.6081135e-06
KRTAP5-1,-5.60997e-06
ISYNA1,-5.6117615e-06
CCDC74A,-5.611883e-06
TPT1P5,-5.612048e-06
MIR7158,-5.612688e-06
ARPC5L,-5.6136396e-06
JAML,-5.6143076e-06
SLC25A22,-5.614411e-06
MFAP3,-5.6157255e-06
ZCCHC12,-5.6173612e-06
PEX11B,-5.618167e-06
LILRB3,-5.6191766e-06
PYY2,-5.6191807e-06
TRIM41,-5.620187e-06
PRKAG2,-5.620504e-06
SLC25A6,-5.621989e-06
LDHD,-5.624065e-06
CASD1,-5.6269605e-06
GSDMB,-5.6283457e-06
ATP5MJ,-5.6298077e-06
RPL21P11,-5.6298204e-06
MAPK12,-5.6326116e-06
MAL,-5.633599e-06
TPD52L1,-5.634235e-06
MITD1,-5.634631e-06
SLC19A2,-5.63522e-06
BABAM1,-5.635748e-06
GOLGA8A,-5.63594e-06
MIGA2,-5.6364083e-06
SH2B1,-5.637871e-06
DPRXP4,-5.6382164e-06
DMTF1,-5.638246e-06
CENATAC-DT,-5.639267e-06
VN1R107P,-5.639567e-06
GALC,-5.6404033e-06
TTC31,-5.640701e-06
STARD8,-5.640918e-06
XRN1,-5.641662e-06
CARD10,-5.6427225e-06
SNORA47,-5.6446615e-06
GLRX5,-5.6449667e-06
ADK,-5.6453864e-06
GATD1-DT,-5.647098e-06
ZNF491,-5.6474273e-06
RALGPS1,-5.647775e-06
AADAT,-5.648034e-06
MEGF6,-5.6481094e-06
GPR82,-5.6485164e-06
ESAM,-5.648797e-06
PABPN1P1,-5.6500235e-06
RETN,-5.6504787e-06
MPST,-5.6515755e-06
ZNG1DP,-5.6516246e-06
FAM13B,-5.6529634e-06
ACAA2,-5.6534673e-06
DOK6,-5.653584e-06
DYNLT2B,-5.6537883e-06
PMAIP1,-5.654937e-06
DGAT2,-5.655799e-06
RN7SKP203,-5.6559543e-06
NUP42,-5.656607e-06
TMEM35A,-5.657141e-06
BCL11B,-5.65939e-06
LOC124900188,-5.6595954e-06
ATP2A1,-5.661757e-06
GSTM1,-5.6618237e-06
UBE2G2,-5.6623376e-06
CCNG2,-5.663687e-06
CYTL1,-5.664171e-06
RGMB,-5.6657886e-06
ITGAE,-5.666365e-06
CALCOCO1,-5.668664e-06
NKAIN3,-5.6731483e-06
DLL4,-5.673301e-06
LYZ,-5.6737063e-06
POLR1H,-5.6737795e-06
TUBE1,-5.676111e-06
TTLL7,-5.677495e-06
MTND6P4,-5.677648e-06
DCTPP1,-5.6782737e-06
NXPH2,-5.6809536e-06
CDKL5,-5.685122e-06
ELOVL7,-5.6855697e-06
CCDC92B,-5.6856666e-06
LRP2BP,-5.686602e-06
TMEM121,-5.687261e-06
BAALC-AS2,-5.6883378e-06
NEIL3,-5.688339e-06
HMGN1,-5.688385e-06
DUX4L50,-5.691502e-06
PAMR1,-5.69156e-06
PRIMPOL,-5.6919275e-06
DDX28,-5.6923263e-06
RASA1,-5.6937934e-06
TGFBR1,-5.694717e-06
CALN1,-5.695141e-06
WNT10B,-5.695185e-06
DDX39B,-5.695194e-06
TMEM160,-5.6974004e-06
SLC29A3,-5.6978465e-06
PPFIA2,-5.69798e-06
THEM4,-5.699314e-06
RPL36AP7,-5.701239e-06
ZGRF1,-5.7035704e-06
ABHD10,-5.7038164e-06
MGAT3,-5.7039547e-06
KHDC1,-5.70416e-06
SILC1,-5.704919e-06
SYN2,-5.7094517e-06
LOC642361,-5.710277e-06
RGL4P1,-5.7108805e-06
WNT3,-5.711437e-06
KIT,-5.7131824e-06
RPL31P10,-5.713424e-06
ASPA,-5.714239e-06
HMMR,-5.715688e-06
TEX30,-5.7162874e-06
SLCO1A2,-5.7176426e-06
ZNF726,-5.7181023e-06
ATP6V1E2,-5.7194984e-06
RN7SL396P,-5.722303e-06
MIR325HG,-5.7226916e-06
FGF14-AS2,-5.722789e-06
PHACTR3,-5.7232064e-06
RNU4-2,-5.7234743e-06
LINC03100,-5.7235557e-06
TFB2M,-5.724944e-06
SLCO2B1,-5.7254697e-06
IGKV3-20,-5.726621e-06
JAG2,-5.7273433e-06
GPRASP2,-5.7296816e-06
TASL,-5.7315624e-06
OGDHL,-5.731681e-06
C8orf76,-5.7322986e-06
LINC00900,-5.732742e-06
MIR6812,-5.7332627e-06
HOXA10,-5.735746e-06
CRYGS,-5.73632e-06
AGO4,-5.73632e-06
CNOT9,-5.736875e-06
GPR22,-5.736932e-06
HSPB8,-5.7378293e-06
POLE4,-5.738971e-06
AMZ2P1,-5.739981e-06
MOB4,-5.741437e-06
NMU,-5.7424672e-06
MED8-AS1,-5.7431243e-06
H2AC25,-5.745089e-06
ALS2CL,-5.7451753e-06
TCEA2,-5.745819e-06
HSDL1,-5.7503353e-06
GGT7,-5.750835e-06
RAI2,-5.752438e-06
PLCL1,-5.757626e-06
POLE,-5.758234e-06
CNTNAP5,-5.764087e-06
RBM5,-5.7649736e-06
MGAT4A,-5.765448e-06
RN7SL138P,-5.765871e-06
KLHDC8B,-5.767729e-06
UBE2E3,-5.768702e-06
C6orf136,-5.769121e-06
CNOT7,-5.769122e-06
NDRG4,-5.770359e-06
LZTS2,-5.7705065e-06
NPTN-IT1,-5.773217e-06
SOX10,-5.7735447e-06
EID2B,-5.77407e-06
LINC01311,-5.7743296e-06
HTR2A,-5.776754e-06
PDK4,-5.777066e-06
GPM6A,-5.7777606e-06
LOC124902479,-5.778908e-06
UBE2E2,-5.779075e-06
TUNAR,-5.7796e-06
SNAPC1,-5.7808334e-06
BRWD1,-5.78335e-06
ZMAT1,-5.7852862e-06
KLF11,-5.785694e-06
DUSP15,-5.7858783e-06
NUDT14,-5.7874236e-06
ABLIM2,-5.787854e-06
CD24,-5.790249e-06
PRSS51,-5.7905354e-06
MIR126,-5.790947e-06
AHI1,-5.7928223e-06
PAM16,-5.7931684e-06
CD27,-5.7947595e-06
TMSB4Y,-5.795474e-06
NSD3,-5.795829e-06
RPL36AP13,-5.796671e-06
SLCO4A1,-5.798603e-06
PARP6,-5.7988436e-06
UBBP4,-5.79904e-06
SCHIP1,-5.799576e-06
BEX4,-5.800364e-06
CABYR,-5.800877e-06
XRCC2,-5.800923e-06
PNMT,-5.8015758e-06
LAGE3,-5.8035507e-06
ATAD3C,-5.8039086e-06
SPG7,-5.8044466e-06
GGA1,-5.8045603e-06
RNPC3,-5.805886e-06
CD200,-5.8062474e-06
GLTPD2,-5.8073574e-06
TPD52,-5.8092714e-06
PRDM2,-5.809999e-06
PLCXD2,-5.811416e-06
DNAH1,-5.8118153e-06
ST3GAL6,-5.811899e-06
MIR641,-5.813156e-06
SELENOO,-5.813203e-06
CMC1,-5.8152673e-06
CD300A,-5.8179903e-06
TIMM17B,-5.819281e-06
NHLRC3,-5.8195446e-06
LINC02983,-5.82297e-06
SCAT2,-5.8281307e-06
LILRB1,-5.8282476e-06
CCNO,-5.829074e-06
TIE1,-5.8300307e-06
ADGRL1,-5.8322616e-06
FYB1,-5.833728e-06
HHEX,-5.833781e-06
CACNA2D3,-5.8340406e-06
RNF207,-5.8346595e-06
TMX1P1,-5.8371916e-06
CALY,-5.8375003e-06
RPS12P3,-5.8378814e-06
SPC25,-5.8382057e-06
LINC00680,-5.8388696e-06
TARBP1,-5.8388914e-06
MC1R,-5.838973e-06
RN7SL262P,-5.840026e-06
DDA1,-5.8411365e-06
EPB41L1,-5.841762e-06
H2BC8,-5.8420605e-06
RPS10P8,-5.8427936e-06
MAD2L1,-5.8430905e-06
GPR12,-5.8433234e-06
H3P14,-5.843399e-06
COX6C,-5.843892e-06
DRG2,-5.844902e-06
CIAO3,-5.8454725e-06
LIPA,-5.846067e-06
ARHGAP4,-5.8464043e-06
RPS20,-5.846874e-06
UBE2B,-5.8469336e-06
CPNE6,-5.847034e-06
LINC02731,-5.8474857e-06
STOML1,-5.8493456e-06
UNC79,-5.853793e-06
NCBP2AS2,-5.8539235e-06
ENPP2,-5.854385e-06
MIR320E,-5.8550827e-06
TAFA2,-5.8583073e-06
C2orf66,-5.8615196e-06
ZNF232-AS1,-5.8620208e-06
SUPT3H,-5.862087e-06
ID1,-5.8634378e-06
TRAPPC1,-5.864694e-06
SLC35D4,-5.8656988e-06
NSUN6,-5.866291e-06
ATP5IF1,-5.8666196e-06
LOC107986749,-5.8666615e-06
SLC38A1,-5.866925e-06
CNTNAP4,-5.8687365e-06
SNORD13,-5.8697324e-06
TMEM204,-5.8708506e-06
RNA5SP111,-5.872623e-06
ELAVL3,-5.8742107e-06
PAK6,-5.876609e-06
FTCDNL1,-5.877536e-06
NBPF8,-5.8776973e-06
U2AF1L4,-5.8795417e-06
MLLT6,-5.8811947e-06
NUDT11,-5.8819596e-06
MYMX,-5.8822584e-06
LBH,-5.885839e-06
KCNH4,-5.8858996e-06
ANKEF1,-5.8863566e-06
TRAPPC13,-5.88653e-06
PLD4,-5.8901132e-06
MIR6859-4,-5.891039e-06
SNRPGP15,-5.8915675e-06
TYMP,-5.8928763e-06
PARL,-5.894667e-06
SNX10,-5.894703e-06
GAD2,-5.8950773e-06
BCS1L,-5.8972737e-06
NAA80,-5.899999e-06
SUV39H2-DT,-5.9030267e-06
IGSF6,-5.9034837e-06
ZNF497-AS2,-5.906353e-06
CPM,-5.906397e-06
GPR65,-5.9070258e-06
SYT16,-5.9083286e-06
KCNJ9,-5.9104914e-06
PTGDR2,-5.9113645e-06
RBX1,-5.9129247e-06
MTND4P12,-5.9143363e-06
ITM2A,-5.9153454e-06
TUBAP14,-5.915603e-06
OR2B6,-5.9172166e-06
ARPC5,-5.9201425e-06
PDLIM7-AS1,-5.9202257e-06
TMEM150B,-5.924643e-06
MT-TC,-5.9247554e-06
UBBP2,-5.9249237e-06
ZNF718,-5.925404e-06
CYS1,-5.92556e-06
RUSC2,-5.9256417e-06
SMIM12,-5.926125e-06
LCN12,-5.9269596e-06
DEPTOR,-5.9287345e-06
KRT8P39,-5.930591e-06
CCNF,-5.930815e-06
SLC6A12,-5.930855e-06
PIF1,-5.931138e-06
LOC124902105,-5.9313156e-06
CACNG3,-5.9318236e-06
INO80C,-5.9335784e-06
B3GALT4,-5.9340614e-06
SLC25A36,-5.9355443e-06
HSPE1,-5.9377367e-06
NRG3,-5.9384856e-06
ETS2,-5.9393956e-06
EEF1D,-5.9396134e-06
MTHFR,-5.939843e-06
NDUFAF5,-5.9415333e-06
KCTD15,-5.9416907e-06
MTND5P11,-5.942499e-06
GTF2IP20,-5.9434647e-06
TACC2,-5.945573e-06
DLGAP1,-5.94572e-06
IL34,-5.9475146e-06
TEFM,-5.9483586e-06
RPL21P123,-5.9485246e-06
SNHG15,-5.949913e-06
LAG3,-5.9520858e-06
TMC6,-5.952496e-06
KANTR,-5.952524e-06
PLEKHH1,-5.9550657e-06
MPP2,-5.955078e-06
TMBIM4,-5.9553904e-06
PPM1H,-5.9555146e-06
CHCHD6,-5.956108e-06
LINC00685,-5.956415e-06
PPIAP4,-5.9565723e-06
VMAC,-5.959034e-06
BCYRN1,-5.9595263e-06
STARD4-AS1,-5.960022e-06
WBP1P2,-5.9602858e-06
RAP1GAP,-5.9629565e-06
MTCO1P40,-5.963705e-06
WASH2P,-5.9647314e-06
NPIPA5,-5.964891e-06
ZNF785,-5.9671347e-06
HLA-DQA1,-5.9684685e-06
ZNF552,-5.968851e-06
MIR1285-1,-5.9699764e-06
CPT1C,-5.9704053e-06
CCDC14,-5.9726754e-06
RBKS,-5.9727395e-06
C2CD5,-5.9753283e-06
MYO19,-5.975586e-06
PRMT7,-5.97708e-06
GPC6,-5.97731e-06
ZNF83,-5.9775966e-06
CERK,-5.978106e-06
MIOS-DT,-5.979117e-06
MRPS16,-5.980084e-06
NAGK,-5.984303e-06
HTATIP2,-5.98664e-06
COL26A1,-5.987073e-06
GPR34,-5.9874055e-06
ACTC1,-5.988055e-06
TRAPPC6A,-5.9882555e-06
PCED1B-AS1,-5.98886e-06
MYLIP,-5.989151e-06
PTMAP9,-5.9894383e-06
LINC03015,-5.9931294e-06
COQ8B,-5.9934523e-06
HLA-G,-5.9935337e-06
CSMD1,-5.99531e-06
WFIKKN1,-5.995543e-06
EBP,-5.99685e-06
CAMKK2,-5.997015e-06
TEDC2,-5.99734e-06
PAQR4,-5.9978292e-06
SNORA38B,-5.9989607e-06
ING5,-5.9990048e-06
CCNT2,-5.9993827e-06
PILRA,-6.0012853e-06
RNY4P10,-6.0019916e-06
SLC25A37,-6.002911e-06
ARL11,-6.0030106e-06
TMEM19,-6.003233e-06
MT-ND4L,-6.004782e-06
RNU6-312P,-6.005158e-06
PSD3,-6.0065013e-06
ITPR1,-6.0068037e-06
IL33,-6.008116e-06
SPATS2,-6.008328e-06
PGF,-6.0085727e-06
MRPS21,-6.008697e-06
LMO3,-6.0091406e-06
AUH,-6.009398e-06
SLC17A6,-6.009485e-06
BEX1,-6.009512e-06
ZNF764,-6.0134644e-06
PAK3,-6.013806e-06
SPON2-AS1,-6.0143325e-06
SMPD2,-6.015131e-06
FASTKD1,-6.0162965e-06
FUT9,-6.016576e-06
F12,-6.018238e-06
HLA-DQA2,-6.018584e-06
CCDC188,-6.0196708e-06
TTC13,-6.021957e-06
RPS6P25,-6.022693e-06
BCAS1,-6.022712e-06
ENTPD1,-6.024787e-06
FCRLB,-6.0255506e-06
PTMAP11,-6.0266625e-06
PNKP,-6.0273155e-06
TMEM151A,-6.0299203e-06
CUX2,-6.0367465e-06
PLPP4,-6.037163e-06
NMNAT2,-6.0373013e-06
SMCO4,-6.037984e-06
TRA2A,-6.0404664e-06
CPEB3,-6.0413226e-06
ZNF778-DT,-6.0418665e-06
ELOVL4,-6.0436196e-06
TMEM17,-6.0448738e-06
MZT1,-6.045167e-06
RPL21P28,-6.045673e-06
CEACAM19,-6.0465477e-06
ST3GAL5-AS1,-6.0466364e-06
NKAIN4,-6.048412e-06
RAB2B,-6.049579e-06
SCG5,-6.0496877e-06
TRPM2,-6.0500947e-06
LRRC4C,-6.051689e-06
ACKR3,-6.052017e-06
SLC38A5,-6.052069e-06
NINJ2,-6.0552475e-06
NECTIN3,-6.0562215e-06
KIF18A,-6.056727e-06
CXXC1,-6.0569323e-06
UNC5C-AS1,-6.0588636e-06
PTGES2,-6.0589186e-06
AGAP9,-6.060843e-06
ASB5,-6.061827e-06
AGAP13P,-6.0618613e-06
TMSB15A,-6.0625857e-06
MS4A6A,-6.066886e-06
LDB2,-6.0670914e-06
PTPN2,-6.067399e-06
SNHG4,-6.0693073e-06
ZKSCAN8P1,-6.071221e-06
VWCE,-6.0712273e-06
HBB,-6.0717684e-06
RPS15AP38,-6.0747716e-06
ATAD5,-6.0752304e-06
NTNG1,-6.077268e-06
COX16P1,-6.0782872e-06
RPL39P38,-6.078601e-06
C9orf50,-6.0791363e-06
FSTL5,-6.0818056e-06
ZNF300,-6.0819207e-06
NEAT1,-6.08263e-06
CA8,-6.082652e-06
HRH3,-6.084516e-06
ZNF790-AS1,-6.0845778e-06
SNORA3B,-6.0850994e-06
LNX1,-6.086313e-06
GEN1,-6.087457e-06
TRMT2A,-6.088788e-06
DCAF8,-6.0894454e-06
SRSF7,-6.092572e-06
GADD45G,-6.097335e-06
OMG,-6.097736e-06
NPM2,-6.0987136e-06
RGS7BP,-6.098914e-06
THNSL2,-6.100324e-06
TESPA1,-6.1013757e-06
GLI4,-6.1038986e-06
DYRK1B,-6.104925e-06
RPS27AP12,-6.106313e-06
ACTR10,-6.1088617e-06
SLC2A6,-6.1094584e-06
GOLGA8B,-6.110784e-06
MT-CO1,-6.1112423e-06
EPB41L3,-6.1116457e-06
LINC01857,-6.114163e-06
HEXD,-6.114223e-06
REXO1,-6.1190603e-06
MT-TP,-6.1219544e-06
CTSS,-6.122034e-06
ZFP3,-6.1223627e-06
LOC105373643,-6.1239934e-06
MTIF3,-6.1248375e-06
RNA5SP203,-6.125183e-06
STARD4,-6.1254786e-06
MIR142HG,-6.1265655e-06
ST6GAL1,-6.126929e-06
PRRT1,-6.12742e-06
SLC7A8,-6.128212e-06
KCNS1,-6.1307182e-06
INSIG1-DT,-6.13082e-06
AGBL5-IT1,-6.134144e-06
HSD17B7,-6.139962e-06
KIF5C,-6.1422447e-06
LINC01547,-6.142666e-06
RAMP2,-6.143398e-06
LOC100507250,-6.1434844e-06
MIR3609,-6.143518e-06
ATP5MK,-6.1440055e-06
FRG1BP,-6.1440437e-06
HAAO,-6.1465653e-06
ENPP4,-6.147588e-06
DOCK9-DT,-6.150611e-06
LOC105370906,-6.1511423e-06
POLD4,-6.152321e-06
GPRIN1,-6.153282e-06
RNU6ATAC,-6.155619e-06
AMY2B,-6.155747e-06
SS18L1,-6.1560904e-06
RAB33A,-6.1563774e-06
HSBP1L1,-6.15648e-06
RPAIN,-6.156737e-06
SNORA9B,-6.1569704e-06
EVI2A,-6.160175e-06
LOC124905134,-6.1607952e-06
MROH1,-6.161172e-06
EIF1AY,-6.1627525e-06
RNU7-40P,-6.1630462e-06
CIMAP1B,-6.1631686e-06
P2RX1,-6.1632873e-06
CELSR3,-6.1640108e-06
SEZ6,-6.164463e-06
CAPN10-DT,-6.1657147e-06
PRR36,-6.1668175e-06
RUNX3,-6.1683295e-06
HAGLR,-6.169372e-06
KCTD4,-6.169905e-06
KLHDC3,-6.1699675e-06
SAPCD1,-6.1712467e-06
TESC,-6.171431e-06
TMEM216,-6.1720934e-06
JTB-DT,-6.173064e-06
KDSR-DT,-6.174346e-06
SERPINF1,-6.1743476e-06
STX2,-6.1756773e-06
TBC1D30,-6.176007e-06
GOLGA2P10,-6.1768087e-06
NFATC2IP-AS1,-6.1792684e-06
MT-ND6,-6.179985e-06
SMAP2,-6.1816413e-06
ABCC9,-6.1824367e-06
COL9A1,-6.1835344e-06
NLRP1,-6.184201e-06
ANKS3,-6.190404e-06
INPP1,-6.191142e-06
ALDH1A1,-6.194392e-06
SIGIRR,-6.19603e-06
GARNL3,-6.1966807e-06
TMEM144,-6.197173e-06
SYCE1L,-6.1977335e-06
CYGB,-6.198466e-06
MAP7,-6.19903e-06
NUP58,-6.1995356e-06
TENM1,-6.2020013e-06
N4BP2L2,-6.204287e-06
HOXC10,-6.205975e-06
EDN1,-6.207785e-06
NDN,-6.210237e-06
ARID3A,-6.2103513e-06
PPP1R15B-AS1,-6.211446e-06
NTN4,-6.211602e-06
ACSL4,-6.211678e-06
SCN3A,-6.212134e-06
ZFYVE27,-6.2122945e-06
ZDHHC12-DT,-6.212722e-06
RNFT2,-6.2134004e-06
ZNF32,-6.2148497e-06
CYP27B1,-6.2159174e-06
CNNM3-DT,-6.220019e-06
H2AC11,-6.220067e-06
RAB40B,-6.2213962e-06
MYCT1,-6.22171e-06
TIAL1,-6.2225745e-06
RPS6,-6.2230324e-06
ZBTB48,-6.223855e-06
RPL12P42,-6.2251283e-06
EFNB3,-6.2268523e-06
SERTAD4-AS1,-6.228703e-06
ZNF606-AS1,-6.2287327e-06
ARHGEF1,-6.2296317e-06
ARHGEF25,-6.230463e-06
SNORA63D,-6.232507e-06
ZNF273,-6.233489e-06
SNHG3,-6.2358145e-06
ZNF500,-6.239036e-06
CD55,-6.2407307e-06
NIPAL2,-6.241074e-06
PTER,-6.2414697e-06
BUB3,-6.242122e-06
PAFAH1B3,-6.2468466e-06
MPDU1-AS1,-6.2477525e-06
MB21D2,-6.248643e-06
MIR762HG,-6.249715e-06
HSPE1P3,-6.2562935e-06
TNFRSF4,-6.258093e-06
SGSM1,-6.2590334e-06
REEP1,-6.259661e-06
GRK4,-6.260702e-06
TMEM125,-6.260735e-06
NOG,-6.261793e-06
MELTF-AS1,-6.2619333e-06
CHRNB2,-6.262422e-06
BMS1P23,-6.2627128e-06
NBAT1,-6.2629106e-06
USP46-DT,-6.264013e-06
MIR4653,-6.2642443e-06
NMRK1,-6.2690256e-06
CFAP44,-6.2693234e-06
GPD1,-6.270031e-06
PLXNC1,-6.270061e-06
BBC3,-6.2716563e-06
ZNF423,-6.2722193e-06
S100A1,-6.2747386e-06
TMEM161B-DT,-6.275415e-06
MPPED2,-6.2757135e-06
EMC6,-6.276809e-06
ARHGEF39,-6.281832e-06
KCTD8,-6.283179e-06
KRTCAP3,-6.28354e-06
KCNAB3,-6.2857353e-06
MIR659,-6.2857775e-06
LINC00899,-6.287437e-06
KCTD13-DT,-6.288566e-06
FNDC5,-6.2886347e-06
FKBP1B,-6.28895e-06
MIR1244-2,-6.2893882e-06
LINC03073,-6.2937675e-06
SRRT,-6.294022e-06
INSM1,-6.2953345e-06
VSTM2A,-6.2964314e-06
TTC14,-6.3005823e-06
SHANK2,-6.3007938e-06
TF,-6.3019447e-06
DMTN,-6.3025345e-06
CPNE9,-6.3027296e-06
ZNF248,-6.3032035e-06
LINC01560,-6.3041766e-06
LACTB2,-6.3043512e-06
OXER1,-6.3044945e-06
SEPTIN14P4,-6.3045504e-06
ARRB2,-6.3067223e-06
VSTM2B,-6.3077246e-06
ZNF815P,-6.308728e-06
SLIRP,-6.3115103e-06
GULP1,-6.312421e-06
NFYC-AS1,-6.3124708e-06
CMTR2,-6.313789e-06
IFT80,-6.3139123e-06
DNAJC12,-6.3145594e-06
GJC3,-6.3160865e-06
PLEKHA5,-6.3162133e-06
HSD11B1L,-6.31829e-06
PDCD4-AS1,-6.318598e-06
TBC1D3L,-6.3193015e-06
RASGEF1C,-6.319369e-06
HAPLN2,-6.320245e-06
TMTC4,-6.3204725e-06
GARS1-DT,-6.321952e-06
COX17,-6.3235857e-06
TOX-DT,-6.325013e-06
SLC22A17,-6.3264865e-06
TRAPPC13P1,-6.3264933e-06
HLA-K,-6.3270654e-06
MS4A7,-6.32787e-06
SLC39A13,-6.3282955e-06
GGA2,-6.3288744e-06
LINC01506,-6.3297207e-06
ZNF117,-6.331446e-06
UBE2O,-6.331562e-06
KHDRBS3,-6.3340303e-06
MAP3K9,-6.336138e-06
TMEM200C,-6.336192e-06
PRDM8,-6.3372167e-06
VGF,-6.3387524e-06
GPR45,-6.3392476e-06
FASTKD3,-6.339623e-06
UNC5D,-6.3403195e-06
KLHL32,-6.343462e-06
CRTC2,-6.3435386e-06
CAMTA1-DT,-6.343628e-06
POLB,-6.3442512e-06
C1orf115,-6.345019e-06
DNAJA4,-6.3453513e-06
GPNMB,-6.3458115e-06
RABL2A,-6.3464768e-06
ARV1,-6.3469224e-06
DMXL2,-6.3473954e-06
ST6GALNAC3,-6.3488797e-06
RIPK3,-6.3492466e-06
MYLK2,-6.352508e-06
LINC00467,-6.3527523e-06
TAC1,-6.354382e-06
RPL39P18,-6.3554826e-06
ZFTRAF1,-6.3568505e-06
ZNF76,-6.358225e-06
IGHM,-6.359414e-06
GABPB1-IT1,-6.3609737e-06
RRAGA,-6.3622892e-06
ALG1L12P,-6.3631715e-06
EPCAM-DT,-6.363332e-06
CALCRL,-6.364717e-06
MPZ,-6.3652556e-06
ADAMTS13,-6.3658886e-06
CHRDL1,-6.366221e-06
HID1,-6.367265e-06
UQCC2,-6.3683156e-06
PM20D1-AS1,-6.368521e-06
COLQ,-6.3705115e-06
PKMYT1,-6.3727457e-06
PELATON,-6.373678e-06
FRG1HP,-6.374632e-06
MIR1244-4,-6.374729e-06
SYNPR,-6.375815e-06
CRIP3,-6.376213e-06
TM9SF5P,-6.376548e-06
DLG2,-6.37814e-06
SRSF2,-6.3781927e-06
IZUMO4,-6.3792413e-06
RN7SKP16,-6.3794455e-06
NKG7,-6.381176e-06
MIR1915HG,-6.3816074e-06
ANKRD29,-6.3829925e-06
PARVG,-6.38435e-06
FXYD6,-6.387321e-06
PDE1A,-6.3875696e-06
CDK2AP2P2,-6.388103e-06
PRR22,-6.3918424e-06
ADCY8,-6.3919233e-06
TRBC2,-6.392138e-06
ATP8B1,-6.3937405e-06
CDC42EP3,-6.3939465e-06
MKNK1,-6.3941848e-06
PHYHIP,-6.394575e-06
SEPTIN7P2,-6.3951657e-06
RHOH,-6.3956795e-06
PRKCG,-6.3970115e-06
MPND,-6.3992034e-06
DGUOK,-6.4017922e-06
NIPSNAP3B,-6.401996e-06
RNVU1-30,-6.4034116e-06
SAMD11,-6.4071633e-06
TRMT10B,-6.4075753e-06
LINC01355,-6.4077503e-06
EBAG9,-6.412071e-06
HOOK3,-6.413196e-06
OGT,-6.4144365e-06
KCNJ5,-6.415505e-06
SHF,-6.4162377e-06
LINC00641,-6.4163064e-06
ORC6,-6.4166597e-06
CSRNP3,-6.4172173e-06
CYB5A,-6.4180754e-06
ERBIN-DT,-6.418714e-06
TOMM40L,-6.419001e-06
EXOSC2,-6.4192377e-06
LINC01063,-6.4192955e-06
TRPV1,-6.4205046e-06
TRERF1,-6.420836e-06
GGCTP1,-6.4216024e-06
MTX1,-6.4216647e-06
ATP5PDP4,-6.4245123e-06
RPL21P19,-6.4271044e-06
HSD17B1P1,-6.4304686e-06
SNORA77,-6.4335154e-06
MEG3,-6.4356595e-06
ABCB1,-6.4374353e-06
RARB,-6.4382625e-06
LYRM9,-6.438968e-06
BEGAIN,-6.440304e-06
LIME1,-6.4443666e-06
QRICH2,-6.4482615e-06
CALB2,-6.4504375e-06
KIF5A,-6.4516207e-06
MTND2P28,-6.4520755e-06
L3MBTL4-AS1,-6.452729e-06
CYP4F24P,-6.4535816e-06
ZBED11,-6.4542187e-06
RNVU1-2,-6.456212e-06
ZIC3,-6.458771e-06
LRRC61,-6.4592837e-06
PDCL3P4,-6.4609576e-06
DPH7,-6.4624323e-06
AKR1B1,-6.462839e-06
RNF170,-6.4631054e-06
MGRN1,-6.4635233e-06
PCED1A,-6.465104e-06
PRPSAP2,-6.4664323e-06
TTLL9,-6.469518e-06
MUS81,-6.4704655e-06
MAGED2,-6.4705478e-06
SGCE,-6.471053e-06
P3H2-AS1,-6.471212e-06
FBXL6,-6.4714786e-06
FTX,-6.4720757e-06
PSMA3-AS1,-6.4721976e-06
RUFY2,-6.4732126e-06
BICDL1,-6.4793967e-06
TPT1-AS1,-6.479709e-06
SLC8A3,-6.480999e-06
EXO5,-6.4824285e-06
ERMN,-6.4866754e-06
TBCC,-6.4870824e-06
GALNT13,-6.4880783e-06
SRSF5,-6.488344e-06
CYP4X1,-6.488377e-06
GDA,-6.4890287e-06
DPY19L2P2,-6.4899295e-06
NPIPB15,-6.491526e-06
SLC25A28,-6.4915835e-06
ZNF789,-6.4920337e-06
WSB1,-6.4946016e-06
SH3GL2,-6.497093e-06
SLC8A2,-6.4974843e-06
LENG8,-6.500983e-06
HLA-DRA,-6.5019794e-06
TMEM263-DT,-6.50494e-06
CKAP2-DT,-6.504967e-06
SELENOH,-6.5056547e-06
MRPL20-DT,-6.5077943e-06
GBA2,-6.508598e-06
HMGN1P1,-6.5096233e-06
DNM3,-6.5104937e-06
LINC02293,-6.5115128e-06
GGA3,-6.5124095e-06
RGS4,-6.5129143e-06
RPL31P63,-6.5147697e-06
BAHCC1,-6.516302e-06
PDZRN4,-6.519709e-06
IQSEC3,-6.520621e-06
STEAP2,-6.5206928e-06
H2AC12,-6.5218887e-06
FHIP2B,-6.524643e-06
IGFBP1,-6.5254076e-06
DNMT3B,-6.5267773e-06
RNU6-678P,-6.5288737e-06
PPP1R3E,-6.5292625e-06
DNAJB5,-6.53344e-06
CLASP2,-6.5343484e-06
H1-10,-6.534903e-06
PDE1B,-6.537545e-06
REX1BD,-6.540154e-06
TMEM8B,-6.5478234e-06
MT-ND1,-6.5486865e-06
GNG13,-6.549289e-06
LINC01116,-6.5496456e-06
GZMB,-6.5501586e-06
RABEP2,-6.5502622e-06
ASB16,-6.553276e-06
RPL21P95,-6.553464e-06
ZNF467,-6.5548397e-06
MPPED1,-6.5580066e-06
TUBB4A,-6.5581003e-06
MGAT5B,-6.5584272e-06
SLCO1C1,-6.559202e-06
ME1,-6.562526e-06
BRINP1,-6.5630643e-06
SV2B,-6.563524e-06
DZIP3,-6.5645845e-06
GRM2,-6.56467e-06
KRABD2,-6.565768e-06
CAMSAP3,-6.5657823e-06
FTH1P10,-6.5667796e-06
LDB1,-6.5678037e-06
MCOLN1,-6.570768e-06
MIPEPP3,-6.571274e-06
SLC35E3,-6.57235e-06
TBC1D4,-6.572724e-06
BOK,-6.572997e-06
OXR1,-6.573251e-06
ZNF737,-6.5749978e-06
NUAK1,-6.5759314e-06
RPL21P125,-6.5771133e-06
MAGEH1,-6.57803e-06
PRIM1,-6.5781787e-06
ABLIM3,-6.5811364e-06
MBD4,-6.581662e-06
KIFC2,-6.582236e-06
HIGD1AP14,-6.5826202e-06
PLEKHA6,-6.582628e-06
DHDH,-6.584673e-06
CWF19L1,-6.585663e-06
SOX8,-6.5868207e-06
GNG8,-6.5879735e-06
ZNF404,-6.590319e-06
NCF4,-6.5915547e-06
SLC26A6,-6.59294e-06
SLCO3A1,-6.593435e-06
GPS1,-6.593589e-06
TFPI,-6.5954096e-06
CCDC85B,-6.596328e-06
GRK2,-6.598912e-06
ADGRG3,-6.599484e-06
POLM,-6.6007015e-06
DNAJC19,-6.6028065e-06
LAMP5,-6.6035527e-06
RNU6-1028P,-6.6054795e-06
TM4SF1,-6.60714e-06
PCMTD1,-6.607743e-06
STK11IP,-6.609e-06
PABPN1,-6.6124626e-06
FBXO9,-6.61429e-06
B4GALNT1,-6.6152575e-06
KCNIP2,-6.616606e-06
EXD3,-6.6173666e-06
VIP,-6.6182843e-06
SLC11A1,-6.618684e-06
CKMT2,-6.6200296e-06
TJAP1,-6.6202624e-06
ILKAP,-6.6217785e-06
ZNF767P,-6.622971e-06
NEUROD1,-6.6237e-06
GABRB2,-6.624493e-06
RBP1,-6.625615e-06
CACNB2-AS1,-6.6280836e-06
SST,-6.6282455e-06
CA4,-6.628683e-06
STX3,-6.630524e-06
MIR5581,-6.63488e-06
MIR3677HG,-6.636392e-06
VDAC3,-6.636482e-06
PDE7B,-6.637866e-06
TCEAL6,-6.64058e-06
CRYAB,-6.640843e-06
TMEM44,-6.6416233e-06
PHTF2,-6.6464654e-06
IL3RA,-6.646583e-06
SIRT7,-6.6473053e-06
NPIPA1,-6.6486164e-06
GIT1,-6.6493653e-06
MRPL38,-6.650848e-06
H3C13,-6.6510174e-06
IP6K2,-6.6522466e-06
EPHA10,-6.6530465e-06
TMEM132B,-6.6535154e-06
HEATR3,-6.6555745e-06
LEPROTL1,-6.6573098e-06
CBLN2,-6.657964e-06
LEAP2,-6.6596604e-06
ANKRA2,-6.6607395e-06
ACAP1,-6.6616467e-06
NECAB1,-6.6618936e-06
LOC101927480,-6.661925e-06
MARCHF6-DT,-6.6635657e-06
DLL3,-6.663685e-06
CDK5R1,-6.6638286e-06
ADPRM,-6.6656944e-06
SYT4,-6.666037e-06
C17orf75,-6.6690072e-06
GTF2IP12,-6.6691005e-06
PARLP2,-6.671926e-06
ORMDL1,-6.6724047e-06
POLR2J3-UPK3BL2,-6.6743573e-06
IQSEC2,-6.674764e-06
SCN1A,-6.6758826e-06
CDK10,-6.677029e-06
LINC00174,-6.6772513e-06
EXOSC1,-6.682684e-06
E4F1,-6.6835246e-06
CADPS,-6.686298e-06
GABPB2,-6.689518e-06
DHX9-AS1,-6.6899784e-06
SNHG8,-6.690479e-06
MIR6739,-6.6911416e-06
NRXN1,-6.6916837e-06
LOC105372705,-6.6922416e-06
DGUOK-AS1,-6.693599e-06
MARCHF1,-6.6941934e-06
TUBB3,-6.695488e-06
RNF44,-6.696613e-06
MIR223HG,-6.7004266e-06
HMGN2P15,-6.700997e-06
SEPTIN4,-6.7023634e-06
TGFA,-6.7036735e-06
VMP1,-6.703744e-06
ZNF688,-6.704954e-06
LOC124902453,-6.7049928e-06
ZFAND2B,-6.705584e-06
KCNE3,-6.7076007e-06
PRPSAP1,-6.711378e-06
ACYP1,-6.7115557e-06
BTBD19,-6.7129363e-06
NDUFB1,-6.71315e-06
AMDHD2,-6.7136857e-06
CSGALNACT1,-6.714342e-06
MCRIP2,-6.716921e-06
CIRBP-AS1,-6.718514e-06
GNAI1,-6.7188225e-06
KIAA1755,-6.7192905e-06
TRABD,-6.7196984e-06
RNA5SP508,-6.720566e-06
RAB11B-AS1,-6.7209985e-06
TIA1,-6.72333e-06
RABAC1,-6.7235965e-06
MIR6512,-6.7245373e-06
MIR25,-6.7248666e-06
FAM171B,-6.7258657e-06
FGF14,-6.725896e-06
GAS2L3,-6.7262754e-06
PLPPR1,-6.728323e-06
TMEM196,-6.7286965e-06
ANKRD44,-6.729107e-06
NAA40,-6.729124e-06
ABCC8,-6.730626e-06
RTP5,-6.730945e-06
RNU4-62P,-6.7313626e-06
CLEC11A,-6.7317746e-06
FRS3,-6.7353017e-06
TNNI2,-6.7369137e-06
BRPF3-AS1,-6.7396973e-06
ARHGAP27,-6.7397327e-06
SDR39U1,-6.740923e-06
RGS3,-6.743042e-06
CACNA2D1,-6.743679e-06
ZGLP1,-6.7456667e-06
RNU6-882P,-6.746919e-06
LOC124901151,-6.747908e-06
LINC00237,-6.7481624e-06
BMP8A,-6.7492865e-06
HLA-DOA,-6.749422e-06
KLHDC2,-6.7500746e-06
LRRC4,-6.7522096e-06
SNORD99,-6.752608e-06
RNU4ATAC18P,-6.7536694e-06
LINC01176,-6.7546634e-06
RNVU1-28,-6.757142e-06
ABHD17A,-6.7601713e-06
GABRA5,-6.7616747e-06
PRKCZ,-6.763917e-06
CLK1,-6.7658875e-06
LINC02367,-6.7704095e-06
ARPP21,-6.7706515e-06
ZNF818P,-6.772047e-06
MIR589,-6.772161e-06
IMMP1L,-6.772459e-06
TUBBP2,-6.773183e-06
EPHX4,-6.7749643e-06
PCSK1N,-6.7788906e-06
TIMMDC1,-6.780177e-06
PPP1R37,-6.781353e-06
MIR4420,-6.7829374e-06
PRMT8,-6.783285e-06
YJEFN3,-6.7839383e-06
RBFOX1,-6.7861274e-06
SHISA3,-6.7877727e-06
GOT2,-6.789005e-06
GRM8,-6.789298e-06
ICA1,-6.791101e-06
LLPH-DT,-6.792382e-06
NETO2,-6.7945975e-06
MLLT11,-6.7946844e-06
VWC2L,-6.7955634e-06
BEST1,-6.795674e-06
CNKSR1,-6.7973688e-06
KCTD13,-6.7984856e-06
RIMS4,-6.7988594e-06
MT-RNR1,-6.7993046e-06
CEP44,-6.800298e-06
SLAIN1,-6.8023105e-06
KCNC3,-6.803499e-06
MAN1B1-DT,-6.8035106e-06
ZNF662,-6.8037193e-06
PNMA6A,-6.8044264e-06
PHACTR1,-6.8060704e-06
MIR3124,-6.808646e-06
SPEN-AS1,-6.811321e-06
VILL,-6.81134e-06
INE1,-6.812559e-06
CCDC159,-6.812982e-06
CENATAC,-6.814786e-06
CLSTN3,-6.8155055e-06
LINC01549,-6.8163417e-06
SETMAR,-6.8178774e-06
FAM110A,-6.8185504e-06
ACTA1,-6.819209e-06
ERVK3-1,-6.8195213e-06
GPIHBP1,-6.819855e-06
LINC02951,-6.8210948e-06
CPNE7,-6.8223944e-06
PARGP1,-6.823574e-06
PEG13,-6.823992e-06
UVSSA,-6.824032e-06
RPL21P118,-6.829573e-06
KLRG1,-6.831791e-06
MT-ND3,-6.832629e-06
RNU1-103P,-6.8339587e-06
LRRC36,-6.836943e-06
ASCL2,-6.8417385e-06
ADD2,-6.84429e-06
SCARNA7,-6.844705e-06
LINC02210,-6.851496e-06
USP35,-6.851746e-06
MTX2,-6.852449e-06
LOC124900887,-6.85478e-06
GALE,-6.854854e-06
TMEM86A,-6.857433e-06
EXTL3-AS1,-6.8577565e-06
MTCO1P2,-6.8579543e-06
MDH1,-6.8595045e-06
ZNF135,-6.860825e-06
MAPK10,-6.861628e-06
COMMD3,-6.861937e-06
ZMIZ2,-6.864263e-06
RN7SL144P,-6.8643085e-06
LYRM7,-6.8665727e-06
PPP1R14A,-6.868316e-06
LOC105376892,-6.87253e-06
UBE2QL1,-6.875368e-06
LINC02593,-6.876618e-06
CEP135,-6.8767777e-06
C8orf44,-6.8770837e-06
PRPS1P2,-6.8785203e-06
NOVA1-DT,-6.8827817e-06
STIM2-AS1,-6.8854138e-06
NSF,-6.8860713e-06
ATE1OSP,-6.886282e-06
DMAC1,-6.8882696e-06
WASH7P,-6.888645e-06
MT-TF,-6.8891686e-06
ARGLU1,-6.8898794e-06
RIPOR1,-6.8922946e-06
LETMD1,-6.896349e-06
CAMTA2,-6.896421e-06
TRPC4,-6.896522e-06
CCT6P3,-6.897385e-06
C3orf62,-6.8975783e-06
UQCRFS1-DT,-6.8993986e-06
PRSS3,-6.9055827e-06
ME3,-6.910584e-06
LINC03223,-6.910934e-06
CRHBP,-6.9138923e-06
STMN1,-6.920522e-06
PDE3B,-6.923068e-06
EMC9,-6.9336043e-06
MZF1,-6.935127e-06
MSRB2,-6.935685e-06
NAV3,-6.9362227e-06
LOC102723663,-6.9388607e-06
IL13RA2,-6.939066e-06
TARS1-DT,-6.9404136e-06
HMGB3P22,-6.9404578e-06
SNORD1B,-6.9434273e-06
RNU6-415P,-6.9434695e-06
CYP2R1,-6.9449184e-06
HM13-IT1,-6.9451157e-06
TTC39C,-6.9453768e-06
ENTREP2,-6.9454686e-06
CHRM1,-6.95019e-06
NCOA7,-6.951404e-06
ANKZF1,-6.9520847e-06
CES4A,-6.9557605e-06
SLC35E2A,-6.955783e-06
LOC124900564,-6.95632e-06
GALNT9,-6.9568105e-06
ACP5,-6.9583516e-06
NPPA,-6.9604994e-06
NAA10,-6.960606e-06
CARNS1,-6.962889e-06
KCNJ2,-6.963366e-06
COX7CP2,-6.9639996e-06
MIR3164,-6.9646176e-06
FAHD2CP,-6.968739e-06
LOC124907582,-6.9703015e-06
RNF122,-6.9707958e-06
RPL24P6,-6.9736993e-06
TREML1,-6.974275e-06
MIR4477B,-6.974514e-06
ENTPD6,-6.9766256e-06
RTN4IP1,-6.9768703e-06
DAZAP1,-6.977831e-06
GTF2IP14,-6.978004e-06
RNA5SP217,-6.97829e-06
FAM149A,-6.9788944e-06
NRSN1,-6.979604e-06
KDM2B,-6.98072e-06
NRXN2-AS1,-6.981267e-06
SMPD3,-6.981447e-06
NOSTRIN,-6.9816147e-06
EXOC3-AS1,-6.9828707e-06
FXYD6-AS1,-6.987201e-06
RNY1,-6.9888238e-06
IBA57-DT,-6.9894218e-06
AKR1C3,-6.990775e-06
HNRNPA1P16,-6.9924326e-06
ACADVL,-6.998434e-06
GRK3,-6.9992348e-06
ZNF251,-7.001636e-06
PIK3C2B,-7.0018814e-06
TAMALIN,-7.005303e-06
PCP4,-7.005818e-06
WDSUB1,-7.0059473e-06
ANKLE1,-7.007804e-06
CYP2D6,-7.0085075e-06
CD40,-7.009662e-06
MTND4LP30,-7.009873e-06
CAMK2N2,-7.0104443e-06
NBEAL2,-7.0126807e-06
KIF3A,-7.0165765e-06
PLCB1,-7.01817e-06
ATOH8,-7.0187025e-06
MED18,-7.018861e-06
ZNF454,-7.019386e-06
RUSF1-DT,-7.020336e-06
TAGLN3,-7.020459e-06
MOBP,-7.0205365e-06
EEF1DP4,-7.021053e-06
SUMO2P17,-7.021274e-06
STAC3,-7.024431e-06
B4GALT6,-7.02545e-06
SYNDIG1,-7.028067e-06
GUSBP1,-7.030085e-06
ACCS,-7.031564e-06
MIR4292,-7.032095e-06
LYG1,-7.032409e-06
TAF1C,-7.034392e-06
TMEM233,-7.034994e-06
RBMS2,-7.03681e-06
FAAH,-7.0387778e-06
ELMOD3,-7.041613e-06
ZDBF2,-7.0419433e-06
SMG1P7,-7.042152e-06
HRK,-7.046387e-06
MTMR4,-7.0482697e-06
PLA2G7,-7.0490137e-06
CDK5RAP1,-7.0493265e-06
ZNRF1,-7.0512087e-06
ZNF329,-7.052595e-06
LOC105377203,-7.0528968e-06
PDIA2,-7.056658e-06
CARMIL3,-7.0603473e-06
C2CD2L,-7.0606175e-06
RSKR,-7.062499e-06
WRAP53,-7.0634887e-06
FOXRED1,-7.064923e-06
COX18,-7.065342e-06
PPP1R13B,-7.066079e-06
RASL11A,-7.069789e-06
ISLR2,-7.070689e-06
ARHGEF7,-7.071663e-06
HOXD4,-7.072933e-06
TSPAN15,-7.0735637e-06
ATL1,-7.0737065e-06
ARHGAP44,-7.0768465e-06
PTOV1,-7.077903e-06
TNFAIP8,-7.078688e-06
NAT9,-7.0799765e-06
LINC00526,-7.0813844e-06
RPP25,-7.082623e-06
ACVR2A,-7.0841756e-06
THOC1,-7.084532e-06
NOL12,-7.0854344e-06
CNPY2,-7.087021e-06
CD34,-7.088175e-06
ZSCAN31,-7.0883657e-06
GMIP,-7.089186e-06
LENG8-AS1,-7.0895035e-06
NOL4,-7.0899523e-06
LINC00342,-7.0928977e-06
MAT2A,-7.094529e-06
RIC3,-7.094664e-06
SPATA25,-7.0954866e-06
PPP3CA-DT,-7.095618e-06
RPL31P34,-7.096085e-06
NODAL,-7.100184e-06
TRUB1,-7.1063005e-06
CCL4L2,-7.1085415e-06
FENDRR,-7.1116397e-06
SORCS3,-7.118204e-06
IPO5P1,-7.119574e-06
ACOT7,-7.1202558e-06
ADAMTS7,-7.123167e-06
PCDH12,-7.1261443e-06
RPL7P42,-7.1264258e-06
RHEBL1,-7.127763e-06
PCBP4,-7.129435e-06
RPL10P12,-7.1294794e-06
PFDN1P1,-7.132328e-06
H2BC17,-7.1337126e-06
TRAPPC14,-7.135532e-06
GNRH1,-7.135955e-06
RASA4DP,-7.136171e-06
MT-ATP8,-7.1367413e-06
TBP,-7.138837e-06
ZNF781,-7.1392733e-06
SATB1,-7.144637e-06
FGD3,-7.148937e-06
PLXNB3-AS1,-7.1553354e-06
ADRA2A,-7.1582067e-06
THUMPD3-AS1,-7.1604995e-06
CDPF1P1,-7.162313e-06
SHISA7,-7.165226e-06
JPT1,-7.1657887e-06
ZFY,-7.1669815e-06
CHCHD1,-7.174244e-06
STARD13,-7.1765376e-06
CALM3,-7.177444e-06
PDP1,-7.179018e-06
MSTO2P,-7.181545e-06
RPL23AP64,-7.18194e-06
RAMP2-AS1,-7.183531e-06
LZTS3,-7.1845952e-06
PVALB,-7.1886902e-06
NACAD,-7.188903e-06
TRAPPC2,-7.1896493e-06
SRRM3,-7.1903173e-06
MIR590,-7.1916074e-06
GTPBP6,-7.192643e-06
RBFOX2,-7.193117e-06
SLC16A14,-7.1935074e-06
PAN3-AS1,-7.1995164e-06
APAF1,-7.2005078e-06
RASGRP3,-7.203539e-06
SNAP91,-7.204204e-06
CCDC18-AS1,-7.2052894e-06
LGI3,-7.2126586e-06
TONSL-AS1,-7.214548e-06
SCOC,-7.215603e-06
CNEP1R1,-7.217848e-06
FRG1KP,-7.218535e-06
RCBTB2,-7.221126e-06
PRL,-7.2235584e-06
TOR2A,-7.223728e-06
RNU5E-10P,-7.224109e-06
H2AZ2,-7.2254975e-06
LINC02712,-7.2258417e-06
CITED4,-7.2316466e-06
C2orf80,-7.234956e-06
PSTPIP1,-7.235127e-06
DIPK2B,-7.2386847e-06
SNORA12,-7.2402845e-06
HERC2P2,-7.240574e-06
EME2,-7.2405855e-06
AGAP4,-7.2407315e-06
BEX5,-7.242941e-06
ASPSCR1,-7.2430075e-06
ACRV1,-7.244803e-06
SNORA11F,-7.2469215e-06
ASMTL-AS1,-7.248408e-06
LINGO3,-7.248712e-06
BDH1,-7.2489293e-06
LINC02604,-7.2508656e-06
DENND4B,-7.2509256e-06
LY6G5B,-7.2516136e-06
CNDP1,-7.2529033e-06
GLYCTK,-7.253586e-06
CMC2,-7.2542666e-06
IRAG2,-7.2545317e-06
MAP2K5-DT,-7.255753e-06
PCLO,-7.2560006e-06
MIRLET7I,-7.25852e-06
LINC01480,-7.2590815e-06
HOTAIRM1,-7.2602506e-06
SERPINI1,-7.2602747e-06
FRRS1L,-7.2610933e-06
UROS,-7.262974e-06
MED28,-7.263807e-06
NADSYN1,-7.26771e-06
EID3,-7.2732005e-06
PITPNA-AS1,-7.275089e-06
NABP1,-7.275531e-06
CTC1,-7.275694e-06
RIIAD1,-7.2796565e-06
LINC00265,-7.282514e-06
SGIP1,-7.2871303e-06
MTURN,-7.287575e-06
MAN2A1-DT,-7.289459e-06
PODN,-7.2949324e-06
DTX4,-7.298108e-06
RPH3AL-AS1,-7.2986973e-06
ASIC4,-7.3011956e-06
NRXN3,-7.3023352e-06
NUP50-DT,-7.3032256e-06
DCX,-7.3035812e-06
LIMD2,-7.3037904e-06
NLGN4Y,-7.3093e-06
GNB1-DT,-7.3107803e-06
TENM3,-7.3108645e-06
CYCSP10,-7.312141e-06
TXLNGY,-7.312538e-06
CHTF18,-7.3141155e-06
PNMA8B,-7.314197e-06
ERC2,-7.316977e-06
ASB16-AS1,-7.3177225e-06
CPLX2,-7.318989e-06
UBB,-7.3195033e-06
MIR4482,-7.3202855e-06
AFMID,-7.3208016e-06
PDE7A,-7.3219717e-06
RPL23P2,-7.322266e-06
C1QL1,-7.3244923e-06
NOXA1,-7.3245496e-06
C16orf86,-7.3247556e-06
NRBP2,-7.3257725e-06
AMH,-7.3263036e-06
PIK3R6,-7.3269325e-06
MAP2K4,-7.3271367e-06
PEG10,-7.329701e-06
SDHDP6,-7.3298875e-06
SEC61A2,-7.3308543e-06
SNORA14B,-7.3322203e-06
ZNF692,-7.3350443e-06
QPCT,-7.339794e-06
CD52,-7.3406704e-06
NKD2,-7.3452097e-06
RN7SKP9,-7.346878e-06
B3GALNT1,-7.3470896e-06
GPCPD1,-7.348258e-06
NDUFA11,-7.3485485e-06
CMTM5,-7.352676e-06
NIPBL-DT,-7.3529827e-06
LOC115308161,-7.355633e-06
LDLRAD4-AS3,-7.3556494e-06
IQCK-AS1,-7.36118e-06
LPGAT1,-7.361797e-06
RNA5SP383,-7.36335e-06
ADAMTSL4-AS2,-7.365859e-06
LINC00957,-7.367054e-06
MT-ND4,-7.3674114e-06
PPM1E,-7.3712176e-06
LOC124900180,-7.372363e-06
PMS2P3,-7.3733227e-06
MMP25,-7.3776164e-06
XK,-7.378861e-06
MPHOSPH6,-7.3804686e-06
C2orf68,-7.3854762e-06
PANK2-AS1,-7.3857364e-06
SNORD117,-7.3866604e-06
LIG4,-7.389262e-06
TMEM147-AS1,-7.3898077e-06
PTGR3,-7.390065e-06
PPP2R3B,-7.390179e-06
STAG3,-7.3903825e-06
ACOT8,-7.395933e-06
CACNA1B,-7.3967103e-06
GZMM,-7.3972337e-06
RNU6-610P,-7.3978067e-06
MTCO2P12,-7.4041855e-06
RPS6KL1,-7.405027e-06
TP53I11,-7.4055265e-06
CAMKK1,-7.410456e-06
KLF3-AS1,-7.4114328e-06
TSNARE1,-7.412012e-06
PALM,-7.4129093e-06
NPTX2,-7.4141644e-06
POLH-AS1,-7.41601e-06
MILR1,-7.417367e-06
TMEM271,-7.418788e-06
C2orf92,-7.422555e-06
KCNQ3,-7.4266404e-06
ADAM28,-7.4267728e-06
MIR1249,-7.4271056e-06
ZNF213-AS1,-7.4287755e-06
WBP1,-7.4331247e-06
L3MBTL4,-7.433546e-06
ACVRL1,-7.436198e-06
UNC119,-7.4368904e-06
INA,-7.437854e-06
UTY,-7.4382087e-06
GABRB1,-7.439472e-06
KCNK2,-7.44063e-06
TMC4,-7.440671e-06
SPINK8,-7.4407367e-06
SCARF1,-7.442853e-06
FAM193B,-7.44359e-06
TNFSF9,-7.444373e-06
TCEAL7,-7.444954e-06
FBXO27,-7.4467043e-06
MIR186,-7.450512e-06
SRD5A3,-7.451194e-06
STOX2,-7.451342e-06
CDC37L1-DT,-7.452733e-06
CD46,-7.4550067e-06
HSD17B7P2,-7.455565e-06
CKMT1B,-7.4570926e-06
HFM1,-7.4603763e-06
CACNB2,-7.462415e-06
RN7SKP71,-7.4626732e-06
FAM218A,-7.4631184e-06
RNU4-39P,-7.4651985e-06
CHGB,-7.465288e-06
SLC25A5P3,-7.46744e-06
STK25,-7.4720797e-06
GLUD1P3,-7.473581e-06
PTPRN2,-7.47411e-06
HECW1,-7.4748505e-06
GJB1,-7.4785316e-06
GLT1D1,-7.479527e-06
PLP1,-7.4812137e-06
ARL15,-7.4826808e-06
VAT1L,-7.485972e-06
SEPTIN7P14,-7.4872446e-06
TM4SF18,-7.488819e-06
ARFGEF3,-7.4907716e-06
SLITRK2,-7.4932905e-06
PRCD,-7.4942395e-06
PTOV1-AS2,-7.5020266e-06
PIP5K1B,-7.5037888e-06
HIGD1B,-7.505209e-06
PRPH,-7.508933e-06
HOXC9,-7.5099983e-06
PKIA,-7.510728e-06
PIP4P1,-7.5111943e-06
PPEF1,-7.511661e-06
SNORD73B,-7.513404e-06
SNORD89,-7.514019e-06
RTN4R,-7.515666e-06
ARMH1,-7.5197e-06
ZNF25,-7.5222756e-06
SMIM10L2A,-7.5253274e-06
PCDH7,-7.525532e-06
SEPTIN7P13,-7.5255466e-06
PPP3R1,-7.52572e-06
MAPK8,-7.5260336e-06
DRP2,-7.529535e-06
TAF12-DT,-7.5315616e-06
RIMKLBP2,-7.5332164e-06
CCNL1,-7.535679e-06
KCNC1,-7.5362864e-06
NEK3,-7.538447e-06
RNU4ATAC,-7.5405055e-06
DPY19L2,-7.542367e-06
MIR5587,-7.5427383e-06
MIR3936HG,-7.547213e-06
MTCO2P2,-7.549194e-06
MIR3662,-7.5604958e-06
MAMDC4,-7.5637936e-06
CYTH1,-7.564218e-06
ZDHHC13,-7.5669045e-06
CYB5R4,-7.5689454e-06
TSEN54,-7.5706585e-06
ARK2C,-7.5725247e-06
SPINT2,-7.5731245e-06
CD163L1,-7.5732214e-06
MTCO2P22,-7.573303e-06
PLK2,-7.5759613e-06
KCND2,-7.5772973e-06
MIR93,-7.5794037e-06
KLK6,-7.5816038e-06
CACNA1H,-7.583706e-06
ZNF670,-7.5854146e-06
DACT3,-7.5860585e-06
KLHL17,-7.5874814e-06
QDPR,-7.587866e-06
TSPAN18,-7.5946346e-06
MFNG,-7.594872e-06
SCN3B,-7.5956286e-06
RAPGEF5,-7.5959265e-06
NUDT10,-7.5999315e-06
TRNP1,-7.6039646e-06
NALF2,-7.6044535e-06
MAG,-7.6057577e-06
SDHAP3,-7.6064603e-06
PGGHG,-7.6082674e-06
PHF7,-7.6084775e-06
AGPAT4,-7.608876e-06
RTN1,-7.6091924e-06
IGLON5,-7.6096067e-06
HOXC6,-7.6098004e-06
NSUN5P1,-7.610297e-06
MBP,-7.611004e-06
PCOLCE2,-7.6127394e-06
GOT1,-7.6130686e-06
SYT1,-7.6167457e-06
GABRA2,-7.6213923e-06
AGER,-7.6215033e-06
FMC1,-7.6236743e-06
RUNDC3B,-7.6236893e-06
LDOC1,-7.624276e-06
TMEM273,-7.6246497e-06
NMT2,-7.6249444e-06
LINC00886,-7.625831e-06
PNCK,-7.6267756e-06
MT-CO2,-7.6282495e-06
SNORA23,-7.632915e-06
LOC101926964,-7.635346e-06
LOC124904039,-7.640405e-06
SNORA11,-7.641854e-06
ODF2L,-7.648389e-06
MAMSTR,-7.6497945e-06
GRIA2,-7.650601e-06
ANTKMT,-7.6516535e-06
PFDN5,-7.652454e-06
RN7SL417P,-7.65516e-06
LXN,-7.656912e-06
CCDC184,-7.660286e-06
MMP24,-7.6660635e-06
HGFAC,-7.666799e-06
N4BP2L1,-7.667194e-06
SLC6A17,-7.668377e-06
CTXN1,-7.668517e-06
MAP10,-7.67054e-06
MMP28,-7.674671e-06
RAPGEF3,-7.679002e-06
SYT3,-7.684185e-06
PDPR2P,-7.684738e-06
HENMT1,-7.694609e-06
SLC25A25-AS1,-7.698178e-06
UBALD1,-7.699196e-06
CAPN10,-7.699811e-06
ZSWIM8,-7.69999e-06
LTB4R,-7.701557e-06
CORO2A,-7.707069e-06
ZNF731P,-7.707206e-06
MAST3,-7.707549e-06
NDFIP2,-7.707755e-06
VSNL1,-7.713531e-06
PBX4,-7.715757e-06
TPBGL,-7.723283e-06
VHL,-7.723631e-06
AMN1,-7.723862e-06
SEMA6B,-7.724562e-06
RPS4Y1,-7.728354e-06
TNFRSF13C,-7.728479e-06
NAP1L2,-7.730458e-06
LOC124900460,-7.73283e-06
CABP1,-7.734171e-06
PTPDC1,-7.735588e-06
NPY,-7.738249e-06
RNU7-140P,-7.7385475e-06
PLCB4,-7.7387685e-06
FRAT1,-7.741223e-06
TRABD-AS1,-7.741727e-06
GIPC3,-7.744472e-06
DNASE1L2,-7.7460045e-06
HNRNPD-DT,-7.753816e-06
KDM5D,-7.756581e-06
TMEM91,-7.7569875e-06
DDX25,-7.758715e-06
ENOSF1,-7.761941e-06
DOK4,-7.764182e-06
SLC22A15,-7.766023e-06
RUFY3,-7.766381e-06
MATCAP1,-7.772427e-06
ENTPD4,-7.775585e-06
VCPKMT,-7.77562e-06
AP2A2,-7.77594e-06
CAHM,-7.776776e-06
H4C4,-7.776915e-06
MOG,-7.778085e-06
GRB14,-7.778165e-06
BEX2,-7.778538e-06
CSAD,-7.778785e-06
ICAM2,-7.779791e-06
NGB,-7.781311e-06
SNORD101,-7.781893e-06
PCHILR,-7.782508e-06
KATNB1,-7.783205e-06
LOC105374971,-7.785522e-06
RAB3C,-7.786828e-06
TCEAL5,-7.791605e-06
MSC,-7.793245e-06
GRIN1,-7.793851e-06
WFDC2,-7.796021e-06
SRCIN1,-7.800067e-06
TRBV26OR9-2,-7.800502e-06
NCAM2,-7.802208e-06
SNCG,-7.802491e-06
MIR124-2HG,-7.804391e-06
RPL36AP43,-7.804418e-06
SCAMP5,-7.805157e-06
MRPS25,-7.80543e-06
MT-RNR2,-7.806403e-06
ANGEL1,-7.810951e-06
BASP1,-7.812763e-06
MSS51,-7.8128405e-06
DDX5,-7.814249e-06
EP400P1,-7.815444e-06
PIGCP1,-7.818327e-06
SNORD46,-7.818977e-06
OSGEP,-7.821052e-06
AK5,-7.821188e-06
CD300LF,-7.821414e-06
ATG4B,-7.825109e-06
FBXL16,-7.827398e-06
FAXC,-7.836087e-06
TTLL3,-7.839504e-06
SLC46A3,-7.844312e-06
LURAP1L,-7.845515e-06
FAM162B,-7.847006e-06
LINC01772,-7.85592e-06
NALF1,-7.856753e-06
PPFIA4,-7.858253e-06
C21orf58,-7.858298e-06
GDPD3,-7.860011e-06
GALT,-7.861123e-06
FAM174B,-7.861208e-06
DBNL,-7.862131e-06
SELENOO-AS1,-7.867352e-06
GTF3C2-AS2,-7.868055e-06
MFSD14CP,-7.872581e-06
SNORA33,-7.878238e-06
BTBD8,-7.8787125e-06
TRIQK,-7.880205e-06
ELMO1,-7.887382e-06
RNU7-45P,-7.887786e-06
APBB3,-7.888815e-06
FALEC,-7.900298e-06
USP9Y,-7.90074e-06
MT-ND2,-7.900854e-06
CRIM1-DT,-7.901732e-06
SMTN,-7.901736e-06
ATRNL1,-7.90403e-06
JPH3,-7.904067e-06
MTCO1P12,-7.909674e-06
SYT13,-7.911533e-06
TNFSF18,-7.913723e-06
INTS6L,-7.914119e-06
RAB9B,-7.917628e-06
NEIL1,-7.919541e-06
STX1B,-7.920023e-06
MTND1P23,-7.922425e-06
RUSC1-AS1,-7.922784e-06
TSPYL2,-7.923872e-06
SYNGR1,-7.924833e-06
H4C3,-7.925181e-06
DLGAP3,-7.927353e-06
STK32A,-7.927494e-06
SMPD4BP,-7.931698e-06
ELK1,-7.935751e-06
C11orf87,-7.938764e-06
CASKIN1,-7.938776e-06
MAP3K12,-7.945435e-06
GRID1,-7.946593e-06
UGT8,-7.947467e-06
SNCA,-7.947932e-06
LRRTM1,-7.951717e-06
RIMBP2,-7.958117e-06
SCNN1D,-7.958194e-06
RNF182,-7.9596375e-06
FBRSL1,-7.960684e-06
CCDC57,-7.960721e-06
MAP1LC3A,-7.960745e-06
STXBP6,-7.964904e-06
TBC1D24,-7.965337e-06
CDH22,-7.97025e-06
LINC02978,-7.970405e-06
TEX14BP,-7.971691e-06
MED7,-7.977466e-06
TMEM44-AS1,-7.978198e-06
ADAMTS10,-7.978674e-06
TNNT1,-7.980246e-06
NISCH,-7.981032e-06
KCNK1,-7.990493e-06
GNB3,-7.99091e-06
SDHAP1,-7.992841e-06
SENP5,-7.993306e-06
SLC25A27,-7.995035e-06
SEMA4A,-7.995604e-06
FBLL1,-7.997472e-06
SNORA79B,-8.001903e-06
RPL32P3,-8.004854e-06
RIT2,-8.007251e-06
STAMBPL1,-8.010498e-06
SNX32,-8.011821e-06
MRAP2,-8.0153895e-06
DBN1,-8.02202e-06
MAP3K9-DT,-8.0257505e-06
LOC100131465,-8.026199e-06
SLC19A3,-8.026315e-06
TDRP,-8.027113e-06
NEFM,-8.03096e-06
JPH4,-8.03361e-06
NKX6-2,-8.035367e-06
SNHG33,-8.037045e-06
HACD1,-8.038417e-06
ARRB1,-8.0445325e-06
NSG1,-8.054171e-06
EDIL3,-8.055203e-06
MTATP6P1,-8.059975e-06
FAM171A2,-8.063509e-06
WRAP73,-8.06453e-06
SPIRE2,-8.067554e-06
CENPT,-8.070753e-06
TRIM7-AS2,-8.071789e-06
TBKBP1,-8.07207e-06
NRGN,-8.0726795e-06
RASD2,-8.073981e-06
MATK,-8.084674e-06
TRIM17,-8.085268e-06
MIR324,-8.09073e-06
RN7SL268P,-8.0908585e-06
IFT20,-8.093004e-06
LINC00106,-8.097926e-06
EIF4A1,-8.098567e-06
FLYWCH1,-8.100813e-06
GAD1,-8.103742e-06
TRPC1,-8.107123e-06
BAIAP2L2,-8.111135e-06
MIR6859-1,-8.1115595e-06
PPM1L-DT,-8.111992e-06
ST6GALNAC5,-8.112777e-06
MAP7D2,-8.114268e-06
ATP2B1-AS1,-8.118664e-06
PDE2A,-8.121039e-06
PIGZ,-8.124572e-06
ASPHD1,-8.129088e-06
TBC1D9,-8.133376e-06
SLC26A1,-8.137633e-06
MIR8055,-8.137661e-06
TTC9B,-8.138843e-06
DLK2,-8.141109e-06
CHD5,-8.146545e-06
MCPH1-DT,-8.150039e-06
CAMK2G-AS1,-8.154726e-06
CDKN1C,-8.156798e-06
PLPPR4,-8.159914e-06
TAS2R15P,-8.161945e-06
PHYKPL,-8.164002e-06
TDRKH-AS1,-8.164427e-06
SDHAP4,-8.164562e-06
PNMA3,-8.166532e-06
RNU6-2,-8.167113e-06
CEROX1,-8.169077e-06
PGP,-8.171617e-06
DLGAP1-AS1,-8.17184e-06
IFT122P2,-8.179148e-06
C1orf159,-8.184838e-06
H3C12,-8.186181e-06
HPRT1,-8.186861e-06
PPP1R3F,-8.195455e-06
MXD4,-8.197623e-06
LINC00235,-8.199458e-06
ASGR1,-8.202719e-06
ADCY4,-8.203959e-06
NEFL,-8.207518e-06
EXOSC6,-8.213546e-06
CLDN7,-8.213582e-06
LINC03052,-8.214218e-06
RRP7BP,-8.21507e-06
PARTICL,-8.215129e-06
TMEM63C,-8.2161805e-06
LINC01750,-8.216936e-06
MIR3186,-8.217454e-06
TUSC1,-8.218724e-06
CFAP58-DT,-8.22317e-06
TMEM178A,-8.22615e-06
SLC4A10,-8.2307815e-06
VPS9D1,-8.2329625e-06
UCHL1,-8.234378e-06
RNA5SP283,-8.236142e-06
ZDHHC8BP,-8.2462375e-06
MTMR6,-8.248829e-06
CGREF1,-8.249248e-06
MAP4K2,-8.249793e-06
ECI1-AS1,-8.250202e-06
GPR162,-8.251596e-06
GPRASP1,-8.254911e-06
ASXL3,-8.2577035e-06
SNORD100,-8.25834e-06
OLFM1,-8.26028e-06
LOC102723305,-8.261689e-06
SVIP,-8.267485e-06
CHD3,-8.271755e-06
PPP1R9A,-8.274132e-06
MT-ATP6,-8.27646e-06
PPOX,-8.277687e-06
ADCK5,-8.2782035e-06
SRSF6,-8.2794295e-06
LHX6,-8.284019e-06
MT-CO3,-8.287338e-06
NUDT13,-8.287823e-06
C1orf174,-8.290342e-06
RASIP1,-8.290344e-06
LINC02928,-8.291427e-06
ZNF204P,-8.293415e-06
TBC1D10C,-8.294877e-06
ACKR1,-8.297913e-06
LOC124900372,-8.305366e-06
CHGA,-8.306435e-06
RAB30-DT,-8.307568e-06
PEAR1,-8.315817e-06
DGKQ,-8.317137e-06
NALT1,-8.318338e-06
ZNF276,-8.321786e-06
RRN3P1,-8.332477e-06
LINGO1,-8.33436e-06
CCDC142,-8.340975e-06
RNF175,-8.344046e-06
ELMO3,-8.348353e-06
PACSIN1,-8.353313e-06
SHANK3,-8.353621e-06
MTCO1P53,-8.354907e-06
PIGL,-8.355034e-06
KRTCAP2,-8.360735e-06
SPOCK3,-8.3622535e-06
SENCR,-8.364808e-06
TAFAZZIN,-8.37304e-06
SMIM17,-8.373451e-06
SUZ12P1,-8.373868e-06
PAK1,-8.376828e-06
CSAG1,-8.378228e-06
VSTM2L,-8.385014e-06
MIR6746,-8.385717e-06
STXBP5,-8.387615e-06
MAPRE3,-8.3880295e-06
WSCD2,-8.392389e-06
RAB27B,-8.3958885e-06
THOC6,-8.396126e-06
GUCY1B1,-8.396447e-06
CKMT1A,-8.397488e-06
SYP,-8.398063e-06
SLC68A1,-8.399926e-06
CORO7,-8.399937e-06
NDUFB8,-8.402767e-06
CYP7B1,-8.403223e-06
HHATL,-8.406081e-06
NUDT18,-8.412607e-06
ZIC4,-8.415046e-06
RN7SKP80,-8.41862e-06
SNCB,-8.42077e-06
GABBR1,-8.425248e-06
YPEL2,-8.43627e-06
PGAP4,-8.438453e-06
SMIM10L2B,-8.445267e-06
LASP1NB,-8.447511e-06
MUC12-AS1,-8.448985e-06
FABP3,-8.449986e-06
RNU7-57P,-8.451951e-06
RNU6-722P,-8.452262e-06
GALNT17,-8.452761e-06
GFOD3P,-8.462423e-06
TMCO6,-8.4653675e-06
TMEM255B,-8.466396e-06
RN7SKP275,-8.475441e-06
MT-CYB,-8.475981e-06
MIR124-1HG,-8.479975e-06
SUSD4,-8.480338e-06
CNRIP1,-8.4908925e-06
SNORA7B,-8.498381e-06
RN7SL648P,-8.50309e-06
CADM3,-8.506534e-06
LINC03072,-8.5072725e-06
MICAL1,-8.511453e-06
MIR4754,-8.51213e-06
TSPOAP1,-8.513574e-06
MMP17,-8.528906e-06
GLA,-8.530559e-06
TRO,-8.533732e-06
SCARNA6,-8.534976e-06
ADGRB3-DT,-8.541192e-06
STMN4,-8.547803e-06
CROCCP2,-8.548472e-06
YPEL3,-8.557366e-06
PRKAR2B,-8.557734e-06
ZC2HC1A,-8.561602e-06
DPEP2,-8.562349e-06
GDAP1,-8.5679685e-06
H1-10-AS1,-8.56809e-06
MIR3176,-8.573429e-06
SLC17A7,-8.581889e-06
FGL1-AS1,-8.5859365e-06
TMEM121B,-8.5882175e-06
PIANP,-8.5924685e-06
CDK5R2,-8.603657e-06
PPP3CB,-8.603973e-06
PRRT3,-8.604545e-06
FAM163B,-8.61179e-06
MRPL45P2,-8.614146e-06
CDYL2,-8.615348e-06
SERP2,-8.616615e-06
CELF4,-8.616726e-06
MTMR7,-8.619509e-06
PLEKHM1P1,-8.623072e-06
MLXIPL,-8.626552e-06
LINC00173,-8.634142e-06
PLPP7,-8.642059e-06
IFT27,-8.64855e-06
CEND1,-8.649292e-06
SEMA6C,-8.65521e-06
SLC2A11,-8.656658e-06
FOXF1,-8.658882e-06
NARF,-8.660281e-06
ASH1L-AS1,-8.66211e-06
ANKRD13D,-8.673245e-06
RNU2-11P,-8.68156e-06
WDR45,-8.68458e-06
DUS1L,-8.6952505e-06
STMN2,-8.697671e-06
RASAL2,-8.705907e-06
MIR7111,-8.708765e-06
GNG3,-8.709858e-06
ZNRD2-DT,-8.720252e-06
LINC01786,-8.726602e-06
THSD7A,-8.731373e-06
LY6H,-8.731432e-06
MIR647,-8.732572e-06
DUSP26,-8.736117e-06
LOC101927863,-8.750728e-06
CROCCP3,-8.754439e-06
PPP2R2C,-8.759988e-06
SLC25A34,-8.763652e-06
SLC9A3-AS1,-8.765286e-06
ATP1A3,-8.7676635e-06
BRICD5,-8.771127e-06
TMEM88,-8.772967e-06
KCNC2,-8.773539e-06
CAMKV,-8.774771e-06
LINC02391,-8.778235e-06
LINC01102,-8.782741e-06
MIR3685,-8.782901e-06
PCSK1,-8.788385e-06
NPIPP1,-8.789794e-06
MTMR9LP,-8.793704e-06
ST3GAL1-DT,-8.796245e-06
ATP6V1G2,-8.797289e-06
FHIT,-8.805972e-06
CMTM2,-8.817045e-06
SYNGR3,-8.818227e-06
LGI2,-8.819114e-06
PARD6G,-8.830662e-06
ZFAND1,-8.832073e-06
ACAP3,-8.835592e-06
LINC01089,-8.839065e-06
MMD,-8.8406205e-06
L1CAM,-8.846658e-06
KCNK10,-8.849575e-06
MINDY1,-8.858337e-06
MRNIP,-8.862668e-06
TLCD3B,-8.863444e-06
HPCAL4,-8.86633e-06
DDX12B,-8.869355e-06
HLA-L,-8.874277e-06
RAPGEF4,-8.878962e-06
SNORA49,-8.884689e-06
HCN2,-8.892894e-06
PIDD1,-8.893389e-06
LPAR2,-8.897293e-06
MAP3K3,-8.903484e-06
SLC9A5,-8.906011e-06
RSPO2,-8.906897e-06
WDR90,-8.913897e-06
HS3ST2,-8.91603e-06
YPEL4,-8.918825e-06
SNAP25,-8.920445e-06
FBXL19-AS1,-8.921422e-06
NSG2,-8.941183e-06
KCNN1,-8.946613e-06
PYDC1,-8.946988e-06
EEIG2,-8.951175e-06
CCDC154,-8.951697e-06
ELAVL4,-8.958858e-06
MAPK8IP2,-8.961432e-06
CCNY-AS1,-8.967359e-06
RBP4,-8.973219e-06
TEPSIN,-8.974555e-06
EGFL7,-8.979067e-06
GPR85,-8.980647e-06
GPR68,-8.986193e-06
HSF4,-8.9922e-06
SYT2-AS1,-8.996515e-06
TNFRSF25,-8.9967425e-06
MPP3,-9.009235e-06
JUP,-9.0105095e-06
ROGDI,-9.015216e-06
RN7SL151P,-9.017851e-06
GFOD1,-9.028349e-06
SH2D3C,-9.032546e-06
MIR6757,-9.045e-06
PTPRN,-9.045265e-06
MTATP8P2,-9.051221e-06
RHOT2,-9.054234e-06
IGSF21,-9.0593885e-06
DNASE1,-9.06074e-06
MYO15B,-9.074129e-06
SNORA73B,-9.077089e-06
AKAP5,-9.087437e-06
PARP8,-9.093445e-06
ZBTB46,-9.095651e-06
ZFP69,-9.111948e-06
SNORD62B,-9.115033e-06
MAST1,-9.115232e-06
SEZ6L2,-9.124707e-06
ENTREP3,-9.125227e-06
FXYD7,-9.133403e-06
RUNDC3A,-9.141623e-06
ADCYAP1,-9.144983e-06
UNC13A,-9.158874e-06
DDX3Y,-9.170274e-06
SFXN2,-9.173807e-06
RNF166,-9.18076e-06
KCNAB2,-9.181765e-06
CAMK4,-9.185863e-06
BSN,-9.187339e-06
RN7SL381P,-9.1947e-06
LOC124904613,-9.201487e-06
RPL31P2,-9.202134e-06
BRSK1,-9.204601e-06
RGS11,-9.213965e-06
PTPRO,-9.219746e-06
RTN4RL2,-9.223641e-06
CNST,-9.228098e-06
LOC124906892,-9.229555e-06
LINC00667,-9.240102e-06
MCF2L2P1,-9.240868e-06
CCK,-9.242221e-06
SRARP,-9.243781e-06
PICK1,-9.243905e-06
EVL,-9.249636e-06
UBAC2-AS1,-9.250617e-06
LIN7B,-9.268814e-06
DFFB,-9.269969e-06
ADAM11,-9.277667e-06
PTPRR,-9.280059e-06
MIR503HG,-9.284122e-06
LMBR1L,-9.291495e-06
SEC31B,-9.29486e-06
EIF4HP2,-9.296859e-06
TRIM3,-9.302695e-06
SNORD14A,-9.303021e-06
DUSP8P5,-9.308846e-06
EPCAM,-9.309398e-06
KANK3,-9.317895e-06
SNORD15B,-9.322287e-06
SNORA63C,-9.328722e-06
GDAP1L1,-9.330967e-06
VWA5B2,-9.371131e-06
IQCJ-SCHIP1,-9.379895e-06
SEMA4F,-9.385867e-06
GRM3,-9.386272e-06
AGAP2,-9.386826e-06
PLEKHG5,-9.38927e-06
LINC00294,-9.411815e-06
RAB26,-9.417258e-06
SVOP,-9.419774e-06
SLC35F3,-9.421061e-06
PRKAG2-AS1,-9.428851e-06
FGF9,-9.429146e-06
GSK3B-DT,-9.442982e-06
ATG16L2,-9.446727e-06
RN7SL481P,-9.451173e-06
PRRT2,-9.456146e-06
GLS,-9.470573e-06
MAP3K10,-9.483582e-06
PCP4L1,-9.489159e-06
WDR86,-9.499797e-06
ADAP1,-9.503114e-06
EEF1A2,-9.508822e-06
ATAD3B,-9.519129e-06
CLUHP3,-9.530766e-06
ZNF124,-9.531657e-06
AP3B2,-9.532355e-06
SNORA74B,-9.537271e-06
ULK1,-9.540493e-06
DBF4B,-9.5436735e-06
PGBD5,-9.545597e-06
SNORA2A,-9.546538e-06
PHF24,-9.546766e-06
HOXD-AS2,-9.551606e-06
CAPN15,-9.558962e-06
PLPP5,-9.560315e-06
HAR1A,-9.5696405e-06
SNORA5C,-9.579798e-06
SLC12A5,-9.589382e-06
MAP1LC3B2,-9.592609e-06
SYN1,-9.597821e-06
NRIP3,-9.630748e-06
SCARNA21,-9.631288e-06
HPCA,-9.631513e-06
SYT5,-9.636038e-06
SNORA13,-9.645284e-06
HAGHL,-9.668511e-06
SCN8A,-9.6771955e-06
LINC01563,-9.689757e-06
SLC30A3,-9.698494e-06
FBXO41,-9.705989e-06
SHANK1,-9.729155e-06
MICU3,-9.741061e-06
ERVK13-1,-9.758453e-06
FCMR,-9.763533e-06
VSIG2,-9.786603e-06
EPHB6,-9.787927e-06
MIS18A-AS1,-9.794414e-06
PCBP3,-9.799836e-06
TSPAN13,-9.801122e-06
NAPB,-9.806317e-06
CAMK2A,-9.809023e-06
SULT4A1,-9.809403e-06
RTN2,-9.826468e-06
VAMP1,-9.848503e-06
SCN1B,-9.86917e-06
CLEC2L,-9.943731e-06
AMPH,-9.980696e-06
TMEM151B,-9.9826075e-06
FBXL15,-9.993313e-06
RSPO4,-1.00041625e-05
MTCO3P12,-1.0008652e-05
SH3GLB2,-1.0015206e-05
MCF2L,-1.0031359e-05
DNM1,-1.0040922e-05
ACTL6B,-1.0044307e-05
RPL39P40,-1.0045799e-05
RAB3A,-1.0050836e-05
SNORA20,-1.0062676e-05
RNU6-353P,-1.0083389e-05
RPRML,-1.0085896e-05
MAPK8IP3,-1.0088233e-05
LPCAT4,-1.00953575e-05
LINC00654,-1.0095516e-05
STK32C,-1.0114986e-05
CORO6,-1.0125383e-05
CACNA1G,-1.0139308e-05
ATP1B3-AS1,-1.0148947e-05
AP1G2,-1.0161517e-05
RAPGEFL1,-1.0165594e-05
PPFIA3,-1.0223956e-05
ATP8A1,-1.0244362e-05
DLG3,-1.024999e-05
C1QTNF4,-1.0284056e-05
TMEM130,-1.0339132e-05
DUSP8,-1.0354273e-05
CELF3,-1.0365723e-05
NEFH,-1.0369037e-05
PKDCC,-1.039748e-05
CPLX1,-1.0415671e-05
UNC5A,-1.0418034e-05
SCRT1,-1.0438543e-05
NEURL1,-1.0488007e-05
PCGF3,-1.0488824e-05
STAG3L2,-1.0547413e-05
FCHO2-DT,-1.0579379e-05
PSD,-1.0608366e-05
HCN3,-1.0660404e-05
C2CD4C,-1.06626685e-05
NYNRIN,-1.0701515e-05
RNVU1-7,-1.0710458e-05
GABRD,-1.0787401e-05
SNORA53,-1.0831328e-05
SMIM43,-1.0865752e-05
ABTB1,-1.08679005e-05
ARHGDIG,-1.088855e-05
ATXN7L3,-1.0951143e-05
CACNB1,-1.1015608e-05
KCNH3,-1.112954e-05
GBA1LP,-1.1145117e-05
DOC2A,-1.115843e-05
ANKRD34A,-1.118496e-05
ICAM5,-1.1190609e-05
TRIM46,-1.1266237e-05
ASPDH,-1.12814305e-05
CACNA1A,-1.1426536e-05
ABCC5,-1.1450822e-05
CCDC78,-1.1719838e-05
RN7SKP255,-1.1731761e-05
RELL2,-1.17348345e-05
GTPBP2,-1.1831096e-05
SCN2A,-1.2355728e-05
RGS7,-1.2650716e-05
DLG4,-1.3048876e-05
STX1A,-1.4092931e-05
